po_number,po_date,po_source,vendor_name,po_zoho_id,db_po_total,zoho_po_total,shipping_amount,tax_amount,handling_amount,total_charges,bill_count,bill_id,bill_number,bill_status,bill_subtotal,bill_adjustment,bill_adjustment_desc,bill_total,total_diff,classification,notes
06-15048-88070,2026-08-17,UNKNOWN,67eringobragh,5623409000003347363,470.00,470.00,0.00,0.00,0.00,0.00,1,5623409000003349027,06-15048-88070,open,470.00,45.00,Shipping Fee + Tax + Handling Fee,515.00,45.00,OVERBILLED_CUSTOM_ADJ,"Bill total exceeds PO total by 45.00 (bill adjustment=45.00, charges=0.00)"
27-15009-35043,2026-08-16,UNKNOWN,howdah55,5623409000003348031,28.80,28.80,0.00,0.00,0.00,0.00,1,5623409000003335993,27-15009-35043,overdue,28.80,19.85,Shipping Fee + Tax + Handling Fee,48.65,19.85,OVERBILLED_CUSTOM_ADJ,"Bill total exceeds PO total by 19.85 (bill adjustment=19.85, charges=0.00)"
16-15028-59608,2026-08-16,UNKNOWN,gwnw165.2025,5623409000003338862,36.98,36.98,0.00,0.00,0.00,0.00,1,5623409000003338872,16-15028-59608,overdue,36.98,16.99,Shipping Fee + Tax + Handling Fee,53.97,16.99,OVERBILLED_CUSTOM_ADJ,"Bill total exceeds PO total by 16.99 (bill adjustment=16.99, charges=0.00)"
19-15023-30962,2026-08-16,UNKNOWN,whyhoardstuff95,5623409000003338855,19.74,19.74,0.00,0.00,0.00,0.00,1,5623409000003347346,19-15023-30962,overdue,19.74,10.00,Shipping Fee + Tax + Handling Fee,29.74,10.00,OVERBILLED_CUSTOM_ADJ,"Bill total exceeds PO total by 10.00 (bill adjustment=10.00, charges=0.00)"
20-15021-44672,2026-08-16,UNKNOWN,thrifttolife,5623409000003338848,20.98,20.98,0.00,0.00,0.00,0.00,1,5623409000003335973,20-15021-44672,overdue,20.98,6.99,Shipping Fee + Tax + Handling Fee,27.97,6.99,OVERBILLED_CUSTOM_ADJ,"Bill total exceeds PO total by 6.99 (bill adjustment=6.99, charges=0.00)"
24-15029-26681,2026-08-16,UNKNOWN,secondhanddreams1419,5623409000003338841,41.68,41.68,0.00,0.00,0.00,0.00,1,5623409000003347326,24-15029-26681,overdue,41.68,9.69,Shipping Fee + Tax + Handling Fee,51.37,9.69,OVERBILLED_CUSTOM_ADJ,"Bill total exceeds PO total by 9.69 (bill adjustment=9.69, charges=0.00)"
24-15029-28758,2026-08-16,UNKNOWN,damir309,5623409000003335956,38.06,38.06,0.00,0.00,0.00,0.00,1,5623409000003344720,24-15029-28758,overdue,38.06,8.07,Shipping Fee + Tax + Handling Fee,46.13,8.07,OVERBILLED_CUSTOM_ADJ,"Bill total exceeds PO total by 8.07 (bill adjustment=8.07, charges=0.00)"
22-15013-04585,2026-08-15,UNKNOWN,resell_me,5623409000003335760,97.71,97.71,0.00,0.00,0.00,0.00,1,5623409000003347078,22-15013-04585,overdue,97.71,12.72,Shipping Fee + Tax + Handling Fee,110.43,12.72,OVERBILLED_CUSTOM_ADJ,"Bill total exceeds PO total by 12.72 (bill adjustment=12.72, charges=0.00)"
12-15031-38639,2026-08-15,UNKNOWN,vintage_fantastique,5623409000003347068,159.20,159.20,0.00,0.00,0.00,0.00,1,5623409000003343866,12-15031-38639,overdue,159.20,24.20,Shipping Fee + Tax + Handling Fee,183.40,24.20,OVERBILLED_CUSTOM_ADJ,"Bill total exceeds PO total by 24.20 (bill adjustment=24.20, charges=0.00)"
17-15022-44480,2026-08-15,UNKNOWN,never_forever,5623409000003343856,106.97,106.97,0.00,0.00,0.00,0.00,1,5623409000003338638,17-15022-44480,overdue,106.97,36.97,Shipping Fee + Tax + Handling Fee,143.94,36.97,OVERBILLED_CUSTOM_ADJ,"Bill total exceeds PO total by 36.97 (bill adjustment=36.97, charges=0.00)"
09-15036-65988,2026-08-15,UNKNOWN,ctrsg49902010,5623409000003335753,136.78,136.78,0.00,0.00,0.00,0.00,1,5623409000003344433,09-15036-65988,overdue,136.78,28.78,Shipping Fee + Tax + Handling Fee,165.56,28.78,OVERBILLED_CUSTOM_ADJ,"Bill total exceeds PO total by 28.78 (bill adjustment=28.78, charges=0.00)"
LCPU - A VU - 08.14.2026,2026-08-15,UNKNOWN,LCPU - A VU,5623409000003344375,0.00,0.00,0.00,0.00,0.00,0.00,0,,,UNBILLED,0.00,0.00,,0.00,0.00,UNBILLED,PO has no linked bills in Zoho
24-15022-98344,2026-08-15,UNKNOWN,maracina7,5623409000003344347,87.67,87.67,0.00,0.00,0.00,0.00,1,5623409000003344357,24-15022-98344,overdue,87.67,24.68,Shipping Fee + Tax + Handling Fee,112.35,24.68,OVERBILLED_CUSTOM_ADJ,"Bill total exceeds PO total by 24.68 (bill adjustment=24.68, charges=0.00)"
09-15032-90928,2026-08-14,UNKNOWN,ddennard30_gmail,5623409000003338559,442.50,442.50,0.00,0.00,0.00,0.00,1,5623409000003344324,09-15032-90928,overdue,442.50,47.50,Shipping Fee + Tax + Handling Fee,490.00,47.50,OVERBILLED_CUSTOM_ADJ,"Bill total exceeds PO total by 47.50 (bill adjustment=47.50, charges=0.00)"
09-15032-94397,2026-08-14,UNKNOWN,scottrowsalsa,5623409000003337807,74.97,74.97,0.00,0.00,0.00,0.00,1,5623409000003343796,09-15032-94397,overdue,74.97,20.98,Shipping Fee + Tax + Handling Fee,95.95,20.98,OVERBILLED_CUSTOM_ADJ,"Bill total exceeds PO total by 20.98 (bill adjustment=20.98, charges=0.00)"
17-15019-42609,2026-08-14,UNKNOWN,greensale99,5623409000003344286,947.76,947.76,0.00,0.00,0.00,0.00,1,5623409000003344296,17-15019-42609,overdue,947.76,38.88,Shipping Fee + Tax + Handling Fee,986.64,38.88,OVERBILLED_CUSTOM_ADJ,"Bill total exceeds PO total by 38.88 (bill adjustment=38.88, charges=0.00)"
08-15027-20064,2026-08-12,UNKNOWN,punkpo,5623409000003339178,160.99,160.99,0.00,0.00,0.00,0.00,1,5623409000003339188,08-15027-20064,overdue,160.99,25.00,Shipping Fee + Tax + Handling Fee,185.99,25.00,OVERBILLED_CUSTOM_ADJ,"Bill total exceeds PO total by 25.00 (bill adjustment=25.00, charges=0.00)"
19-14972-20680,2026-08-04,UNKNOWN,greensale99,5623409000003328238,375.00,375.00,0.00,0.00,0.00,0.00,1,5623409000003330122,19-14972-20680,overdue,375.00,9.88,Shipping Fee + Tax + Handling Fee,384.88,9.88,OVERBILLED_CUSTOM_ADJ,"Bill total exceeds PO total by 9.88 (bill adjustment=9.88, charges=0.00)"
07-15020-91071,2026-08-10,UNKNOWN,pawn1_08,5623409000003305427,141.00,141.00,0.00,0.00,0.00,0.00,1,5623409000003297438,07-15020-91071,overdue,141.00,20.00,Shipping Fee + Tax + Handling Fee,161.00,20.00,OVERBILLED_CUSTOM_ADJ,"Bill total exceeds PO total by 20.00 (bill adjustment=20.00, charges=0.00)"
64498124,2026-08-07,UNKNOWN,Goodwill,5623409000003287183,185.76,185.76,0.00,0.00,0.00,0.00,1,5623409000003287193,64498124,overdue,185.76,22.53,Shipping Fee + Tax + Handling Fee,208.29,22.53,OVERBILLED_CUSTOM_ADJ,"Bill total exceeds PO total by 22.53 (bill adjustment=22.53, charges=0.00)"
64498089,2026-08-07,UNKNOWN,Goodwill,5623409000003290229,25.00,25.00,0.00,0.00,0.00,0.00,1,5623409000003290239,64498089,overdue,25.00,15.01,Shipping Fee + Tax + Handling Fee,40.01,15.01,OVERBILLED_CUSTOM_ADJ,"Bill total exceeds PO total by 15.01 (bill adjustment=15.01, charges=0.00)"
08-15013-05486,2026-08-09,UNKNOWN,dlogan4344313,5623409000003290180,371.00,371.00,0.00,0.00,0.00,0.00,1,5623409000003285135,08-15013-05486,overdue,371.00,46.00,Shipping Fee + Tax + Handling Fee,417.00,46.00,OVERBILLED_CUSTOM_ADJ,"Bill total exceeds PO total by 46.00 (bill adjustment=46.00, charges=0.00)"
22-14976-13600,2026-08-06,UNKNOWN,rschmidt3765,5623409000003257687,40.13,40.13,0.00,0.00,0.00,0.00,0,,,UNBILLED,0.00,0.00,,0.00,0.00,UNBILLED,PO has no linked bills in Zoho
22-14972-39024,2026-08-05,UNKNOWN,johsend0,5623409000003257486,43.57,43.57,0.00,0.00,0.00,0.00,0,,,UNBILLED,0.00,0.00,,0.00,0.00,UNBILLED,PO has no linked bills in Zoho
20-14944-50609,2026-07-29,UNKNOWN,thinkpan,5623409000003197481,33.99,33.99,0.00,0.00,0.00,0.00,0,,,UNBILLED,0.00,0.00,,0.00,0.00,UNBILLED,PO has no linked bills in Zoho
B004553295,2026-07-27,UNKNOWN,Bose Corporation,5623409000003175315,1199.57,1199.57,0.00,0.00,0.00,0.00,0,,,UNBILLED,0.00,0.00,,0.00,0.00,UNBILLED,PO has no linked bills in Zoho
64064423,2026-07-20,UNKNOWN,Goodwill,5623409000003123192,124.33,124.33,0.00,0.00,0.00,0.00,0,,,UNBILLED,0.00,0.00,,0.00,0.00,UNBILLED,PO has no linked bills in Zoho
114-2747188-4855438,2026-07-17,UNKNOWN,BOJACK ELECTRON,5623409000003114087,5.89,5.89,0.00,0.00,0.00,0.00,0,,,UNBILLED,0.00,0.00,,0.00,0.00,UNBILLED,PO has no linked bills in Zoho
304614802501021606,2026-06-09,UNKNOWN,Alibaba,5623409000003092192,361.50,361.50,0.00,0.00,0.00,0.00,0,,,UNBILLED,0.00,0.00,,0.00,0.00,UNBILLED,PO has no linked bills in Zoho
08-14860-81236,2026-07-05,UNKNOWN,trietslab,5623409000002972446,98.99,98.99,0.00,0.00,0.00,0.00,0,,,UNBILLED,0.00,0.00,,0.00,0.00,UNBILLED,PO has no linked bills in Zoho
14-14855-25412,2026-07-06,UNKNOWN,bigfranktrading,5623409000002970516,45.58,45.58,0.00,0.00,0.00,0.00,0,,,UNBILLED,0.00,0.00,,0.00,0.00,UNBILLED,PO has no linked bills in Zoho
19-14835-02680,2026-07-03,UNKNOWN,brade-3994,5623409000002950869,230.95,230.95,0.00,0.00,0.00,0.00,0,,,UNBILLED,0.00,0.00,,0.00,0.00,UNBILLED,PO has no linked bills in Zoho
25-14820-32063,2026-07-02,UNKNOWN,didikaipickin,5623409000002948040,331.34,331.34,0.00,0.00,0.00,0.00,0,,,UNBILLED,0.00,0.00,,0.00,0.00,UNBILLED,PO has no linked bills in Zoho
12-14831-12627,2026-06-29,UNKNOWN,leaf_tech,5623409000002899001,34.29,34.29,0.00,0.00,0.00,0.00,0,,,UNBILLED,0.00,0.00,,0.00,0.00,UNBILLED,PO has no linked bills in Zoho
21-14814-14760,2026-06-29,UNKNOWN,trietslab,5623409000002893197,97.99,97.99,0.00,0.00,0.00,0.00,0,,,UNBILLED,0.00,0.00,,0.00,0.00,UNBILLED,PO has no linked bills in Zoho
22-14766-19957,2026-06-18,UNKNOWN,soundream,5623409000002759726,1407.18,1407.18,0.00,0.00,0.00,0.00,0,,,UNBILLED,0.00,0.00,,0.00,0.00,UNBILLED,PO has no linked bills in Zoho
B004334644,2026-06-18,UNKNOWN,Bose Corporation,5623409000002757769,1290.85,1290.85,0.00,0.00,0.00,0.00,0,,,UNBILLED,0.00,0.00,,0.00,0.00,UNBILLED,PO has no linked bills in Zoho
63139736,2026-06-09,UNKNOWN,Goodwill,5623409000002731413,36.27,36.27,0.00,0.00,0.00,0.00,0,,,UNBILLED,0.00,0.00,,0.00,0.00,UNBILLED,PO has no linked bills in Zoho
20-14736-65716,2026-06-10,UNKNOWN,gratefulmonk,5623409000002701090,100.81,100.81,0.00,0.00,0.00,0.00,0,,,UNBILLED,0.00,0.00,,0.00,0.00,UNBILLED,PO has no linked bills in Zoho
27-14721-32085,2026-06-09,UNKNOWN,scuffycat2,5623409000002684641,219.84,219.84,0.00,0.00,0.00,0.00,0,,,UNBILLED,0.00,0.00,,0.00,0.00,UNBILLED,PO has no linked bills in Zoho
01-14753-53534,2026-06-06,UNKNOWN,jue-1986,5623409000002662247,330.00,330.00,0.00,0.00,0.00,0.00,0,,,UNBILLED,0.00,0.00,,0.00,0.00,UNBILLED,PO has no linked bills in Zoho
8212461757108387,2026-06-05,UNKNOWN,Airow RV And Auto Accessories Store,5623409000002651405,599.39,599.39,0.00,0.00,0.00,0.00,0,,,UNBILLED,0.00,0.00,,0.00,0.00,UNBILLED,PO has no linked bills in Zoho
25-14690-06640,2026-06-01,UNKNOWN,arphome,5623409000002646001,749.98,749.98,0.00,0.00,0.00,0.00,0,,,UNBILLED,0.00,0.00,,0.00,0.00,UNBILLED,PO has no linked bills in Zoho
62984427,2026-06-02,UNKNOWN,Goodwill,5623409000002618744,39.58,39.58,0.00,0.00,0.00,0.00,1,5623409000002618932,62984427,overdue,22.56,17.02,Shipping Fee + Tax + Handling Fee,39.58,0.00,MATCH_WITH_ADJ,"Bill total matches PO total, but has adjustment=17.02"
62984419,2026-06-02,UNKNOWN,Goodwill,5623409000002618737,24.06,24.06,0.00,0.00,0.00,0.00,1,5623409000002618908,62984419,overdue,9.99,14.07,Shipping Fee + Tax + Handling Fee,24.06,0.00,MATCH_WITH_ADJ,"Bill total matches PO total, but has adjustment=14.07"
62984405,2026-06-02,UNKNOWN,Goodwill,5623409000002622503,34.38,34.38,0.00,0.00,0.00,0.00,1,5623409000002618806,62984405,overdue,10.99,23.39,Shipping Fee + Tax + Handling Fee,34.38,0.00,MATCH_WITH_ADJ,"Bill total matches PO total, but has adjustment=23.39"
62984389,2026-06-02,UNKNOWN,Goodwill,5623409000002620336,41.22,41.22,0.00,0.00,0.00,0.00,1,5623409000002618830,62984389,overdue,12.99,28.23,Shipping Fee + Tax + Handling Fee,41.22,0.00,MATCH_WITH_ADJ,"Bill total matches PO total, but has adjustment=28.23"
62984293,2026-06-02,UNKNOWN,Goodwill,5623409000002618729,80.75,80.75,0.00,0.00,0.00,0.00,1,5623409000002618878,62984293,overdue,74.93,5.82,Shipping Fee + Tax + Handling Fee,80.75,0.00,MATCH_WITH_ADJ,"Bill total matches PO total, but has adjustment=5.82"
62984141,2026-06-02,UNKNOWN,Goodwill,5623409000002616322,35.89,35.89,0.00,0.00,0.00,0.00,1,5623409000002618782,62984141,overdue,19.99,15.90,Shipping Fee + Tax + Handling Fee,35.89,0.00,MATCH_WITH_ADJ,"Bill total matches PO total, but has adjustment=15.90"
62983975,2026-06-02,UNKNOWN,Goodwill,5623409000002618722,42.26,42.26,0.00,0.00,0.00,0.00,1,5623409000002618854,62983975,overdue,26.00,16.26,Shipping Fee + Tax + Handling Fee,42.26,0.00,MATCH_WITH_ADJ,"Bill total matches PO total, but has adjustment=16.26"
62983952,2026-06-02,UNKNOWN,Goodwill,5623409000002616315,79.97,79.97,0.00,0.00,0.00,0.00,1,5623409000002618758,62983952,overdue,61.00,18.97,Shipping Fee + Tax + Handling Fee,79.97,0.00,MATCH_WITH_ADJ,"Bill total matches PO total, but has adjustment=18.97"
08-14716-08133,2026-06-01,UNKNOWN,jacobarboz-1,5623409000002622496,285.99,285.99,0.00,0.00,0.00,0.00,1,5623409000002618678,08-14716-08133,overdue,266.00,19.99,Shipping Fee + Tax + Handling Fee,285.99,0.00,MATCH_WITH_ADJ,"Bill total matches PO total, but has adjustment=19.99"
19-14699-14116,2026-06-01,UNKNOWN,xrandoshopx,5623409000002618661,88.56,88.56,0.00,0.00,0.00,0.00,1,5623409000002622479,19-14699-14116,overdue,80.00,8.56,Shipping Fee + Tax + Handling Fee,88.56,0.00,MATCH_WITH_ADJ,"Bill total matches PO total, but has adjustment=8.56"
17-14702-76346,2026-06-01,UNKNOWN,volunteerpawn,5623409000002618614,274.78,274.78,0.00,0.00,0.00,0.00,1,5623409000002618624,17-14702-76346,overdue,255.00,19.78,Shipping Fee + Tax + Handling Fee,274.78,0.00,MATCH_WITH_ADJ,"Bill total matches PO total, but has adjustment=19.78"
09-14716-76319,2026-06-01,UNKNOWN,speakerhouse,5623409000002621199,269.00,269.00,0.00,0.00,0.00,0.00,1,5623409000002619239,09-14716-76319,overdue,249.00,20.00,Shipping Fee + Tax + Handling Fee,269.00,0.00,MATCH_WITH_ADJ,"Bill total matches PO total, but has adjustment=20.00"
22-14689-10217,2026-05-31,UNKNOWN,tadente85,5623409000002618547,99.99,99.99,0.00,0.00,0.00,0.00,0,,,UNBILLED,0.00,0.00,,0.00,0.00,UNBILLED,PO has no linked bills in Zoho
21-14690-31911,2026-05-31,UNKNOWN,3coolcats,5623409000002618533,243.61,243.61,0.00,0.00,0.00,0.00,1,5623409000002620315,21-14690-31911,overdue,220.00,23.61,Shipping Fee + Tax + Handling Fee,243.61,0.00,MATCH_WITH_ADJ,"Bill total matches PO total, but has adjustment=23.61"
16-14699-28268,2026-05-31,UNKNOWN,jermdun_79,5623409000002619229,85.00,85.00,0.00,0.00,0.00,0.00,1,5623409000002616283,16-14699-28268,overdue,70.00,15.00,Shipping Fee + Tax + Handling Fee,85.00,0.00,MATCH_WITH_ADJ,"Bill total matches PO total, but has adjustment=15.00"
04-14730-15769,2026-06-03,UNKNOWN,bi600388,5623409000002619222,689.91,689.91,0.00,0.00,0.00,0.00,1,5623409000002620288,04-14730-15769,overdue,610.00,79.91,Shipping Fee + Tax + Handling Fee,689.91,0.00,MATCH_WITH_ADJ,"Bill total matches PO total, but has adjustment=79.91"
62948263,2026-05-31,UNKNOWN,Goodwill,5623409000002620206,31.76,31.76,0.00,0.00,0.00,0.00,1,5623409000002622439,62948263,overdue,16.00,15.76,Shipping Fee + Tax + Handling Fee,31.76,0.00,MATCH_WITH_ADJ,"Bill total matches PO total, but has adjustment=15.76"
62984223,2026-06-02,UNKNOWN,Goodwill,5623409000002618355,99.90,99.90,0.00,0.00,0.00,0.00,1,5623409000002620165,62984223,overdue,67.00,32.90,Shipping Fee + Tax + Handling Fee,99.90,0.00,MATCH_WITH_ADJ,"Bill total matches PO total, but has adjustment=32.90"
09-14719-40363,2026-06-02,UNKNOWN,theglow85,5623409000002620154,428.38,428.38,0.00,0.00,0.00,0.00,1,5623409000002618373,09-14719-40363,overdue,399.99,28.39,Shipping Fee + Tax + Handling Fee,428.38,0.00,MATCH_WITH_ADJ,"Bill total matches PO total, but has adjustment=28.39"
07-14725-93270,2026-06-03,UNKNOWN,willkoca,5623409000002616230,89.99,89.99,0.00,0.00,0.00,0.00,1,5623409000002618338,07-14725-93270,overdue,75.00,14.99,Shipping Fee + Tax + Handling Fee,89.99,0.00,MATCH_WITH_ADJ,"Bill total matches PO total, but has adjustment=14.99"
16-14709-16953,2026-06-02,UNKNOWN,myxter,5623409000002621155,291.09,291.09,0.00,0.00,0.00,0.00,1,5623409000002622412,16-14709-16953,overdue,265.00,26.09,Shipping Fee + Tax + Handling Fee,291.09,0.00,MATCH_WITH_ADJ,"Bill total matches PO total, but has adjustment=26.09"
20-14704-14993,2026-06-02,UNKNOWN,bslion017,5623409000002616209,119.98,119.98,0.00,0.00,0.00,0.00,1,5623409000002618274,20-14704-14993,overdue,99.99,19.99,Shipping Fee + Tax + Handling Fee,119.98,0.00,MATCH_WITH_ADJ,"Bill total matches PO total, but has adjustment=19.99"
14-14713-69248,2026-06-02,UNKNOWN,simonsellsma,5623409000002616202,229.64,229.64,0.00,0.00,0.00,0.00,1,5623409000002618298,14-14713-69248,overdue,169.74,59.90,Shipping Fee + Tax + Handling Fee,229.64,0.00,MATCH_WITH_ADJ,"Bill total matches PO total, but has adjustment=59.90"
09-14721-69850,2026-06-02,UNKNOWN,lupey606,5623409000002621141,401.89,401.89,0.00,0.00,0.00,0.00,1,5623409000002618151,09-14721-69850,overdue,374.99,26.90,Shipping Fee + Tax + Handling Fee,401.89,0.00,MATCH_WITH_ADJ,"Bill total matches PO total, but has adjustment=26.90"
16-14710-67858,2026-06-02,UNKNOWN,randomstore25,5623409000002616154,110.67,110.67,0.00,0.00,0.00,0.00,1,5623409000002620135,16-14710-67858,overdue,99.00,11.67,Shipping Fee + Tax + Handling Fee,110.67,0.00,MATCH_WITH_ADJ,"Bill total matches PO total, but has adjustment=11.67"
C2000157069,2026-05-05,UNKNOWN,Monoprice,5623409000002616146,2199.96,2199.96,0.00,0.00,0.00,0.00,1,5623409000002618122,C2000157069,overdue,1814.00,385.96,Shipping Fee + Tax + Handling Fee,2199.96,0.00,MATCH_WITH_ADJ,"Bill total matches PO total, but has adjustment=385.96"
21-14698-00908,2026-06-02,UNKNOWN,greensale99,5623409000002620045,207.76,207.76,0.00,0.00,0.00,0.00,1,5623409000002618026,21-14698-00908,overdue,178.88,28.88,Shipping Fee + Tax + Handling Fee,207.76,0.00,MATCH_WITH_ADJ,"Bill total matches PO total, but has adjustment=28.88"
07-14718-96985,2026-06-01,UNKNOWN,greensale99,5623409000002622072,599.52,599.52,0.00,0.00,0.00,0.00,1,5623409000002622082,07-14718-96985,overdue,531.76,67.76,Shipping Fee + Tax + Handling Fee,599.52,0.00,MATCH_WITH_ADJ,"Bill total matches PO total, but has adjustment=67.76"
05-14725-01574,2026-06-02,UNKNOWN,ajayartifacts,5623409000002616056,211.50,211.50,0.00,0.00,0.00,0.00,1,5623409000002621043,05-14725-01574,overdue,200.00,11.50,Shipping Fee + Tax + Handling Fee,211.50,0.00,MATCH_WITH_ADJ,"Bill total matches PO total, but has adjustment=11.50"
01-14731-66273,2026-06-02,UNKNOWN,shopsastores_grandrapids,5623409000002619016,154.49,154.49,0.00,0.00,0.00,0.00,1,5623409000002619027,01-14731-66273,overdue,139.50,14.99,Shipping Fee + Tax + Handling Fee,154.49,0.00,MATCH_WITH_ADJ,"Bill total matches PO total, but has adjustment=14.99"
62950479,2026-05-31,UNKNOWN,Goodwill,5623409000002605149,34.20,34.20,0.00,0.00,0.00,0.00,1,5623409000002611330,62950479,overdue,19.99,14.21,Shipping Fee + Tax + Handling Fee,34.20,0.00,MATCH_WITH_ADJ,"Bill total matches PO total, but has adjustment=14.21"
62950514,2026-05-31,UNKNOWN,Goodwill,5623409000002607098,74.39,74.39,0.00,0.00,0.00,0.00,1,5623409000002611282,62950514,overdue,56.00,18.39,Shipping Fee + Tax + Handling Fee,74.39,0.00,MATCH_WITH_ADJ,"Bill total matches PO total, but has adjustment=18.39"
62948297,2026-05-31,UNKNOWN,Goodwill,5623409000002607091,52.80,52.80,0.00,0.00,0.00,0.00,1,5623409000002611306,62948297,overdue,31.00,21.80,Shipping Fee + Tax + Handling Fee,52.80,0.00,MATCH_WITH_ADJ,"Bill total matches PO total, but has adjustment=21.80"
02-14724-20618,2026-06-01,UNKNOWN,masterdvdusb,5623409000002609094,57.56,57.56,0.00,0.00,0.00,0.00,1,5623409000002611150,02-14724-20618,overdue,48.00,9.56,Shipping Fee + Tax + Handling Fee,57.56,0.00,MATCH_WITH_ADJ,"Bill total matches PO total, but has adjustment=9.56"
06-14711-00469,2026-05-30,EBAY_PURCHASING_API,clarkes,5623409000002611117,53.25,53.25,13.26,0.00,0.00,13.26,1,5623409000002609066,06-14711-00469,overdue,39.99,13.26,Shipping Fee + Tax + Handling Fee,53.25,0.00,MATCH_WITH_ADJ,"Bill total matches PO total, but has adjustment=13.26"
25-14680-50289,2026-05-30,EBAY_PURCHASING_API,storagehunter8179,5623409000002605112,119.80,119.80,17.30,0.00,0.00,17.30,1,5623409000002606103,25-14680-50289,overdue,102.50,17.30,Shipping Fee + Tax + Handling Fee,119.80,0.00,MATCH_WITH_ADJ,"Bill total matches PO total, but has adjustment=17.30"
22-14685-26944,2026-05-30,EBAY_PURCHASING_API,purple740,5623409000002612087,142.99,142.99,17.99,0.00,0.00,17.99,1,5623409000002612098,22-14685-26944,overdue,125.00,17.99,Shipping Fee + Tax + Handling Fee,142.99,0.00,MATCH_WITH_ADJ,"Bill total matches PO total, but has adjustment=17.99"
07-14709-33810,2026-05-30,EBAY_PURCHASING_API,gallawaygames,5623409000002609022,63.06,63.06,18.06,0.00,0.00,18.06,1,5623409000002611093,07-14709-33810,overdue,45.00,18.06,Shipping Fee + Tax + Handling Fee,63.06,0.00,MATCH_WITH_ADJ,"Bill total matches PO total, but has adjustment=18.06"
01-14719-86405,2026-05-30,EBAY_PURCHASING_API,parodox2144-4,5623409000002611063,69.99,69.99,19.99,0.00,0.00,19.99,1,5623409000002611073,01-14719-86405,overdue,50.00,19.99,Shipping Fee + Tax + Handling Fee,69.99,0.00,MATCH_WITH_ADJ,"Bill total matches PO total, but has adjustment=19.99"
11-14702-73308,2026-05-30,EBAY_PURCHASING_API,barric-bppjvpjl8,5623409000002612080,179.69,179.69,29.69,0.00,0.00,29.69,1,5623409000002607042,11-14702-73308,overdue,150.00,29.69,Shipping Fee + Tax + Handling Fee,179.69,0.00,MATCH_WITH_ADJ,"Bill total matches PO total, but has adjustment=29.69"
17-14693-17607,2026-05-30,EBAY_PURCHASING_API,doctorjtd,5623409000002606086,319.99,319.99,20.00,0.00,0.00,20.00,1,5623409000002611046,17-14693-17607,overdue,299.99,20.00,Shipping Fee + Tax + Handling Fee,319.99,0.00,MATCH_WITH_ADJ,"Bill total matches PO total, but has adjustment=20.00"
03-14715-72955,2026-05-30,EBAY_PURCHASING_API,kikem2020,5623409000002612053,221.20,221.20,21.20,0.00,0.00,21.20,1,5623409000002612063,03-14715-72955,overdue,200.00,21.20,Shipping Fee + Tax + Handling Fee,221.20,0.00,MATCH_WITH_ADJ,"Bill total matches PO total, but has adjustment=21.20"
26-14678-93445,2026-05-30,EBAY_PURCHASING_API,307_records,5623409000002609015,244.70,244.70,19.70,0.00,0.00,19.70,1,5623409000002605088,26-14678-93445,overdue,225.00,19.70,Shipping Fee + Tax + Handling Fee,244.70,0.00,MATCH_WITH_ADJ,"Bill total matches PO total, but has adjustment=19.70"
15-14696-37751,2026-05-30,EBAY_PURCHASING_API,certifiedrhodes,5623409000002612046,247.25,247.25,17.25,0.00,0.00,17.25,1,5623409000002605068,15-14696-37751,overdue,230.00,17.25,Shipping Fee + Tax + Handling Fee,247.25,0.00,MATCH_WITH_ADJ,"Bill total matches PO total, but has adjustment=17.25"
01-14719-98387,2026-05-30,EBAY_PURCHASING_API,sasquatchpicks,5623409000002606079,90.00,90.00,14.00,0.00,0.00,14.00,1,5623409000002611019,01-14719-98387,overdue,76.00,14.00,Shipping Fee + Tax + Handling Fee,90.00,0.00,MATCH_WITH_ADJ,"Bill total matches PO total, but has adjustment=14.00"
07-14709-53736,2026-05-30,EBAY_PURCHASING_API,alamarketing13,5623409000002612039,193.65,193.65,18.65,0.00,0.00,18.65,1,5623409000002606055,07-14709-53736,overdue,175.00,18.65,Shipping Fee + Tax + Handling Fee,193.65,0.00,MATCH_WITH_ADJ,"Bill total matches PO total, but has adjustment=18.65"
25-14680-91081,2026-05-30,EBAY_PURCHASING_API,tf-techflow,5623409000002606045,91.34,91.34,31.34,0.00,0.00,31.34,1,5623409000002605048,25-14680-91081,overdue,60.00,31.34,Shipping Fee + Tax + Handling Fee,91.34,0.00,MATCH_WITH_ADJ,"Bill total matches PO total, but has adjustment=31.34"
02-14718-48565,2026-05-30,EBAY_PURCHASING_API,fitzstore,5623409000002607011,40.00,52.97,23.17,0.00,0.00,23.17,1,5623409000002612015,02-14718-48565,overdue,29.80,23.17,Shipping Fee + Tax + Handling Fee,52.97,0.00,MATCH_WITH_ADJ,"Bill total matches PO total, but has adjustment=23.17"
20-14690-36113,2026-05-30,EBAY_PURCHASING_API,magicalmarket,5623409000002612005,90.00,90.00,20.00,0.00,0.00,20.00,1,5623409000002606009,20-14690-36113,overdue,70.00,20.00,Shipping Fee + Tax + Handling Fee,90.00,0.00,MATCH_WITH_ADJ,"Bill total matches PO total, but has adjustment=20.00"
18-14688-95680,2026-05-29,EBAY_PURCHASING_API,thunderhwk,5623409000002589278,288.99,288.99,18.99,0.00,0.00,18.99,1,5623409000002593398,18-14688-95680,overdue,270.00,18.99,Shipping Fee + Tax + Handling Fee,288.99,0.00,MATCH_WITH_ADJ,"Bill total matches PO total, but has adjustment=18.99"
08-14704-39536,2026-05-29,EBAY_PURCHASING_API,nerd_recycling,5623409000002589271,142.72,142.72,12.72,0.00,0.00,12.72,1,5623409000002587176,08-14704-39536,overdue,130.00,12.72,Shipping Fee + Tax + Handling Fee,142.72,0.00,MATCH_WITH_ADJ,"Bill total matches PO total, but has adjustment=12.72"
16-14691-71270,2026-05-29,EBAY_PURCHASING_API,shadyltd60,5623409000002584209,55.27,55.27,20.27,0.00,0.00,20.27,1,5623409000002592341,16-14691-71270,overdue,35.00,20.27,Shipping Fee + Tax + Handling Fee,55.27,0.00,MATCH_WITH_ADJ,"Bill total matches PO total, but has adjustment=20.27"
21-14683-39313,2026-05-29,EBAY_PURCHASING_API,wesammy,5623409000002584182,89.98,89.98,40.00,0.00,0.00,40.00,1,5623409000002584192,21-14683-39313,overdue,49.98,40.00,Shipping Fee + Tax + Handling Fee,89.98,0.00,MATCH_WITH_ADJ,"Bill total matches PO total, but has adjustment=40.00"
22-14682-02646,2026-05-29,EBAY_PURCHASING_API,saltcitysecondhand,5623409000002584175,77.95,77.95,17.96,0.00,0.00,17.96,1,5623409000002589254,22-14682-02646,overdue,59.99,17.96,Shipping Fee + Tax + Handling Fee,77.95,0.00,MATCH_WITH_ADJ,"Bill total matches PO total, but has adjustment=17.96"
13-14696-57156,2026-05-29,EBAY_PURCHASING_API,brichr573,5623409000002589243,220.16,220.16,20.16,0.00,0.00,20.16,1,5623409000002590170,13-14696-57156,overdue,200.00,20.16,Shipping Fee + Tax + Handling Fee,220.16,0.00,MATCH_WITH_ADJ,"Bill total matches PO total, but has adjustment=20.16"
14-14694-23460,2026-05-29,EBAY_PURCHASING_API,ehsmith1,5623409000002592324,63.57,63.57,18.57,0.00,0.00,18.57,1,5623409000002587149,14-14694-23460,overdue,45.00,18.57,Shipping Fee + Tax + Handling Fee,63.57,0.00,MATCH_WITH_ADJ,"Bill total matches PO total, but has adjustment=18.57"
22-14681-47765,2026-05-29,EBAY_PURCHASING_API,dyoche0,5623409000002592307,280.00,280.00,60.00,0.00,0.00,60.00,1,5623409000002589189,22-14681-47765,overdue,220.00,60.00,Shipping Fee + Tax + Handling Fee,280.00,0.00,MATCH_WITH_ADJ,"Bill total matches PO total, but has adjustment=60.00"
16-14690-99375,2026-05-29,EBAY_PURCHASING_API,noobcakeresales,5623409000002584160,75.95,75.95,15.95,0.00,0.00,15.95,1,5623409000002589162,16-14690-99375,overdue,60.00,15.95,Shipping Fee + Tax + Handling Fee,75.95,0.00,MATCH_WITH_ADJ,"Bill total matches PO total, but has adjustment=15.95"
23-14679-93904,2026-05-29,EBAY_PURCHASING_API,415blaster182,5623409000002592293,61.56,61.56,16.61,0.00,0.00,16.61,1,5623409000002584143,23-14679-93904,overdue,44.95,16.61,Shipping Fee + Tax + Handling Fee,61.56,0.00,MATCH_WITH_ADJ,"Bill total matches PO total, but has adjustment=16.61"
14-14694-17176,2026-05-29,EBAY_PURCHASING_API,fitandthrifty86,5623409000002587139,55.10,55.10,15.10,0.00,0.00,15.10,1,5623409000002590142,14-14694-17176,overdue,40.00,15.10,Shipping Fee + Tax + Handling Fee,55.10,0.00,MATCH_WITH_ADJ,"Bill total matches PO total, but has adjustment=15.10"
22-14681-44862,2026-05-29,EBAY_PURCHASING_API,bostoncityguy,5623409000002589122,323.97,323.97,68.97,0.00,0.00,68.97,1,5623409000002589132,22-14681-44862,overdue,255.00,68.97,Shipping Fee + Tax + Handling Fee,323.97,0.00,MATCH_WITH_ADJ,"Bill total matches PO total, but has adjustment=68.97"
14-14694-14939,2026-05-29,EBAY_PURCHASING_API,magicandjunk,5623409000002590100,76.55,76.55,9.06,0.00,0.00,9.06,1,5623409000002592249,14-14694-14939,overdue,67.49,9.06,Shipping Fee + Tax + Handling Fee,76.55,0.00,MATCH_WITH_ADJ,"Bill total matches PO total, but has adjustment=9.06"
16-14690-96546,2026-05-29,EBAY_PURCHASING_API,streeware-0,5623409000002584133,118.76,118.76,18.96,0.00,0.00,18.96,1,5623409000002592229,16-14690-96546,overdue,99.80,18.96,Shipping Fee + Tax + Handling Fee,118.76,0.00,MATCH_WITH_ADJ,"Bill total matches PO total, but has adjustment=18.96"
18-14687-75232,2026-05-29,EBAY_PURCHASING_API,xp-3200,5623409000002587125,55.11,55.11,10.12,0.00,0.00,10.12,1,5623409000002592209,18-14687-75232,overdue,44.99,10.12,Shipping Fee + Tax + Handling Fee,55.11,0.00,MATCH_WITH_ADJ,"Bill total matches PO total, but has adjustment=10.12"
26-14674-98001,2026-05-29,EBAY_PURCHASING_API,jindoflipz,5623409000002590093,89.94,89.94,39.97,0.00,0.00,39.97,1,5623409000002589098,26-14674-98001,overdue,49.97,39.97,Shipping Fee + Tax + Handling Fee,89.94,0.00,MATCH_WITH_ADJ,"Bill total matches PO total, but has adjustment=39.97"
283133902001021606,2025-11-17,UNKNOWN,Alibaba,5623409000002593365,106.87,106.87,0.00,0.00,0.00,0.00,1,5623409000002592134,283133902001021606,overdue,73.00,33.87,Shipping Fee + Tax + Handling Fee,106.87,0.00,MATCH_WITH_ADJ,"Bill total matches PO total, but has adjustment=33.87"
12-14695-03715,2026-05-28,EBAY_PURCHASING_API,gm4all425,5623409000002581138,327.17,327.17,27.17,0.00,0.00,27.17,1,5623409000002580349,12-14695-03715,overdue,300.00,27.17,Shipping Fee + Tax + Handling Fee,327.17,0.00,MATCH_WITH_ADJ,"Bill total matches PO total, but has adjustment=27.17"
02-14711-29230,2026-05-28,EBAY_PURCHASING_API,n4bpr66,5623409000002577124,398.28,398.28,28.39,0.00,0.00,28.39,1,5623409000002576263,02-14711-29230,overdue,369.89,28.39,Shipping Fee + Tax + Handling Fee,398.28,0.00,MATCH_WITH_ADJ,"Bill total matches PO total, but has adjustment=28.39"
26-14670-79603,2026-05-28,EBAY_PURCHASING_API,thepawnexperts6246,5623409000002576253,219.99,219.99,20.00,0.00,0.00,20.00,1,5623409000002581121,26-14670-79603,overdue,199.99,20.00,Shipping Fee + Tax + Handling Fee,219.99,0.00,MATCH_WITH_ADJ,"Bill total matches PO total, but has adjustment=20.00"
19-14681-84220,2026-05-28,EBAY_PURCHASING_API,thrillerthrifts,5623409000002578174,226.99,226.99,22.00,0.00,0.00,22.00,1,5623409000002576236,19-14681-84220,paid,204.99,22.00,Shipping Fee + Tax + Handling Fee,226.99,0.00,MATCH_WITH_ADJ,"Bill total matches PO total, but has adjustment=22.00"
11-14697-20160,2026-05-29,EBAY_PURCHASING_API,shopsastores_minneapolis,5623409000002581111,48.99,48.99,14.99,0.00,0.00,14.99,1,5623409000002577107,11-14697-20160,overdue,34.00,14.99,Shipping Fee + Tax + Handling Fee,48.99,0.00,MATCH_WITH_ADJ,"Bill total matches PO total, but has adjustment=14.99"
62865024,2026-05-27,GOODWILL_PICKUP,Goodwill,5623409000002576128,32.50,32.50,0.00,0.00,2.50,2.50,0,,,UNBILLED,0.00,0.00,,0.00,0.00,UNBILLED,PO has no linked bills in Zoho
8211883420598387,2026-05-28,ALIEXPRESS_CSV,NETUM Factory Direct Store,5623409000002562447,78.19,78.19,0.00,5.62,0.00,5.62,1,5623409000002571084,8211883420598387,overdue,72.57,5.62,Shipping Fee + Tax + Handling Fee,78.19,0.00,MATCH_WITH_ADJ,"Bill total matches PO total, but has adjustment=5.62"
03-14702-94073,2026-05-27,EBAY_PURCHASING_API,texomaconnection,5623409000002561435,111.20,111.20,31.21,0.00,0.00,31.21,1,5623409000002561446,03-14702-94073,overdue,79.99,31.21,Shipping Fee + Tax + Handling Fee,111.20,0.00,MATCH_WITH_ADJ,"Bill total matches PO total, but has adjustment=31.21"
27-14667-52945,2026-05-28,EBAY_PURCHASING_API,hev6_25,5623409000002567361,82.00,82.00,17.00,0.00,0.00,17.00,1,5623409000002561418,27-14667-52945,overdue,65.00,17.00,Shipping Fee + Tax + Handling Fee,82.00,0.00,MATCH_WITH_ADJ,"Bill total matches PO total, but has adjustment=17.00"
05-14703-24268,2026-05-28,EBAY_PURCHASING_API,sky-and-beyond,5623409000002566390,94.00,94.00,14.00,0.00,0.00,14.00,1,5623409000002562430,05-14703-24268,overdue,80.00,14.00,Shipping Fee + Tax + Handling Fee,94.00,0.00,MATCH_WITH_ADJ,"Bill total matches PO total, but has adjustment=14.00"
18-14679-06823,2026-05-27,EBAY_PURCHASING_API,bearcats_closet,5623409000002561329,87.80,87.80,22.85,0.00,0.00,22.85,1,5623409000002567303,18-14679-06823,overdue,64.95,22.85,Shipping Fee + Tax + Handling Fee,87.80,0.00,MATCH_WITH_ADJ,"Bill total matches PO total, but has adjustment=22.85"
08-14694-68671,2026-05-27,EBAY_PURCHASING_API,whitebrownie,5623409000002563971,75.98,75.98,12.99,0.00,0.00,12.99,1,5623409000002563981,08-14694-68671,overdue,62.99,12.99,Shipping Fee + Tax + Handling Fee,75.98,0.00,MATCH_WITH_ADJ,"Bill total matches PO total, but has adjustment=12.99"
07-14696-67999,2026-05-27,EBAY_PURCHASING_API,texassa-33,5623409000002565311,76.49,76.49,13.99,0.00,0.00,13.99,1,5623409000002562336,07-14696-67999,overdue,62.50,13.99,Shipping Fee + Tax + Handling Fee,76.49,0.00,MATCH_WITH_ADJ,"Bill total matches PO total, but has adjustment=13.99"
16-14682-25824,2026-05-27,EBAY_PURCHASING_API,pitskollc,5623409000002567293,76.99,76.99,8.47,0.00,0.00,8.47,1,5623409000002562316,16-14682-25824,overdue,68.52,8.47,Shipping Fee + Tax + Handling Fee,76.99,0.00,MATCH_WITH_ADJ,"Bill total matches PO total, but has adjustment=8.47"
09-14693-39484,2026-05-27,EBAY_PURCHASING_API,shanaynay60,5623409000002565304,22.99,22.99,6.99,0.00,0.00,6.99,1,5623409000002563954,09-14693-39484,overdue,16.00,6.99,Shipping Fee + Tax + Handling Fee,22.99,0.00,MATCH_WITH_ADJ,"Bill total matches PO total, but has adjustment=6.99"
27-14665-32524,2026-05-27,EBAY_PURCHASING_API,ermabargins,5623409000002561322,95.00,95.00,15.00,0.00,0.00,15.00,1,5623409000002566271,27-14665-32524,overdue,80.00,15.00,Shipping Fee + Tax + Handling Fee,95.00,0.00,MATCH_WITH_ADJ,"Bill total matches PO total, but has adjustment=15.00"
27-14665-95373,2026-05-27,EBAY_PURCHASING_API,bellinghamcoinshop,5623409000002567286,90.11,90.11,29.99,0.00,0.00,29.99,1,5623409000002562296,27-14665-95373,overdue,60.12,29.99,Shipping Fee + Tax + Handling Fee,90.11,0.00,MATCH_WITH_ADJ,"Bill total matches PO total, but has adjustment=29.99"
13-14688-38561,2026-05-27,EBAY_PURCHASING_API,hansolo4life,5623409000002565290,67.44,67.44,17.45,0.00,0.00,17.45,1,5623409000002566251,13-14688-38561,overdue,49.99,17.45,Shipping Fee + Tax + Handling Fee,67.44,0.00,MATCH_WITH_ADJ,"Bill total matches PO total, but has adjustment=17.45"
09-14694-39331,2026-05-27,EBAY_PURCHASING_API,eleary10,5623409000002567249,76.84,76.84,16.85,0.00,0.00,16.85,1,5623409000002565263,09-14694-39331,overdue,59.99,16.85,Shipping Fee + Tax + Handling Fee,76.84,0.00,MATCH_WITH_ADJ,"Bill total matches PO total, but has adjustment=16.85"
14-14686-55911,2026-05-27,EBAY_PURCHASING_API,simpleshoppingwithme,5623409000002562215,133.63,133.63,18.63,0.00,0.00,18.63,1,5623409000002562226,14-14686-55911,overdue,115.00,18.63,Shipping Fee + Tax + Handling Fee,133.63,0.00,MATCH_WITH_ADJ,"Bill total matches PO total, but has adjustment=18.63"
05-14701-46346,2026-05-27,EBAY_PURCHASING_API,greatbuyssurely,5623409000002562201,116.10,116.10,26.15,0.00,0.00,26.15,1,5623409000002567232,05-14701-46346,overdue,89.95,26.15,Shipping Fee + Tax + Handling Fee,116.10,0.00,MATCH_WITH_ADJ,"Bill total matches PO total, but has adjustment=26.15"
302887522501021606,2026-05-24,MANUAL,Alibaba,5623409000002556497,259.00,259.00,89.00,0.00,0.00,89.00,1,5623409000002554804,302887522501021606,overdue,170.00,89.00,Shipping Fee + Tax + Handling Fee,259.00,0.00,MATCH_WITH_ADJ,"Bill total matches PO total, but has adjustment=89.00"
19-14673-18419,2026-05-26,EBAY_PURCHASING_API,southeasttreasurefinder,5623409000002554174,116.00,116.00,17.00,0.00,0.00,17.00,1,5623409000002557203,19-14673-18419,overdue,99.00,17.00,Shipping Fee + Tax + Handling Fee,116.00,0.00,MATCH_WITH_ADJ,"Bill total matches PO total, but has adjustment=17.00"
25-14663-74254,2026-05-26,EBAY_PURCHASING_API,simbapenzi,5623409000002557193,83.80,83.80,10.70,0.00,0.00,10.70,1,5623409000002555358,25-14663-74254,overdue,73.10,10.70,Shipping Fee + Tax + Handling Fee,83.80,0.00,MATCH_WITH_ADJ,"Bill total matches PO total, but has adjustment=10.70"
09-14688-90185,2026-05-26,EBAY_PURCHASING_API,sewi_1753,5623409000002555348,70.43,70.43,10.43,0.00,0.00,10.43,1,5623409000002558216,09-14688-90185,overdue,60.00,10.43,Shipping Fee + Tax + Handling Fee,70.43,0.00,MATCH_WITH_ADJ,"Bill total matches PO total, but has adjustment=10.43"
01-14702-73230,2026-05-26,EBAY_PURCHASING_API,southern.parts.direct,5623409000002558206,76.94,76.94,12.95,0.00,0.00,12.95,1,5623409000002556241,01-14702-73230,overdue,63.99,12.95,Shipping Fee + Tax + Handling Fee,76.94,0.00,MATCH_WITH_ADJ,"Bill total matches PO total, but has adjustment=12.95"
25-14663-76480,2026-05-26,EBAY_PURCHASING_API,maxycat001,5623409000002558173,81.72,81.72,6.72,0.00,0.00,6.72,1,5623409000002557169,25-14663-76480,overdue,75.00,6.72,Shipping Fee + Tax + Handling Fee,81.72,0.00,MATCH_WITH_ADJ,"Bill total matches PO total, but has adjustment=6.72"
11-14685-77446,2026-05-26,EBAY_PURCHASING_API,nvp867,5623409000002555327,87.04,87.04,15.05,0.00,0.00,15.05,1,5623409000002557149,11-14685-77446,overdue,71.99,15.05,Shipping Fee + Tax + Handling Fee,87.04,0.00,MATCH_WITH_ADJ,"Bill total matches PO total, but has adjustment=15.05"
20-14671-74389,2026-05-26,EBAY_PURCHASING_API,rarefindsrus,5623409000002557139,76.99,76.99,9.99,0.00,0.00,9.99,1,5623409000002556221,20-14671-74389,overdue,67.00,9.99,Shipping Fee + Tax + Handling Fee,76.99,0.00,MATCH_WITH_ADJ,"Bill total matches PO total, but has adjustment=9.99"
13-14683-11415,2026-05-26,EBAY_PURCHASING_API,lamayzingfinds,5623409000002554167,104.93,104.93,24.93,0.00,0.00,24.93,1,5623409000002556194,13-14683-11415,overdue,80.00,24.93,Shipping Fee + Tax + Handling Fee,104.93,0.00,MATCH_WITH_ADJ,"Bill total matches PO total, but has adjustment=24.93"
09-14689-21746,2026-05-26,EBAY_PURCHASING_API,shoeflypdx,5623409000002554160,179.99,179.99,19.99,0.00,0.00,19.99,1,5623409000002557122,09-14689-21746,overdue,160.00,19.99,Shipping Fee + Tax + Handling Fee,179.99,0.00,MATCH_WITH_ADJ,"Bill total matches PO total, but has adjustment=19.99"
04-14698-21097,2026-05-26,EBAY_PURCHASING_API,towpath123,5623409000002556184,188.60,188.60,26.10,0.00,0.00,26.10,1,5623409000002558156,04-14698-21097,overdue,162.50,26.10,Shipping Fee + Tax + Handling Fee,188.60,0.00,MATCH_WITH_ADJ,"Bill total matches PO total, but has adjustment=26.10"
20-14672-66068,2026-05-26,EBAY_PURCHASING_API,peperepe07,5623409000002553187,75.45,75.45,9.45,0.00,0.00,9.45,1,5623409000002556167,20-14672-66068,overdue,66.00,9.45,Shipping Fee + Tax + Handling Fee,75.45,0.00,MATCH_WITH_ADJ,"Bill total matches PO total, but has adjustment=9.45"
10-14688-83663,2026-05-26,EBAY_PURCHASING_API,retrogem_collectibles,5623409000002553120,267.34,267.34,16.35,0.00,0.00,16.35,1,5623409000002558122,10-14688-83663,overdue,250.99,16.35,Shipping Fee + Tax + Handling Fee,267.34,0.00,MATCH_WITH_ADJ,"Bill total matches PO total, but has adjustment=16.35"
24-14681-88579,2026-05-26,EBAY_PURCHASING_API,lucyscozycloset,5623409000002553113,249.10,249.10,29.10,0.00,0.00,29.10,1,5623409000002554094,24-14681-88579,overdue,220.00,29.10,Shipping Fee + Tax + Handling Fee,249.10,0.00,MATCH_WITH_ADJ,"Bill total matches PO total, but has adjustment=29.10"
62824963,2026-05-26,GOODWILL_PICKUP,Goodwill,5623409000002554084,10.00,37.11,0.00,0.00,0.00,0.00,1,5623409000002555382,62824963,overdue,10.00,27.11,Shipping Fee + Tax + Handling Fee,37.11,0.00,MATCH_WITH_ADJ,"Bill total matches PO total, but has adjustment=27.11"
62825312,2026-05-26,GOODWILL_SHIPPED,Goodwill,5623409000002558112,100.64,100.64,12.30,6.35,1.99,20.64,1,5623409000002555406,62825312,overdue,80.00,20.64,Shipping Fee + Tax + Handling Fee,100.64,0.00,MATCH_WITH_ADJ,"Bill total matches PO total, but has adjustment=20.64"
62825849,2026-05-26,GOODWILL_PICKUP,Goodwill,5623409000002557070,42.09,78.13,0.00,0.00,0.00,0.00,1,5623409000002555430,62825849,overdue,42.09,36.04,Shipping Fee + Tax + Handling Fee,78.13,0.00,MATCH_WITH_ADJ,"Bill total matches PO total, but has adjustment=36.04"
62825791,2026-05-26,GOODWILL_PICKUP,Goodwill,5623409000002553099,33.50,54.26,0.00,0.00,0.00,0.00,1,5623409000002555484,62825791,overdue,33.50,20.76,Shipping Fee + Tax + Handling Fee,54.26,0.00,MATCH_WITH_ADJ,"Bill total matches PO total, but has adjustment=20.76"
62825752,2026-05-26,GOODWILL_SHIPPED,Goodwill,5623409000002555245,161.66,161.66,16.19,10.47,5.00,31.66,1,5623409000002555460,62825752,overdue,130.00,31.66,Shipping Fee + Tax + Handling Fee,161.66,0.00,MATCH_WITH_ADJ,"Bill total matches PO total, but has adjustment=31.66"
62825704,2026-05-26,GOODWILL_PICKUP,Goodwill,5623409000002555074,49.98,53.86,0.00,0.00,0.00,0.00,1,5623409000002555132,62825704,overdue,49.98,3.88,Shipping Fee + Tax + Handling Fee,53.86,0.00,MATCH_WITH_ADJ,"Bill total matches PO total, but has adjustment=3.88"
62825678,2026-05-26,GOODWILL_PICKUP,Goodwill,5623409000002557063,25.99,28.01,0.00,0.00,0.00,0.00,1,5623409000002555160,62825678,overdue,25.99,2.02,Shipping Fee + Tax + Handling Fee,28.01,0.00,MATCH_WITH_ADJ,"Bill total matches PO total, but has adjustment=2.02"
62825653,2026-05-26,GOODWILL_PICKUP,Goodwill,5623409000002558105,28.00,44.67,0.00,0.00,0.00,0.00,1,5623409000002555228,62825653,overdue,28.00,16.67,Shipping Fee + Tax + Handling Fee,44.67,0.00,MATCH_WITH_ADJ,"Bill total matches PO total, but has adjustment=16.67"
62825621,2026-05-26,GOODWILL_PICKUP,Goodwill,5623409000002553092,19.99,36.04,0.00,0.00,0.00,0.00,1,5623409000002555108,62825621,overdue,19.99,16.05,Shipping Fee + Tax + Handling Fee,36.04,0.00,MATCH_WITH_ADJ,"Bill total matches PO total, but has adjustment=16.05"
62825589,2026-05-23,GOODWILL_PICKUP,Goodwill,5623409000002555059,31.00,47.64,0.00,0.00,0.00,0.00,1,5623409000002554828,62825589,overdue,31.00,16.64,Shipping Fee + Tax + Handling Fee,47.64,0.00,MATCH_WITH_ADJ,"Bill total matches PO total, but has adjustment=16.64"
62825560,2026-05-26,GOODWILL_PICKUP,Goodwill,5623409000002556121,19.99,35.78,0.00,0.00,0.00,0.00,1,5623409000002555180,62825560,overdue,19.99,15.79,Shipping Fee + Tax + Handling Fee,35.78,0.00,MATCH_WITH_ADJ,"Bill total matches PO total, but has adjustment=15.79"
62825531,2026-05-26,GOODWILL_PICKUP,Goodwill,5623409000002554076,20.99,36.67,0.00,0.00,0.00,0.00,1,5623409000002555088,62825531,overdue,20.99,15.68,Shipping Fee + Tax + Handling Fee,36.67,0.00,MATCH_WITH_ADJ,"Bill total matches PO total, but has adjustment=15.68"
62775770,2026-05-23,GOODWILL_SHIPPED,Goodwill,5623409000002558094,49.21,49.21,13.65,2.56,5.00,21.21,1,5623409000002555204,62775770,overdue,28.00,21.21,Shipping Fee + Tax + Handling Fee,49.21,0.00,MATCH_WITH_ADJ,"Bill total matches PO total, but has adjustment=21.21"
62531622,2026-05-13,GOODWILL_SHIPPED,Goodwill,5623409000002554043,69.86,69.86,50.48,1.40,8.99,60.87,1,5623409000002553052,62531622,overdue,8.99,60.87,Shipping Fee + Tax + Handling Fee,69.86,0.00,MATCH_WITH_ADJ,"Bill total matches PO total, but has adjustment=60.87"
8211771267308387,2026-05-23,ALIEXPRESS_CSV,MTCU Audio Camera Store,5623409000002547042,138.41,138.41,44.01,6.80,0.00,50.81,1,5623409000002555508,8211771267308387,overdue,87.60,50.81,Shipping Fee + Tax + Handling Fee,138.41,0.00,MATCH_WITH_ADJ,"Bill total matches PO total, but has adjustment=50.81"
18-14670-01971,2026-05-25,EBAY_PURCHASING_API,keichcarl,5623409000002530118,142.51,142.51,17.51,0.00,0.00,17.51,1,5623409000002536142,18-14670-01971,overdue,125.00,17.51,Shipping Fee + Tax + Handling Fee,142.51,0.00,MATCH_WITH_ADJ,"Bill total matches PO total, but has adjustment=17.51"
27-14656-03207,2026-05-25,EBAY_PURCHASING_API,cbucksports,5623409000002530104,195.00,195.00,15.00,0.00,0.00,15.00,1,5623409000002531121,27-14656-03207,overdue,180.00,15.00,Shipping Fee + Tax + Handling Fee,195.00,0.00,MATCH_WITH_ADJ,"Bill total matches PO total, but has adjustment=15.00"
18-14670-03483,2026-05-25,EBAY_PURCHASING_API,beccalee77,5623409000002534079,131.55,131.55,26.55,0.00,0.00,26.55,1,5623409000002536097,18-14670-03483,overdue,105.00,26.55,Shipping Fee + Tax + Handling Fee,131.55,0.00,MATCH_WITH_ADJ,"Bill total matches PO total, but has adjustment=26.55"
19-14668-49126,2026-05-25,EBAY_PURCHASING_API,warriors2026,5623409000002537062,175.99,175.99,25.00,0.00,0.00,25.00,1,5623409000002534062,19-14668-49126,overdue,150.99,25.00,Shipping Fee + Tax + Handling Fee,175.99,0.00,MATCH_WITH_ADJ,"Bill total matches PO total, but has adjustment=25.00"
16-14673-33121,2026-05-25,EBAY_PURCHASING_API,jaconamich,5623409000002536087,222.55,222.55,22.55,0.00,0.00,22.55,1,5623409000002530087,16-14673-33121,overdue,200.00,22.55,Shipping Fee + Tax + Handling Fee,222.55,0.00,MATCH_WITH_ADJ,"Bill total matches PO total, but has adjustment=22.55"
18-14670-71789,2026-05-25,EBAY_PURCHASING_API,bricksandcards,5623409000002530077,153.35,153.35,28.35,0.00,0.00,28.35,1,5623409000002531101,18-14670-71789,overdue,125.00,28.35,Shipping Fee + Tax + Handling Fee,153.35,0.00,MATCH_WITH_ADJ,"Bill total matches PO total, but has adjustment=28.35"
17-14672-19570,2026-05-25,EBAY_PURCHASING_API,niceday1331_4,5623409000002530063,100.00,100.00,40.00,0.00,0.00,40.00,1,5623409000002534035,17-14672-19570,overdue,60.00,40.00,Shipping Fee + Tax + Handling Fee,100.00,0.00,MATCH_WITH_ADJ,"Bill total matches PO total, but has adjustment=40.00"
22-14664-42676,2026-05-25,EBAY_PURCHASING_API,collmorge-0,5623409000002531091,89.95,89.95,33.95,0.00,0.00,33.95,1,5623409000002536070,22-14664-42676,overdue,56.00,33.95,Shipping Fee + Tax + Handling Fee,89.95,0.00,MATCH_WITH_ADJ,"Bill total matches PO total, but has adjustment=33.95"
02-14696-78201,2026-05-25,EBAY_PURCHASING_API,sellitfouryou83,5623409000002530056,95.30,105.30,35.31,0.00,0.00,35.31,1,5623409000002537045,02-14696-78201,overdue,69.99,35.31,Shipping Fee + Tax + Handling Fee,105.30,0.00,MATCH_WITH_ADJ,"Bill total matches PO total, but has adjustment=35.31"
24-14-67744824,2026-05-25,EBAY_PURCHASING_API,towpath123,5623409000002530042,188.60,188.60,26.10,0.00,0.00,26.10,1,5623409000002531074,24-14-67744824,overdue,162.50,26.10,Shipping Fee + Tax + Handling Fee,188.60,0.00,MATCH_WITH_ADJ,"Bill total matches PO total, but has adjustment=26.10"
21-14663-45308,2026-05-25,EBAY_PURCHASING_API,edensgadgets,5623409000002522268,112.00,112.00,24.00,0.00,0.00,24.00,1,5623409000002522279,21-14663-45308,overdue,88.00,24.00,Shipping Fee + Tax + Handling Fee,112.00,0.00,MATCH_WITH_ADJ,"Bill total matches PO total, but has adjustment=24.00"
11-14679-54215,2026-05-25,EBAY_PURCHASING_API,rawrsomefinds,5623409000002520279,56.54,56.54,26.55,0.00,0.00,26.55,1,5623409000002517335,11-14679-54215,overdue,29.99,26.55,Shipping Fee + Tax + Handling Fee,56.54,0.00,MATCH_WITH_ADJ,"Bill total matches PO total, but has adjustment=26.55"
01-14695-27342,2026-05-24,EBAY_PURCHASING_API,d_mention51,5623409000002517155,89.00,89.00,10.00,0.00,0.00,10.00,1,5623409000002518150,01-14695-27342,paid,79.00,10.00,Shipping Fee + Tax + Handling Fee,89.00,0.00,MATCH_WITH_ADJ,"Bill total matches PO total, but has adjustment=10.00"
08-14681-85770,2026-05-24,EBAY_PURCHASING_API,goodwillsocalshop,5623409000002516147,89.99,89.99,16.00,0.00,0.00,16.00,1,5623409000002517132,08-14681-85770,overdue,73.99,16.00,Shipping Fee + Tax + Handling Fee,89.99,0.00,MATCH_WITH_ADJ,"Bill total matches PO total, but has adjustment=16.00"
09-14681-90129,2026-05-24,EBAY_PURCHASING_API,ccgoodwill1,5623409000002522156,29.98,29.98,13.99,0.00,0.00,13.99,1,5623409000002519606,09-14681-90129,overdue,15.99,13.99,Shipping Fee + Tax + Handling Fee,29.98,0.00,MATCH_WITH_ADJ,"Bill total matches PO total, but has adjustment=13.99"
62775661,2026-05-23,GOODWILL_SHIPPED,Goodwill,5623409000002516077,68.92,68.92,11.81,4.11,3.00,18.92,1,5623409000002518198,62775661,overdue,50.00,18.92,Shipping Fee + Tax + Handling Fee,68.92,0.00,MATCH_WITH_ADJ,"Bill total matches PO total, but has adjustment=18.92"
62775704,2026-05-23,GOODWILL_SHIPPED,Goodwill,5623409000002520104,35.24,35.24,13.70,1.55,3.00,18.25,1,5623409000002518246,62775704,overdue,16.99,18.25,Shipping Fee + Tax + Handling Fee,35.24,0.00,MATCH_WITH_ADJ,"Bill total matches PO total, but has adjustment=18.25"
62775795,2026-05-23,GOODWILL_SHIPPED,Goodwill,5623409000002520097,29.16,29.16,10.84,1.32,4.00,16.16,1,5623409000002518222,62775795,overdue,13.00,16.16,Shipping Fee + Tax + Handling Fee,29.16,0.00,MATCH_WITH_ADJ,"Bill total matches PO total, but has adjustment=16.16"
62775948,2026-05-23,GOODWILL_PICKUP,Goodwill,5623409000002522091,19.99,35.59,0.00,0.00,0.00,0.00,1,5623409000002518318,62775948,overdue,19.99,15.60,Shipping Fee + Tax + Handling Fee,35.59,0.00,MATCH_WITH_ADJ,"Bill total matches PO total, but has adjustment=15.60"
62775878,2026-05-23,GOODWILL_SHIPPED,Goodwill,5623409000002522084,125.11,125.11,13.05,8.06,3.00,24.11,1,5623409000002518294,62775878,overdue,101.00,24.11,Shipping Fee + Tax + Handling Fee,125.11,0.00,MATCH_WITH_ADJ,"Bill total matches PO total, but has adjustment=24.11"
62775905,2026-05-23,GOODWILL_SHIPPED,Goodwill,5623409000002516070,238.21,238.21,17.32,15.89,4.00,37.21,1,5623409000002518174,62775905,overdue,201.00,37.21,Shipping Fee + Tax + Handling Fee,238.21,0.00,MATCH_WITH_ADJ,"Bill total matches PO total, but has adjustment=37.21"
62775837,2026-05-23,GOODWILL_SHIPPED,Goodwill,5623409000002522077,33.59,33.59,13.13,1.47,5.00,19.60,1,5623409000002518270,62775837,overdue,13.99,19.60,Shipping Fee + Tax + Handling Fee,33.59,0.00,MATCH_WITH_ADJ,"Bill total matches PO total, but has adjustment=19.60"
20-14659-05799,2026-05-23,EBAY_PURCHASING_API,drumfliped,5623409000002516049,39.99,39.99,9.99,0.00,0.00,9.99,1,5623409000002517084,20-14659-05799,overdue,30.00,9.99,Shipping Fee + Tax + Handling Fee,39.99,0.00,MATCH_WITH_ADJ,"Bill total matches PO total, but has adjustment=9.99"
10-14674-69785,2026-05-23,EBAY_PURCHASING_API,tomsherkat,5623409000002522062,72.73,72.73,7.73,0.00,0.00,7.73,1,5623409000002518056,10-14674-69785,overdue,65.00,7.73,Shipping Fee + Tax + Handling Fee,72.73,0.00,MATCH_WITH_ADJ,"Bill total matches PO total, but has adjustment=7.73"
01-14690-16857,2026-05-23,EBAY_PURCHASING_API,august.nine,5623409000002519012,75.89,75.89,15.90,0.00,0.00,15.90,1,5623409000002522045,01-14690-16857,overdue,59.99,15.90,Shipping Fee + Tax + Handling Fee,75.89,0.00,MATCH_WITH_ADJ,"Bill total matches PO total, but has adjustment=15.90"
27-14648-39102,2026-05-23,EBAY_PURCHASING_API,robersald-0,5623409000002518046,78.13,78.13,8.13,0.00,0.00,8.13,1,5623409000002517050,27-14648-39102,paid,70.00,8.13,Shipping Fee + Tax + Handling Fee,78.13,0.00,MATCH_WITH_ADJ,"Bill total matches PO total, but has adjustment=8.13"
20-14659-16236,2026-05-23,EBAY_PURCHASING_API,copperbasincollectibles,5623409000002522021,117.83,117.83,7.88,0.00,0.00,7.88,1,5623409000002517022,20-14659-16236,paid,109.95,7.88,Shipping Fee + Tax + Handling Fee,117.83,0.00,MATCH_WITH_ADJ,"Bill total matches PO total, but has adjustment=7.88"
27-14648-44047,2026-05-23,EBAY_PURCHASING_API,copperbasincollectibles,5623409000002516023,117.83,117.83,7.88,0.00,0.00,7.88,1,5623409000002518015,27-14648-44047,paid,109.95,7.88,Shipping Fee + Tax + Handling Fee,117.83,0.00,MATCH_WITH_ADJ,"Bill total matches PO total, but has adjustment=7.88"
19-14660-89579,2026-05-23,EBAY_PURCHASING_API,flipmistro,5623409000002516016,122.00,122.00,25.00,0.00,0.00,25.00,1,5623409000002522004,19-14660-89579,overdue,97.00,25.00,Shipping Fee + Tax + Handling Fee,122.00,0.00,MATCH_WITH_ADJ,"Bill total matches PO total, but has adjustment=25.00"
09-14676-66148,2026-05-23,EBAY_PURCHASING_API,flipind,5623409000002517005,85.16,85.16,15.16,0.00,0.00,15.16,1,5623409000002520035,09-14676-66148,overdue,70.00,15.16,Shipping Fee + Tax + Handling Fee,85.16,0.00,MATCH_WITH_ADJ,"Bill total matches PO total, but has adjustment=15.16"
03-14687-24840,2026-05-23,EBAY_PURCHASING_API,kennyuser,5623409000002520005,139.90,139.90,37.90,0.00,0.00,37.90,1,5623409000002520015,03-14687-24840,overdue,102.00,37.90,Shipping Fee + Tax + Handling Fee,139.90,0.00,MATCH_WITH_ADJ,"Bill total matches PO total, but has adjustment=37.90"
08-14672-33326,2026-05-22,EBAY_PURCHASING_API,on3hockey,5623409000002508592,208.60,208.60,51.00,0.00,0.00,51.00,1,5623409000002508602,08-14672-33326,overdue,157.60,51.00,Shipping Fee + Tax + Handling Fee,208.60,0.00,MATCH_WITH_ADJ,"Bill total matches PO total, but has adjustment=51.00"
23-14649-06759,2026-05-22,EBAY_PURCHASING_API,quickshipdaily,5623409000002514190,84.99,84.99,0.00,0.00,0.00,0.00,0,,,UNBILLED,0.00,0.00,,0.00,0.00,UNBILLED,PO has no linked bills in Zoho
12-14667-69616,2026-05-22,EBAY_PURCHASING_API,computer-consignments,5623409000002505487,271.27,271.27,41.27,0.00,0.00,41.27,1,5623409000002514167,12-14667-69616,overdue,230.00,41.27,Shipping Fee + Tax + Handling Fee,271.27,0.00,MATCH_WITH_ADJ,"Bill total matches PO total, but has adjustment=41.27"
04-14680-47622,2026-05-22,EBAY_PURCHASING_API,willhunt3389,5623409000002511464,130.00,130.00,30.00,0.00,0.00,30.00,1,5623409000002509505,04-14680-47622,overdue,100.00,30.00,Shipping Fee + Tax + Handling Fee,130.00,0.00,MATCH_WITH_ADJ,"Bill total matches PO total, but has adjustment=30.00"
05-14679-37434,2026-05-22,EBAY_PURCHASING_API,gold.coast.trading.post,5623409000002505480,49.80,49.80,14.85,0.00,0.00,14.85,1,5623409000002509475,05-14679-37434,overdue,34.95,14.85,Shipping Fee + Tax + Handling Fee,49.80,0.00,MATCH_WITH_ADJ,"Bill total matches PO total, but has adjustment=14.85"
03-14682-02668,2026-05-22,EBAY_PURCHASING_API,implantu,5623409000002509465,58.30,58.30,14.35,0.00,0.00,14.35,1,5623409000002511428,03-14682-02668,overdue,43.95,14.35,Shipping Fee + Tax + Handling Fee,58.30,0.00,MATCH_WITH_ADJ,"Bill total matches PO total, but has adjustment=14.35"
20-14655-10395,2026-05-22,EBAY_PURCHASING_API,carlitoswaytreasures,5623409000002505473,55.29,55.29,15.29,0.00,0.00,15.29,1,5623409000002503758,20-14655-10395,overdue,40.00,15.29,Shipping Fee + Tax + Handling Fee,55.29,0.00,MATCH_WITH_ADJ,"Bill total matches PO total, but has adjustment=15.29"
21-14653-23036,2026-05-22,EBAY_PURCHASING_API,jem_pickers,5623409000002509419,57.00,57.00,11.92,0.00,0.00,11.92,1,5623409000002509429,21-14653-23036,overdue,45.08,11.92,Shipping Fee + Tax + Handling Fee,57.00,0.00,MATCH_WITH_ADJ,"Bill total matches PO total, but has adjustment=11.92"
25-14647-34984,2026-05-22,EBAY_PURCHASING_API,retroreverb9,5623409000002511417,146.65,146.65,16.65,0.00,0.00,16.65,1,5623409000002514107,25-14647-34984,overdue,130.00,16.65,Shipping Fee + Tax + Handling Fee,146.65,0.00,MATCH_WITH_ADJ,"Bill total matches PO total, but has adjustment=16.65"
16-14661-46822,2026-05-22,EBAY_PURCHASING_API,goose812,5623409000002511402,142.98,142.98,17.99,0.00,0.00,17.99,1,5623409000002508547,16-14661-46822,overdue,124.99,17.99,Shipping Fee + Tax + Handling Fee,142.98,0.00,MATCH_WITH_ADJ,"Bill total matches PO total, but has adjustment=17.99"
22-14652-11640,2026-05-22,EBAY_PURCHASING_API,skrilltech,5623409000002511395,242.85,242.85,17.86,0.00,0.00,17.86,1,5623409000002514033,22-14652-11640,overdue,224.99,17.86,Shipping Fee + Tax + Handling Fee,242.85,0.00,MATCH_WITH_ADJ,"Bill total matches PO total, but has adjustment=17.86"
16-14662-03929,2026-05-22,EBAY_PURCHASING_API,amberger22,5623409000002505432,144.29,144.29,14.29,0.00,0.00,14.29,1,5623409000002508483,16-14662-03929,overdue,130.00,14.29,Shipping Fee + Tax + Handling Fee,144.29,0.00,MATCH_WITH_ADJ,"Bill total matches PO total, but has adjustment=14.29"
22-14652-99376,2026-05-22,EBAY_PURCHASING_API,jindoflipz,5623409000002508472,150.00,150.00,44.97,0.00,0.00,44.97,1,5623409000002503711,22-14652-99376,overdue,105.03,44.97,Shipping Fee + Tax + Handling Fee,150.00,0.00,MATCH_WITH_ADJ,"Bill total matches PO total, but has adjustment=44.97"
18-14660-01079,2026-05-22,EBAY_PURCHASING_API,ew_6097,5623409000002509380,231.34,231.34,31.34,0.00,0.00,31.34,1,5623409000002505394,18-14660-01079,overdue,200.00,31.34,Shipping Fee + Tax + Handling Fee,231.34,0.00,MATCH_WITH_ADJ,"Bill total matches PO total, but has adjustment=31.34"
01-14687-94825,2026-05-22,EBAY_PURCHASING_API,jeff2740,5623409000002508438,170.00,170.00,20.00,0.00,0.00,20.00,1,5623409000002508448,01-14687-94825,overdue,150.00,20.00,Shipping Fee + Tax + Handling Fee,170.00,0.00,MATCH_WITH_ADJ,"Bill total matches PO total, but has adjustment=20.00"
09-14674-35266,2026-05-22,EBAY_PURCHASING_API,luv2hunt2,5623409000002511335,200.31,200.31,35.31,0.00,0.00,35.31,1,5623409000002508414,09-14674-35266,overdue,165.00,35.31,Shipping Fee + Tax + Handling Fee,200.31,0.00,MATCH_WITH_ADJ,"Bill total matches PO total, but has adjustment=35.31"
25-14644-11219,2026-05-21,EBAY_DRAGON_API,greensale99,5623409000002508138,245.88,284.76,38.88,0.00,0.00,38.88,1,5623409000002505189,25-14644-11219,overdue,245.88,38.88,Shipping Fee + Tax + Handling Fee,284.76,0.00,MATCH_WITH_ADJ,"Bill total matches PO total, but has adjustment=38.88"
12-14666-04981,2026-05-22,EBAY_PURCHASING_API,randym615,5623409000002508111,91.09,91.09,20.00,0.00,0.00,20.00,1,5623409000002508121,12-14666-04981,overdue,71.09,20.00,Shipping Fee + Tax + Handling Fee,91.09,0.00,MATCH_WITH_ADJ,"Bill total matches PO total, but has adjustment=20.00"
26-14641-56218,2026-05-21,EBAY_PURCHASING_API,kodiscoveries,5623409000002509147,82.48,82.48,17.48,0.00,0.00,17.48,1,5623409000002507062,26-14641-56218,overdue,65.00,17.48,Shipping Fee + Tax + Handling Fee,82.48,0.00,MATCH_WITH_ADJ,"Bill total matches PO total, but has adjustment=17.48"
23-14646-41386,2026-05-21,EBAY_PURCHASING_API,thetreasureplug,5623409000002509140,29.53,29.53,9.54,0.00,0.00,9.54,1,5623409000002508094,23-14646-41386,overdue,19.99,9.54,Shipping Fee + Tax + Handling Fee,29.53,0.00,MATCH_WITH_ADJ,"Bill total matches PO total, but has adjustment=9.54"
04-14676-38044,2026-05-21,EBAY_PURCHASING_API,hoosierresalellc,5623409000002507052,55.37,55.37,12.87,0.00,0.00,12.87,1,5623409000002503214,04-14676-38044,overdue,42.50,12.87,Shipping Fee + Tax + Handling Fee,55.37,0.00,MATCH_WITH_ADJ,"Bill total matches PO total, but has adjustment=12.87"
09-14668-24218,2026-05-21,EBAY_PURCHASING_API,raleg-46,5623409000002509133,69.34,69.34,13.20,0.00,0.00,13.20,1,5623409000002503194,09-14668-24218,overdue,56.14,13.20,Shipping Fee + Tax + Handling Fee,69.34,0.00,MATCH_WITH_ADJ,"Bill total matches PO total, but has adjustment=13.20"
08-14669-70729,2026-05-21,EBAY_PURCHASING_API,thriftnkruz,5623409000002507038,128.40,128.40,21.30,0.00,0.00,21.30,1,5623409000002509097,08-14669-70729,overdue,107.10,21.30,Shipping Fee + Tax + Handling Fee,128.40,0.00,MATCH_WITH_ADJ,"Bill total matches PO total, but has adjustment=21.30"
15-14658-82422,2026-05-21,EBAY_PURCHASING_API,osrodr-3159,5623409000002511070,135.00,135.00,15.00,0.00,0.00,15.00,1,5623409000002505148,15-14658-82422,overdue,120.00,15.00,Shipping Fee + Tax + Handling Fee,135.00,0.00,MATCH_WITH_ADJ,"Bill total matches PO total, but has adjustment=15.00"
08-14669-82072,2026-05-21,EBAY_PURCHASING_API,hampo_finds,5623409000002503162,130.00,130.00,20.00,0.00,0.00,20.00,0,,,UNBILLED,0.00,0.00,,0.00,0.00,UNBILLED,PO has no linked bills in Zoho
26-14641-81338,2026-05-21,EBAY_PURCHASING_API,toulouselautrec,5623409000002511043,56.64,56.64,11.64,0.00,0.00,11.64,1,5623409000002505096,26-14641-81338,overdue,45.00,11.64,Shipping Fee + Tax + Handling Fee,56.64,0.00,MATCH_WITH_ADJ,"Bill total matches PO total, but has adjustment=11.64"
14-14660-89465,2026-05-21,EBAY_PURCHASING_API,razzpawn,5623409000002503155,235.00,235.00,35.00,0.00,0.00,35.00,1,5623409000002508021,14-14660-89465,overdue,200.00,35.00,Shipping Fee + Tax + Handling Fee,235.00,0.00,MATCH_WITH_ADJ,"Bill total matches PO total, but has adjustment=35.00"
10-14667-08495,2026-05-21,EBAY_PURCHASING_API,765js,5623409000002503148,56.55,56.55,26.55,0.00,0.00,26.55,1,5623409000002505062,10-14667-08495,overdue,30.00,26.55,Shipping Fee + Tax + Handling Fee,56.55,0.00,MATCH_WITH_ADJ,"Bill total matches PO total, but has adjustment=26.55"
13-14663-02220,2026-05-21,EBAY_PURCHASING_API,niceday1331_4,5623409000002509087,75.00,75.00,25.00,0.00,0.00,25.00,1,5623409000002503131,13-14663-02220,overdue,50.00,25.00,Shipping Fee + Tax + Handling Fee,75.00,0.00,MATCH_WITH_ADJ,"Bill total matches PO total, but has adjustment=25.00"
22-14648-99200,2026-05-21,EBAY_PURCHASING_API,goodwill-maine,5623409000002509054,31.17,31.17,16.18,0.00,0.00,16.18,1,5623409000002503111,22-14648-99200,overdue,14.99,16.18,Shipping Fee + Tax + Handling Fee,31.17,0.00,MATCH_WITH_ADJ,"Bill total matches PO total, but has adjustment=16.18"
21-14650-36350,2026-05-21,EBAY_PURCHASING_API,pawnamerica,5623409000002509008,110.78,110.78,17.99,0.00,0.00,17.99,1,5623409000002511006,21-14650-36350,overdue,92.79,17.99,Shipping Fee + Tax + Handling Fee,110.78,0.00,MATCH_WITH_ADJ,"Bill total matches PO total, but has adjustment=17.99"
07-14673-31315,2026-05-21,EBAY_PURCHASING_API,thierrdelo_0,5623409000002508011,235.00,235.00,57.13,0.00,0.00,57.13,1,5623409000002503072,07-14673-31315,overdue,177.87,57.13,Shipping Fee + Tax + Handling Fee,235.00,0.00,MATCH_WITH_ADJ,"Bill total matches PO total, but has adjustment=57.13"
21-14648-20153,2026-05-21,EBAY_PURCHASING_API,cattywampusbooks,5623409000002496965,93.79,93.79,13.79,0.00,0.00,13.79,1,5623409000002494550,21-14648-20153,overdue,80.00,13.79,Shipping Fee + Tax + Handling Fee,93.79,0.00,MATCH_WITH_ADJ,"Bill total matches PO total, but has adjustment=13.79"
23-14644-77160,2026-05-21,EBAY_PURCHASING_API,diaz_electronics,5623409000002491353,79.85,79.85,14.85,0.00,0.00,14.85,1,5623409000002489335,23-14644-77160,overdue,65.00,14.85,Shipping Fee + Tax + Handling Fee,79.85,0.00,MATCH_WITH_ADJ,"Bill total matches PO total, but has adjustment=14.85"
15-14654-41447,2026-05-20,EBAY_PURCHASING_API,beke2080,5623409000002496922,74.45,74.45,9.45,0.00,0.00,9.45,1,5623409000002491336,15-14654-41447,overdue,65.00,9.45,Shipping Fee + Tax + Handling Fee,74.45,0.00,MATCH_WITH_ADJ,"Bill total matches PO total, but has adjustment=9.45"
17-14651-31739,2026-05-20,EBAY_PURCHASING_API,vintagemoviestore,5623409000002491326,69.99,69.99,20.00,0.00,0.00,20.00,1,5623409000002496905,17-14651-31739,overdue,49.99,20.00,Shipping Fee + Tax + Handling Fee,69.99,0.00,MATCH_WITH_ADJ,"Bill total matches PO total, but has adjustment=20.00"
05-14670-85729,2026-05-20,EBAY_PURCHASING_API,salvypride,5623409000002490280,97.54,97.54,22.55,0.00,0.00,22.55,1,5623409000002496885,05-14670-85729,overdue,74.99,22.55,Shipping Fee + Tax + Handling Fee,97.54,0.00,MATCH_WITH_ADJ,"Bill total matches PO total, but has adjustment=22.55"
27-14636-03177,2026-05-20,EBAY_PURCHASING_API,kali.antiques,5623409000002494500,121.63,121.63,11.64,0.00,0.00,11.64,1,5623409000002489315,27-14636-03177,overdue,109.99,11.64,Shipping Fee + Tax + Handling Fee,121.63,0.00,MATCH_WITH_ADJ,"Bill total matches PO total, but has adjustment=11.64"
19-14648-34878,2026-05-20,EBAY_PURCHASING_API,wolviewolverine,5623409000002491319,137.95,137.95,12.95,0.00,0.00,12.95,1,5623409000002494483,19-14648-34878,overdue,125.00,12.95,Shipping Fee + Tax + Handling Fee,137.95,0.00,MATCH_WITH_ADJ,"Bill total matches PO total, but has adjustment=12.95"
15-14654-44643,2026-05-20,EBAY_PURCHASING_API,vintage.tech.depo,5623409000002491312,159.58,159.58,24.59,0.00,0.00,24.59,1,5623409000002496865,15-14654-44643,overdue,134.99,24.59,Shipping Fee + Tax + Handling Fee,159.58,0.00,MATCH_WITH_ADJ,"Bill total matches PO total, but has adjustment=24.59"
05-14670-88356,2026-05-20,EBAY_PURCHASING_API,redwoo-22,5623409000002487446,199.50,199.50,14.50,0.00,0.00,14.50,1,5623409000002489288,05-14670-88356,overdue,185.00,14.50,Shipping Fee + Tax + Handling Fee,199.50,0.00,MATCH_WITH_ADJ,"Bill total matches PO total, but has adjustment=14.50"
01-14677-61127,2026-05-20,EBAY_PURCHASING_API,noisett2,5623409000002490259,164.31,164.31,35.31,0.00,0.00,35.31,1,5623409000002496838,01-14677-61127,overdue,129.00,35.31,Shipping Fee + Tax + Handling Fee,164.31,0.00,MATCH_WITH_ADJ,"Bill total matches PO total, but has adjustment=35.31"
10-14662-27738,2026-05-20,EBAY_PURCHASING_API,shipcycle,5623409000002490252,137.29,137.29,13.98,0.00,0.00,13.98,1,5623409000002487415,10-14662-27738,overdue,123.31,13.98,Shipping Fee + Tax + Handling Fee,137.29,0.00,MATCH_WITH_ADJ,"Bill total matches PO total, but has adjustment=13.98"
02-14675-50647,2026-05-20,EBAY_PURCHASING_API,vintagesale1,5623409000002487404,140.30,140.30,15.80,0.00,0.00,15.80,1,5623409000002496786,02-14675-50647,overdue,124.50,15.80,Shipping Fee + Tax + Handling Fee,140.30,0.00,MATCH_WITH_ADJ,"Bill total matches PO total, but has adjustment=15.80"
18-14649-96185,2026-05-20,EBAY_PURCHASING_API,salvationarmystpetearc,5623409000002494371,44.49,44.49,19.99,0.00,0.00,19.99,1,5623409000002494381,18-14649-96185,overdue,24.50,19.99,Shipping Fee + Tax + Handling Fee,44.49,0.00,MATCH_WITH_ADJ,"Bill total matches PO total, but has adjustment=19.99"
09-14664-19537,2026-05-20,EBAY_PURCHASING_API,tylerraimondi,5623409000002489237,205.40,205.40,19.40,0.00,0.00,19.40,1,5623409000002496766,09-14664-19537,overdue,186.00,19.40,Shipping Fee + Tax + Handling Fee,205.40,0.00,MATCH_WITH_ADJ,"Bill total matches PO total, but has adjustment=19.40"
13-14660-26737,2026-05-20,EBAY_PURCHASING_API,nvp867,5623409000002490233,87.04,87.04,15.05,0.00,0.00,15.05,1,5623409000002494343,13-14660-26737,overdue,71.99,15.05,Shipping Fee + Tax + Handling Fee,87.04,0.00,MATCH_WITH_ADJ,"Bill total matches PO total, but has adjustment=15.05"
15-14656-73905,2026-05-20,EBAY_PURCHASING_API,salvationarmyatlantaarc,5623409000002494313,83.99,83.99,20.99,0.00,0.00,20.99,1,5623409000002494323,15-14656-73905,overdue,63.00,20.99,Shipping Fee + Tax + Handling Fee,83.99,0.00,MATCH_WITH_ADJ,"Bill total matches PO total, but has adjustment=20.99"
11-14663-14254,2026-05-20,EBAY_PURCHASING_API,dexterous2000,5623409000002496748,272.75,332.75,92.75,0.00,0.00,92.75,1,5623409000002490209,11-14663-14254,overdue,240.00,92.75,Shipping Fee + Tax + Handling Fee,332.75,0.00,MATCH_WITH_ADJ,"Bill total matches PO total, but has adjustment=92.75"
62666624,2026-05-19,GOODWILL_SHIPPED,Goodwill,5623409000002492091,45.17,45.17,20.12,1.80,2.25,24.17,1,5623409000002492177,62666624,overdue,21.00,24.17,Shipping Fee + Tax + Handling Fee,45.17,0.00,MATCH_WITH_ADJ,"Bill total matches PO total, but has adjustment=24.17"
62666606,2026-05-19,GOODWILL_SHIPPED,Goodwill,5623409000002492084,41.96,41.96,14.94,1.94,2.99,19.87,1,5623409000002492201,62666606,overdue,22.09,19.87,Shipping Fee + Tax + Handling Fee,41.96,0.00,MATCH_WITH_ADJ,"Bill total matches PO total, but has adjustment=19.87"
62666422,2026-05-19,GOODWILL_SHIPPED,Goodwill,5623409000002491146,30.65,30.65,12.34,1.32,2.00,15.66,1,5623409000002492273,62666422,overdue,14.99,15.66,Shipping Fee + Tax + Handling Fee,30.65,0.00,MATCH_WITH_ADJ,"Bill total matches PO total, but has adjustment=15.66"
62666266,2026-05-19,GOODWILL_SHIPPED,Goodwill,5623409000002489113,37.61,37.61,13.91,1.71,2.00,17.62,1,5623409000002507212,62666266,overdue,19.99,17.62,Shipping Fee + Tax + Handling Fee,37.61,0.00,MATCH_WITH_ADJ,"Bill total matches PO total, but has adjustment=17.62"
62666252,2026-05-19,GOODWILL_SHIPPED,Goodwill,5623409000002492077,45.75,45.75,12.34,2.41,2.00,16.75,1,5623409000002492225,62666252,overdue,29.00,16.75,Shipping Fee + Tax + Handling Fee,45.75,0.00,MATCH_WITH_ADJ,"Bill total matches PO total, but has adjustment=16.75"
62666237,2026-05-19,GOODWILL_SHIPPED,Goodwill,5623409000002490097,69.19,69.19,12.08,4.11,2.00,18.19,1,5623409000002507188,62666237,paid,51.00,18.19,Shipping Fee + Tax + Handling Fee,69.19,0.00,MATCH_WITH_ADJ,"Bill total matches PO total, but has adjustment=18.19"
62666062,2026-05-19,GOODWILL_SHIPPED,Goodwill,5623409000002494168,36.27,36.27,12.57,1.71,2.00,16.28,1,5623409000002492105,62666062,overdue,19.99,16.28,Shipping Fee + Tax + Handling Fee,36.27,0.00,MATCH_WITH_ADJ,"Bill total matches PO total, but has adjustment=16.28"
62666044,2026-05-19,GOODWILL_SHIPPED,Goodwill,5623409000002494161,35.78,35.78,12.08,1.71,2.00,15.79,1,5623409000002492129,62666044,overdue,19.99,15.79,Shipping Fee + Tax + Handling Fee,35.78,0.00,MATCH_WITH_ADJ,"Bill total matches PO total, but has adjustment=15.79"
62666026,2026-05-19,GOODWILL_SHIPPED,Goodwill,5623409000002489099,35.89,35.89,12.19,1.71,2.00,15.90,1,5623409000002507242,62666026,overdue,19.99,15.90,Shipping Fee + Tax + Handling Fee,35.89,0.00,MATCH_WITH_ADJ,"Bill total matches PO total, but has adjustment=15.90"
62666007,2026-05-19,GOODWILL_SHIPPED,Goodwill,5623409000002492070,35.13,35.13,11.43,1.71,2.00,15.14,1,5623409000002492249,62666007,overdue,19.99,15.14,Shipping Fee + Tax + Handling Fee,35.13,0.00,MATCH_WITH_ADJ,"Bill total matches PO total, but has adjustment=15.14"
62665991,2026-05-19,GOODWILL_SHIPPED,Goodwill,5623409000002491139,35.78,35.78,12.08,1.71,2.00,15.79,1,5623409000002492297,62665991,overdue,19.99,15.79,Shipping Fee + Tax + Handling Fee,35.78,0.00,MATCH_WITH_ADJ,"Bill total matches PO total, but has adjustment=15.79"
62665764,2026-05-15,GOODWILL_SHIPPED,Goodwill,5623409000002489092,46.03,28.00,13.70,2.33,2.00,18.03,1,5623409000002507266,62665764,overdue,28.00,18.03,Shipping Fee + Tax + Handling Fee,46.03,18.03,DOUBLE_COUNT_CONFIRMED,Overbilled by 18.03: Bill has 18.03 adjustment for charges already distributed in PO lines
62666344,2026-05-19,GOODWILL_SHIPPED,Goodwill,5623409000002494153,36.82,36.82,10.97,1.86,4.00,16.83,1,5623409000002492153,62666344,overdue,19.99,16.83,Shipping Fee + Tax + Handling Fee,36.82,0.00,MATCH_WITH_ADJ,"Bill total matches PO total, but has adjustment=16.83"
62666590,2026-05-19,GOODWILL_SHIPPED,Goodwill,5623409000002489079,33.62,33.62,13.70,1.43,3.50,18.63,1,5623409000002507290,62666590,overdue,14.99,18.63,Shipping Fee + Tax + Handling Fee,33.62,0.00,MATCH_WITH_ADJ,"Bill total matches PO total, but has adjustment=18.63"
26-14634-35598,2026-05-19,EBAY_PURCHASING_API,goodpointrecycling,5623409000002491127,102.38,102.38,38.88,0.00,0.00,38.88,1,5623409000002489061,26-14634-35598,overdue,63.50,38.88,Shipping Fee + Tax + Handling Fee,102.38,0.00,MATCH_WITH_ADJ,"Bill total matches PO total, but has adjustment=38.88"
25-14635-37897,2026-05-19,EBAY_PURCHASING_API,kylestrinkets,5623409000002492063,350.00,350.00,20.00,0.00,0.00,20.00,1,5623409000002494135,25-14635-37897,overdue,330.00,20.00,Shipping Fee + Tax + Handling Fee,350.00,0.00,MATCH_WITH_ADJ,"Bill total matches PO total, but has adjustment=20.00"
22-14639-89531,2026-05-19,EBAY_PURCHASING_API,krichrist_55,5623409000002491100,220.00,220.00,54.10,0.00,0.00,54.10,1,5623409000002491110,22-14639-89531,overdue,165.90,54.10,Shipping Fee + Tax + Handling Fee,220.00,0.00,MATCH_WITH_ADJ,"Bill total matches PO total, but has adjustment=54.10"
02-14671-35670,2026-05-19,EBAY_PURCHASING_API,ernie2469,5623409000002491093,234.95,234.95,19.95,0.00,0.00,19.95,1,5623409000002489034,02-14671-35670,overdue,215.00,19.95,Shipping Fee + Tax + Handling Fee,234.95,0.00,MATCH_WITH_ADJ,"Bill total matches PO total, but has adjustment=19.95"
10-14658-17099,2026-05-19,EBAY_PURCHASING_API,its_yours_now,5623409000002492049,145.21,145.21,10.21,0.00,0.00,10.21,1,5623409000002490069,10-14658-17099,overdue,135.00,10.21,Shipping Fee + Tax + Handling Fee,145.21,0.00,MATCH_WITH_ADJ,"Bill total matches PO total, but has adjustment=10.21"
10-14658-13180,2026-05-19,EBAY_PURCHASING_API,lasax-62,5623409000002489024,134.00,134.00,24.00,0.00,0.00,24.00,1,5623409000002494108,10-14658-13180,overdue,110.00,24.00,Shipping Fee + Tax + Handling Fee,134.00,0.00,MATCH_WITH_ADJ,"Bill total matches PO total, but has adjustment=24.00"
11-14656-36842,2026-05-19,EBAY_PURCHASING_API,rosemar5829,5623409000002494091,285.70,285.70,35.70,0.00,0.00,35.70,1,5623409000002490049,11-14656-36842,overdue,250.00,35.70,Shipping Fee + Tax + Handling Fee,285.70,0.00,MATCH_WITH_ADJ,"Bill total matches PO total, but has adjustment=35.70"
13-14653-53114,2026-05-19,EBAY_PURCHASING_API,nocapvintage,5623409000002491066,225.00,225.00,25.00,0.00,0.00,25.00,1,5623409000002491076,13-14653-53114,overdue,200.00,25.00,Shipping Fee + Tax + Handling Fee,225.00,0.00,MATCH_WITH_ADJ,"Bill total matches PO total, but has adjustment=25.00"
08-14660-82257,2026-05-19,EBAY_PURCHASING_API,deabal-0,5623409000002492035,243.30,243.30,33.30,0.00,0.00,33.30,1,5623409000002490029,08-14660-82257,overdue,210.00,33.30,Shipping Fee + Tax + Handling Fee,243.30,0.00,MATCH_WITH_ADJ,"Bill total matches PO total, but has adjustment=33.30"
06-14664-39692,2026-05-19,EBAY_PURCHASING_API,mc-225,5623409000002494057,113.60,113.60,23.60,0.00,0.00,23.60,1,5623409000002494067,06-14664-39692,overdue,90.00,23.60,Shipping Fee + Tax + Handling Fee,113.60,0.00,MATCH_WITH_ADJ,"Bill total matches PO total, but has adjustment=23.60"
12-14654-73780,2026-05-19,EBAY_PURCHASING_API,snojak6,5623409000002490018,312.85,312.85,62.85,0.00,0.00,62.85,1,5623409000002494034,12-14654-73780,overdue,250.00,62.85,Shipping Fee + Tax + Handling Fee,312.85,0.00,MATCH_WITH_ADJ,"Bill total matches PO total, but has adjustment=62.85"
8210897921588387,2026-05-18,ALIEXPRESS_CSV,BESTI Audio Global Store,5623409000002474191,11.63,11.63,0.00,0.84,0.00,0.84,1,5623409000002465819,8210897921588387,overdue,10.79,0.84,Shipping Fee + Tax + Handling Fee,11.63,0.00,MATCH_WITH_ADJ,"Bill total matches PO total, but has adjustment=0.84"
8210897921568387,2026-05-18,ALIEXPRESS_CSV,Shop910442303 Store,5623409000002471791,5.23,5.23,0.00,0.37,0.00,0.37,1,5623409000002465771,8210897921568387,overdue,4.86,0.37,Shipping Fee + Tax + Handling Fee,5.23,0.00,MATCH_WITH_ADJ,"Bill total matches PO total, but has adjustment=0.37"
8210897921608387,2026-05-18,ALIEXPRESS_CSV,BESTSELLER Chioce Store,5623409000002471767,1.81,1.81,0.00,0.13,0.00,0.13,1,5623409000002465795,8210897921608387,overdue,1.68,0.13,Shipping Fee + Tax + Handling Fee,1.81,0.00,MATCH_WITH_ADJ,"Bill total matches PO total, but has adjustment=0.13"
02-14667-66777,2026-05-18,EBAY_PURCHASING_API,saint_neravar,5623409000002465600,74.30,74.30,10.30,0.00,0.00,10.30,1,5623409000002471723,02-14667-66777,overdue,64.00,10.30,Shipping Fee + Tax + Handling Fee,74.30,0.00,MATCH_WITH_ADJ,"Bill total matches PO total, but has adjustment=10.30"
09-14656-18705,2026-05-18,EBAY_PURCHASING_API,pawn-chicago,5623409000002471713,100.00,100.00,20.00,0.00,0.00,20.00,1,5623409000002476208,09-14656-18705,overdue,80.00,20.00,Shipping Fee + Tax + Handling Fee,100.00,0.00,MATCH_WITH_ADJ,"Bill total matches PO total, but has adjustment=20.00"
21-14637-23981,2026-05-18,EBAY_PURCHASING_API,koko9990,5623409000002466568,59.00,59.00,14.00,0.00,0.00,14.00,1,5623409000002472595,21-14637-23981,overdue,45.00,14.00,Shipping Fee + Tax + Handling Fee,59.00,0.00,MATCH_WITH_ADJ,"Bill total matches PO total, but has adjustment=14.00"
22-14636-06774,2026-05-18,EBAY_PURCHASING_API,quietcornerofct,5623409000002465586,111.50,111.50,11.50,0.00,0.00,11.50,1,5623409000002476181,22-14636-06774,overdue,100.00,11.50,Shipping Fee + Tax + Handling Fee,111.50,0.00,MATCH_WITH_ADJ,"Bill total matches PO total, but has adjustment=11.50"
04-14664-77639,2026-05-18,EBAY_PURCHASING_API,monte970970,5623409000002465579,81.39,81.39,21.40,0.00,0.00,21.40,1,5623409000002476161,04-14664-77639,overdue,59.99,21.40,Shipping Fee + Tax + Handling Fee,81.39,0.00,MATCH_WITH_ADJ,"Bill total matches PO total, but has adjustment=21.40"
26-14630-38268,2026-05-18,EBAY_PURCHASING_API,44265,5623409000002476151,207.34,207.34,32.34,0.00,0.00,32.34,1,5623409000002474133,26-14630-38268,overdue,175.00,32.34,Shipping Fee + Tax + Handling Fee,207.34,0.00,MATCH_WITH_ADJ,"Bill total matches PO total, but has adjustment=32.34"
14-14649-11394,2026-05-18,EBAY_PURCHASING_API,thelmdealb,5623409000002466554,235.75,235.75,36.75,0.00,0.00,36.75,1,5623409000002472575,14-14649-11394,overdue,199.00,36.75,Shipping Fee + Tax + Handling Fee,235.75,0.00,MATCH_WITH_ADJ,"Bill total matches PO total, but has adjustment=36.75"
19-14641-39692,2026-05-18,EBAY_PURCHASING_API,lan-875869,5623409000002474116,246.34,246.34,31.34,0.00,0.00,31.34,1,5623409000002466537,19-14641-39692,overdue,215.00,31.34,Shipping Fee + Tax + Handling Fee,246.34,0.00,MATCH_WITH_ADJ,"Bill total matches PO total, but has adjustment=31.34"
11-14653-93312,2026-05-18,EBAY_PURCHASING_API,thatmngameguy,5623409000002472558,50.35,50.35,24.35,0.00,0.00,24.35,1,5623409000002466510,11-14653-93312,overdue,26.00,24.35,Shipping Fee + Tax + Handling Fee,50.35,0.00,MATCH_WITH_ADJ,"Bill total matches PO total, but has adjustment=24.35"
23-14635-45197,2026-05-18,EBAY_PURCHASING_API,candy_cane_land,5623409000002471705,137.46,137.46,24.99,0.00,0.00,24.99,1,5623409000002476128,23-14635-45197,overdue,112.47,24.99,Shipping Fee + Tax + Handling Fee,137.46,0.00,MATCH_WITH_ADJ,"Bill total matches PO total, but has adjustment=24.99"
22-14637-12496,2026-05-18,EBAY_PURCHASING_API,mixmasterkm,5623409000002465545,74.25,74.25,16.35,0.00,0.00,16.35,1,5623409000002465555,22-14637-12496,overdue,57.90,16.35,Shipping Fee + Tax + Handling Fee,74.25,0.00,MATCH_WITH_ADJ,"Bill total matches PO total, but has adjustment=16.35"
13-14-64831790,2026-05-18,EBAY_PURCHASING_API,goodpointrecycling,5623409000002466487,118.40,118.40,54.90,0.00,0.00,54.90,1,5623409000002465502,13-14-64831790,overdue,63.50,54.90,Shipping Fee + Tax + Handling Fee,118.40,0.00,MATCH_WITH_ADJ,"Bill total matches PO total, but has adjustment=54.90"
01-14668-28903,2026-05-18,EBAY_PURCHASING_API,wnnrwnnrchkndnnr1,5623409000002471654,330.98,330.98,30.98,0.00,0.00,30.98,1,5623409000002466470,01-14668-28903,overdue,300.00,30.98,Shipping Fee + Tax + Handling Fee,330.98,0.00,MATCH_WITH_ADJ,"Bill total matches PO total, but has adjustment=30.98"
21-14635-75872,2026-05-18,EBAY_PURCHASING_API,yfllc1,5623409000002474095,67.72,67.72,7.73,0.00,0.00,7.73,1,5623409000002467453,21-14635-75872,overdue,59.99,7.73,Shipping Fee + Tax + Handling Fee,67.72,0.00,MATCH_WITH_ADJ,"Bill total matches PO total, but has adjustment=7.73"
02-14666-26290,2026-05-18,EBAY_PURCHASING_API,cash4clothesbozeman,5623409000002471613,34.99,34.99,9.99,0.00,0.00,9.99,1,5623409000002471623,02-14666-26290,overdue,25.00,9.99,Shipping Fee + Tax + Handling Fee,34.99,0.00,MATCH_WITH_ADJ,"Bill total matches PO total, but has adjustment=9.99"
17-14642-46284,2026-05-18,EBAY_PURCHASING_API,tylergwesterhold,5623409000002472498,374.36,374.36,24.36,0.00,0.00,24.36,1,5623409000002474064,17-14642-46284,overdue,350.00,24.36,Shipping Fee + Tax + Handling Fee,374.36,0.00,MATCH_WITH_ADJ,"Bill total matches PO total, but has adjustment=24.36"
05-14660-17580,2026-05-18,EBAY_PURCHASING_API,itemsfor$,5623409000002465488,230.00,230.00,50.00,0.00,0.00,50.00,1,5623409000002471584,05-14660-17580,paid,180.00,50.00,Shipping Fee + Tax + Handling Fee,230.00,0.00,MATCH_WITH_ADJ,"Bill total matches PO total, but has adjustment=50.00"
17-14639-98881,2026-05-18,EBAY_PURCHASING_API,neumie99,5623409000002467386,55.12,55.12,17.12,0.00,0.00,17.12,1,5623409000002465434,17-14639-98881,paid,38.00,17.12,Shipping Fee + Tax + Handling Fee,55.12,0.00,MATCH_WITH_ADJ,"Bill total matches PO total, but has adjustment=17.12"
21-14631-07993,2026-05-17,EBAY_PURCHASING_API,goliath7742,5623409000002469505,145.95,145.95,19.99,0.00,0.00,19.99,1,5623409000002471504,21-14631-07993,paid,125.96,19.99,Shipping Fee + Tax + Handling Fee,145.95,0.00,MATCH_WITH_ADJ,"Bill total matches PO total, but has adjustment=19.99"
27-14622-37140,2026-05-17,EBAY_PURCHASING_API,natedog1324,5623409000002465398,116.34,116.34,31.34,0.00,0.00,31.34,1,5623409000002466429,27-14622-37140,overdue,85.00,31.34,Shipping Fee + Tax + Handling Fee,116.34,0.00,MATCH_WITH_ADJ,"Bill total matches PO total, but has adjustment=31.34"
24-14641-60356,2026-05-17,EBAY_PURCHASING_API,aldo20011,5623409000002467345,114.33,114.33,34.33,0.00,0.00,34.33,1,5623409000002471424,24-14641-60356,paid,80.00,34.33,Shipping Fee + Tax + Handling Fee,114.33,0.00,MATCH_WITH_ADJ,"Bill total matches PO total, but has adjustment=34.33"
19-14634-66165,2026-05-17,EBAY_PURCHASING_API,tamfos_26,5623409000002469461,430.93,430.93,30.95,0.00,0.00,30.95,1,5623409000002465359,19-14634-66165,paid,399.98,30.95,Shipping Fee + Tax + Handling Fee,430.93,0.00,MATCH_WITH_ADJ,"Bill total matches PO total, but has adjustment=30.95"
25-14625-97134,2026-05-17,EBAY_PURCHASING_API,turntables_and_trails_seattle,5623409000002465349,88.63,88.63,18.63,0.00,0.00,18.63,1,5623409000002467328,25-14625-97134,paid,70.00,18.63,Shipping Fee + Tax + Handling Fee,88.63,0.00,MATCH_WITH_ADJ,"Bill total matches PO total, but has adjustment=18.63"
17-14638-45555,2026-05-17,EBAY_PURCHASING_API,fullcirclevtg,5623409000002472367,55.00,55.00,15.00,0.00,0.00,15.00,1,5623409000002465332,17-14638-45555,paid,40.00,15.00,Shipping Fee + Tax + Handling Fee,55.00,0.00,MATCH_WITH_ADJ,"Bill total matches PO total, but has adjustment=15.00"
26-14625-49353,2026-05-17,EBAY_PURCHASING_API,chioke-0,5623409000002472360,93.00,93.00,23.00,0.00,0.00,23.00,1,5623409000002469422,26-14625-49353,paid,70.00,23.00,Shipping Fee + Tax + Handling Fee,93.00,0.00,MATCH_WITH_ADJ,"Bill total matches PO total, but has adjustment=23.00"
62531673,2026-05-13,GOODWILL_SHIPPED,Goodwill,5623409000002469389,35.59,35.59,11.89,1.71,2.00,15.60,1,5623409000002503827,62531673,overdue,19.99,15.60,Shipping Fee + Tax + Handling Fee,35.59,0.00,MATCH_WITH_ADJ,"Bill total matches PO total, but has adjustment=15.60"
16-14633-84979,2026-05-16,EBAY_DRAGON_API,superpackage,5623409000002469363,89.00,89.00,0.00,0.00,0.00,0.00,2,5623409000002554716,16-14633-84979,overdue,44.50,0.00,Shipping Fee + Tax + Handling Fee,44.50,-44.50,PARTIAL_OR_MULTI_BILL,Multiple bills on PO; single bill diff is -44.50
16-14633-84979,2026-05-16,EBAY_DRAGON_API,superpackage,5623409000002469363,89.00,89.00,0.00,0.00,0.00,0.00,2,5623409000002554739,16-14633-84979 2nd,overdue,44.50,0.00,Shipping Fee + Tax + Handling Fee,44.50,-44.50,PARTIAL_OR_MULTI_BILL,Multiple bills on PO; single bill diff is -44.50
07-14652-22687,2026-05-17,EBAY_PURCHASING_API,beapurple,5623409000002471281,110.00,110.00,10.00,0.00,0.00,10.00,1,5623409000002467267,07-14652-22687,paid,100.00,10.00,Shipping Fee + Tax + Handling Fee,110.00,0.00,MATCH_WITH_ADJ,"Bill total matches PO total, but has adjustment=10.00"
03-14655-76703,2026-05-16,EBAY_PURCHASING_API,watchingthetime09,5623409000002467257,84.00,84.00,14.00,0.00,0.00,14.00,1,5623409000002466297,03-14655-76703,paid,70.00,14.00,Shipping Fee + Tax + Handling Fee,84.00,0.00,MATCH_WITH_ADJ,"Bill total matches PO total, but has adjustment=14.00"
20-14629-12487,2026-05-16,EBAY_PURCHASING_API,mobileceller,5623409000002469339,122.35,122.35,22.40,0.00,0.00,22.40,1,5623409000002465283,20-14629-12487,paid,99.95,22.40,Shipping Fee + Tax + Handling Fee,122.35,0.00,MATCH_WITH_ADJ,"Bill total matches PO total, but has adjustment=22.40"
07-14649-62004,2026-05-16,EBAY_PURCHASING_API,mat_9050,5623409000002469315,206.00,206.00,30.00,0.00,0.00,30.00,1,5623409000002467233,07-14649-62004,paid,176.00,30.00,Shipping Fee + Tax + Handling Fee,206.00,0.00,MATCH_WITH_ADJ,"Bill total matches PO total, but has adjustment=30.00"
21-14627-31953,2026-05-16,EBAY_PURCHASING_API,greenetrunrun,5623409000002467189,185.00,185.00,30.00,0.00,0.00,30.00,1,5623409000002466230,21-14627-31953,paid,155.00,30.00,Shipping Fee + Tax + Handling Fee,185.00,0.00,MATCH_WITH_ADJ,"Bill total matches PO total, but has adjustment=30.00"
22-14626-59708,2026-05-16,EBAY_PURCHASING_API,silver_3941,5623409000002472279,61.34,61.34,31.34,0.00,0.00,31.34,1,5623409000002465256,22-14626-59708,paid,30.00,31.34,Shipping Fee + Tax + Handling Fee,61.34,0.00,MATCH_WITH_ADJ,"Bill total matches PO total, but has adjustment=31.34"
24-14638-73675,2026-05-16,EBAY_PURCHASING_API,nlny_usa,5623409000002469235,85.65,85.65,15.65,0.00,0.00,15.65,1,5623409000002471220,24-14638-73675,paid,70.00,15.65,Shipping Fee + Tax + Handling Fee,85.65,0.00,MATCH_WITH_ADJ,"Bill total matches PO total, but has adjustment=15.65"
03-14656-94838,2026-05-16,EBAY_PURCHASING_API,tp_photos65,5623409000002469228,230.00,230.00,27.33,0.00,0.00,27.33,1,5623409000002465236,03-14656-94838,paid,202.67,27.33,Shipping Fee + Tax + Handling Fee,230.00,0.00,MATCH_WITH_ADJ,"Bill total matches PO total, but has adjustment=27.33"
27-14619-76808,2026-05-16,EBAY_PURCHASING_API,thodgez28,5623409000002465219,102.83,102.83,22.85,0.00,0.00,22.85,1,5623409000002472191,27-14619-76808,paid,79.98,22.85,Shipping Fee + Tax + Handling Fee,102.83,0.00,MATCH_WITH_ADJ,"Bill total matches PO total, but has adjustment=22.85"
13-14641-78128,2026-05-16,EBAY_PURCHASING_API,thriftlikeheck,5623409000002467165,76.85,76.85,16.85,0.00,0.00,16.85,1,5623409000002469211,13-14641-78128,paid,60.00,16.85,Shipping Fee + Tax + Handling Fee,76.85,0.00,MATCH_WITH_ADJ,"Bill total matches PO total, but has adjustment=16.85"
11-14639-20340,2026-05-15,EBAY_PURCHASING_API,thetreasureplug,5623409000002472164,92.20,92.20,12.20,0.00,0.00,12.20,1,5623409000002469184,11-14639-20340,paid,80.00,12.20,Shipping Fee + Tax + Handling Fee,92.20,0.00,MATCH_WITH_ADJ,"Bill total matches PO total, but has adjustment=12.20"
06-14647-53278,2026-05-15,EBAY_PURCHASING_API,tommicks,5623409000002471190,37.12,37.12,17.12,0.00,0.00,17.12,1,5623409000002472137,06-14647-53278,paid,20.00,17.12,Shipping Fee + Tax + Handling Fee,37.12,0.00,MATCH_WITH_ADJ,"Bill total matches PO total, but has adjustment=17.12"
04-14651-85339,2026-05-15,EBAY_PURCHASING_API,elcycle,5623409000002467122,69.99,69.99,19.99,0.00,0.00,19.99,1,5623409000002472117,04-14651-85339,paid,50.00,19.99,Shipping Fee + Tax + Handling Fee,69.99,0.00,MATCH_WITH_ADJ,"Bill total matches PO total, but has adjustment=19.99"
62531791,2026-05-13,GOODWILL_SHIPPED,Goodwill,5623409000002434023,29.23,29.23,10.12,1.37,2.75,14.24,1,5623409000002439459,62531791,paid,14.99,14.24,Shipping Fee + Tax + Handling Fee,29.23,0.00,MATCH_WITH_ADJ,"Bill total matches PO total, but has adjustment=14.24"
112-8964034-9191428,2026-03-27,UNKNOWN,AMAZON,5623409000002432242,35.94,35.94,0.00,0.00,0.00,0.00,0,,,UNBILLED,0.00,0.00,,0.00,0.00,UNBILLED,PO has no linked bills in Zoho
112-8964034-8191428,2026-03-27,UNKNOWN,Anylabel,5623409000002423956,35.95,35.95,0.00,0.00,0.00,0.00,0,,,UNBILLED,0.00,0.00,,0.00,0.00,UNBILLED,PO has no linked bills in Zoho
113-7718478-1082621,2026-03-18,UNKNOWN,Yeardera,5623409000002429535,23.97,23.97,0.00,0.00,0.00,0.00,0,,,UNBILLED,0.00,0.00,,0.00,0.00,UNBILLED,PO has no linked bills in Zoho
257651898,2026-03-10,UNKNOWN,Goodwill Industries of South Florida,5623409000002425906,37.03,37.03,0.00,0.00,0.00,0.00,0,,,UNBILLED,0.00,0.00,,0.00,0.00,UNBILLED,PO has no linked bills in Zoho
REPAIRED IN VIETNAM/ BOSE 251 Driver Speaker,2026-05-11,MANUAL,LOA KHANH,5623409000002410499,0.00,0.00,0.00,0.00,0.00,0.00,0,,,UNBILLED,0.00,0.00,,0.00,0.00,UNBILLED,PO has no linked bills in Zoho
27-14613-42566,2026-05-15,EBAY_PURCHASING_API,slot_4105,5623409000002408621,88.28,88.28,12.58,0.00,0.00,12.58,1,5623409000002406952,27-14613-42566,overdue,75.70,12.58,Shipping Fee + Tax + Handling Fee,88.28,0.00,MATCH_WITH_ADJ,"Bill total matches PO total, but has adjustment=12.58"
27-14613-51816,2026-05-15,EBAY_PURCHASING_API,wy4pf-20,5623409000002415008,77.58,77.58,12.58,0.00,0.00,12.58,1,5623409000002413331,27-14613-51816,paid,65.00,12.58,Shipping Fee + Tax + Handling Fee,77.58,0.00,MATCH_WITH_ADJ,"Bill total matches PO total, but has adjustment=12.58"
18-14627-23622,2026-05-15,EBAY_PURCHASING_API,michaeldigger78,5623409000002411357,77.58,77.58,12.58,0.00,0.00,12.58,1,5623409000002407991,18-14627-23622,paid,65.00,12.58,Shipping Fee + Tax + Handling Fee,77.58,0.00,MATCH_WITH_ADJ,"Bill total matches PO total, but has adjustment=12.58"
09-14641-11437,2026-05-15,EBAY_PURCHASING_API,pnwvintagesales,5623409000002407981,88.57,88.57,18.57,0.00,0.00,18.57,1,5623409000002408587,09-14641-11437,paid,70.00,18.57,Shipping Fee + Tax + Handling Fee,88.57,0.00,MATCH_WITH_ADJ,"Bill total matches PO total, but has adjustment=18.57"
62531692,2026-05-13,GOODWILL_SHIPPED,Goodwill,5623409000002413252,41.75,41.75,11.43,2.19,2.00,15.62,1,5623409000002416120,62531692,overdue,26.13,15.62,Shipping Fee + Tax + Handling Fee,41.75,0.00,MATCH_WITH_ADJ,"Bill total matches PO total, but has adjustment=15.62"
62531659,2026-05-13,GOODWILL_SHIPPED,Goodwill,5623409000002413217,35.59,35.59,11.89,1.71,2.00,15.60,1,5623409000002416144,62531659,overdue,19.99,15.60,Shipping Fee + Tax + Handling Fee,35.59,0.00,MATCH_WITH_ADJ,"Bill total matches PO total, but has adjustment=15.60"
62531641,2026-05-13,GOODWILL_SHIPPED,Goodwill,5623409000002410350,69.03,69.03,10.84,4.19,4.00,19.03,1,5623409000002416288,62531641,overdue,50.00,19.03,Shipping Fee + Tax + Handling Fee,69.03,0.00,MATCH_WITH_ADJ,"Bill total matches PO total, but has adjustment=19.03"
62531607,2026-05-13,GOODWILL_SHIPPED,Goodwill,5623409000002410343,53.05,53.05,17.50,2.56,2.99,23.05,1,5623409000002416312,62531607,overdue,30.00,23.05,Shipping Fee + Tax + Handling Fee,53.05,0.00,MATCH_WITH_ADJ,"Bill total matches PO total, but has adjustment=23.05"
62531685,2026-05-13,GOODWILL_SHIPPED,Goodwill,5623409000002413210,35.78,35.78,12.08,1.71,2.00,15.79,1,5623409000002416168,62531685,overdue,19.99,15.79,Shipping Fee + Tax + Handling Fee,35.78,0.00,MATCH_WITH_ADJ,"Bill total matches PO total, but has adjustment=15.79"
62453197,2026-05-13,GOODWILL_SHIPPED,Goodwill,5623409000002413199,125.56,125.56,16.73,7.83,2.00,26.56,1,5623409000002416192,62453197,overdue,99.00,26.56,Shipping Fee + Tax + Handling Fee,125.56,0.00,MATCH_WITH_ADJ,"Bill total matches PO total, but has adjustment=26.56"
62531718,2026-05-13,GOODWILL_SHIPPED,Goodwill,5623409000002413192,40.15,40.15,18.61,1.55,5.00,25.16,1,5623409000002416216,62531718,overdue,14.99,25.16,Shipping Fee + Tax + Handling Fee,40.15,0.00,MATCH_WITH_ADJ,"Bill total matches PO total, but has adjustment=25.16"
62531733,2026-05-13,GOODWILL_SHIPPED,Goodwill,5623409000002411282,79.19,79.19,10.50,4.94,3.75,19.19,1,5623409000002416264,62531733,overdue,60.00,19.19,Shipping Fee + Tax + Handling Fee,79.19,0.00,MATCH_WITH_ADJ,"Bill total matches PO total, but has adjustment=19.19"
62531762,2026-05-13,GOODWILL_SHIPPED,Goodwill,5623409000002410336,29.30,29.30,13.13,1.17,2.00,16.30,1,5623409000002416336,62531762,overdue,13.00,16.30,Shipping Fee + Tax + Handling Fee,29.30,0.00,MATCH_WITH_ADJ,"Bill total matches PO total, but has adjustment=16.30"
62531781,2026-05-13,GOODWILL_SHIPPED,Goodwill,5623409000002406888,53.86,53.86,0.01,3.87,0.00,3.88,1,5623409000002416356,62531781,overdue,49.98,3.88,Shipping Fee + Tax + Handling Fee,53.86,0.00,MATCH_WITH_ADJ,"Bill total matches PO total, but has adjustment=3.88"
62531805,2026-05-13,GOODWILL_SHIPPED,Goodwill,5623409000002413185,42.80,42.80,13.70,2.10,2.00,17.80,1,5623409000002416240,62531805,overdue,25.00,17.80,Shipping Fee + Tax + Handling Fee,42.80,0.00,MATCH_WITH_ADJ,"Bill total matches PO total, but has adjustment=17.80"
06-14645-26252,2026-05-14,EBAY_PURCHASING_API,fldealz_9,5623409000002406881,129.95,129.95,29.95,0.00,0.00,29.95,1,5623409000002413168,06-14645-26252,paid,100.00,29.95,Shipping Fee + Tax + Handling Fee,129.95,0.00,MATCH_WITH_ADJ,"Bill total matches PO total, but has adjustment=29.95"
17 PALLETS OF CD DRIVE,2026-05-14,MANUAL,Techbros LLC,5623409000002411213,133000.00,133000.00,0.00,0.00,0.00,0.00,5,5623409000002554466,17 PALLETS OF CD DRIVE - 1st,overdue,34481.48,0.00,Shipping Fee + Tax + Handling Fee,34481.48,-98518.52,PARTIAL_OR_MULTI_BILL,Multiple bills on PO; single bill diff is -98518.52
17 PALLETS OF CD DRIVE,2026-05-14,MANUAL,Techbros LLC,5623409000002411213,133000.00,133000.00,0.00,0.00,0.00,0.00,5,5623409000002554489,17 PALLETS OF CD DRIVE - 2nd,overdue,45515.56,0.00,Shipping Fee + Tax + Handling Fee,45515.56,-87484.44,PARTIAL_OR_MULTI_BILL,Multiple bills on PO; single bill diff is -87484.44
17 PALLETS OF CD DRIVE,2026-05-14,MANUAL,Techbros LLC,5623409000002411213,133000.00,133000.00,0.00,0.00,0.00,0.00,5,5623409000002554521,17 PALLETS OF CD DRIVE - 3rd,overdue,6896.30,0.00,Shipping Fee + Tax + Handling Fee,6896.30,-126103.70,PARTIAL_OR_MULTI_BILL,Multiple bills on PO; single bill diff is -126103.70
17 PALLETS OF CD DRIVE,2026-05-14,MANUAL,Techbros LLC,5623409000002411213,133000.00,133000.00,0.00,0.00,0.00,0.00,5,5623409000002563690,17 PALLETS OF CD DRIVE - 4th,overdue,41377.78,0.00,Shipping Fee + Tax + Handling Fee,41377.78,-91622.22,PARTIAL_OR_MULTI_BILL,Multiple bills on PO; single bill diff is -91622.22
17 PALLETS OF CD DRIVE,2026-05-14,MANUAL,Techbros LLC,5623409000002411213,133000.00,133000.00,0.00,0.00,0.00,0.00,5,5623409000002730325,17 PALLETS OF CD DRIVE - 5th,overdue,4720.88,0.00,Shipping Fee + Tax + Handling Fee,4720.88,-128279.12,PARTIAL_OR_MULTI_BILL,Multiple bills on PO; single bill diff is -128279.12
20-14623-03106,2026-05-14,EBAY_PURCHASING_API,ayoafol_15,5623409000002406865,209.99,209.99,24.99,0.00,0.00,24.99,1,5623409000002410266,20-14623-03106,paid,185.00,24.99,Shipping Fee + Tax + Handling Fee,209.99,0.00,MATCH_WITH_ADJ,"Bill total matches PO total, but has adjustment=24.99"
07-14642-48790,2026-05-14,EBAY_PURCHASING_API,bcspawn,5623409000002408466,123.16,123.16,13.16,0.00,0.00,13.16,1,5623409000002411137,07-14642-48790,paid,110.00,13.16,Shipping Fee + Tax + Handling Fee,123.16,0.00,MATCH_WITH_ADJ,"Bill total matches PO total, but has adjustment=13.16"
05-14645-10821,2026-05-14,EBAY_PURCHASING_API,rods_shelf,5623409000002408439,144.99,144.99,19.99,0.00,0.00,19.99,1,5623409000002408449,05-14645-10821,paid,125.00,19.99,Shipping Fee + Tax + Handling Fee,144.99,0.00,MATCH_WITH_ADJ,"Bill total matches PO total, but has adjustment=19.99"
18-14154-52003,2026-01-29,UNKNOWN,jcou8117,5623409000002391939,93.10,93.10,0.00,0.00,0.00,0.00,1,5623409000002754414,18-14154-52003,overdue,70.00,23.10,Shipping Fee + Tax + Handling Fee,93.10,0.00,MATCH_WITH_ADJ,"Bill total matches PO total, but has adjustment=23.10"
05-14643-15329,2026-05-14,EBAY_PURCHASING_API,salvationarmytulsaarc,5623409000002369182,123.49,123.49,20.99,0.00,0.00,20.99,1,5623409000002373423,05-14643-15329,paid,102.50,20.99,Shipping Fee + Tax + Handling Fee,123.49,0.00,MATCH_WITH_ADJ,"Bill total matches PO total, but has adjustment=20.99"
23-14614-87726,2026-05-14,EBAY_PURCHASING_API,loftonfamily,5623409000002369175,75.00,75.00,20.00,0.00,0.00,20.00,1,5623409000002363409,23-14614-87726,paid,55.00,20.00,Shipping Fee + Tax + Handling Fee,75.00,0.00,MATCH_WITH_ADJ,"Bill total matches PO total, but has adjustment=20.00"
17-14621-18769,2026-05-13,EBAY_PURCHASING_API,jatoo_47,5623409000002372477,131.34,131.34,31.34,0.00,0.00,31.34,1,5623409000002369118,17-14621-18769,paid,100.00,31.34,Shipping Fee + Tax + Handling Fee,131.34,0.00,MATCH_WITH_ADJ,"Bill total matches PO total, but has adjustment=31.34"
62531585,2026-05-13,GOODWILL_SHIPPED,Goodwill,5623409000002353132,23.65,23.65,10.74,0.93,4.00,15.67,1,5623409000002353156,62531585,paid,7.98,15.67,Shipping Fee + Tax + Handling Fee,23.65,0.00,MATCH_WITH_ADJ,"Bill total matches PO total, but has adjustment=15.67"
18-14620-61626,2026-05-13,EBAY_PURCHASING_API,rhea421989,5623409000002348823,185.00,185.00,35.00,0.00,0.00,35.00,1,5623409000002351721,18-14620-61626,paid,150.00,35.00,Shipping Fee + Tax + Handling Fee,185.00,0.00,MATCH_WITH_ADJ,"Bill total matches PO total, but has adjustment=35.00"
62325901,2026-05-04,GOODWILL_SHIPPED,Goodwill,5623409000002343306,134.01,134.01,15.22,8.54,2.25,26.01,1,5623409000002340748,62325901,paid,108.00,26.01,Shipping Fee + Tax + Handling Fee,134.01,0.00,MATCH_WITH_ADJ,"Bill total matches PO total, but has adjustment=26.01"
10-14631-93486,2026-05-13,EBAY_PURCHASING_API,thegridgoodwill,5623409000002331326,161.50,161.50,9.00,0.00,0.00,9.00,1,5623409000002328265,10-14631-93486,paid,152.50,9.00,Shipping Fee + Tax + Handling Fee,161.50,0.00,MATCH_WITH_ADJ,"Bill total matches PO total, but has adjustment=9.00"
14-14626-00879,2026-05-13,EBAY_PURCHASING_API,miccraw3791,5623409000002333622,51.42,51.42,21.42,0.00,0.00,21.42,1,5623409000002333632,14-14626-00879,paid,30.00,21.42,Shipping Fee + Tax + Handling Fee,51.42,0.00,MATCH_WITH_ADJ,"Bill total matches PO total, but has adjustment=21.42"
07-14637-71985,2026-05-13,EBAY_PURCHASING_API,timmyhermann1,5623409000002331302,125.55,125.55,25.55,0.00,0.00,25.55,1,5623409000002325182,07-14637-71985,paid,100.00,25.55,Shipping Fee + Tax + Handling Fee,125.55,0.00,MATCH_WITH_ADJ,"Bill total matches PO total, but has adjustment=25.55"
01-14648-44744,2026-05-13,EBAY_PURCHASING_API,hospicebenefitshop,5623409000002331295,56.17,56.17,19.17,0.00,0.00,19.17,1,5623409000002326313,01-14648-44744,paid,37.00,19.17,Shipping Fee + Tax + Handling Fee,56.17,0.00,MATCH_WITH_ADJ,"Bill total matches PO total, but has adjustment=19.17"
62487260,2026-05-11,GOODWILL_SHIPPED,Goodwill,5623409000002323192,93.97,106.97,15.38,6.59,4.00,25.97,1,5623409000002323207,62487260,overdue,81.00,25.97,Shipping Fee + Tax + Handling Fee,106.97,0.00,MATCH_WITH_ADJ,"Bill total matches PO total, but has adjustment=25.97"
17-14619-76278,2026-05-13,EBAY_PURCHASING_API,br776262,5623409000002327876,69.38,69.38,19.38,0.00,0.00,19.38,1,5623409000002325106,17-14619-76278,paid,50.00,19.38,Shipping Fee + Tax + Handling Fee,69.38,0.00,MATCH_WITH_ADJ,"Bill total matches PO total, but has adjustment=19.38"
03-14638-41859,2026-05-12,EBAY_PURCHASING_API,dragonmasters_finds,5623409000002325095,120.69,120.69,35.70,0.00,0.00,35.70,1,5623409000002326228,03-14638-41859,paid,84.99,35.70,Shipping Fee + Tax + Handling Fee,120.69,0.00,MATCH_WITH_ADJ,"Bill total matches PO total, but has adjustment=35.70"
16-14618-23047,2026-05-12,EBAY_PURCHASING_API,adma90,5623409000002323115,105.83,105.83,15.84,0.00,0.00,15.84,1,5623409000002323125,16-14618-23047,paid,89.99,15.84,Shipping Fee + Tax + Handling Fee,105.83,0.00,MATCH_WITH_ADJ,"Bill total matches PO total, but has adjustment=15.84"
18-14615-15584,2026-05-12,EBAY_PURCHASING_API,grimzyraider,5623409000002328148,53.42,53.42,8.43,0.00,0.00,8.43,1,5623409000002326191,18-14615-15584,paid,44.99,8.43,Shipping Fee + Tax + Handling Fee,53.42,0.00,MATCH_WITH_ADJ,"Bill total matches PO total, but has adjustment=8.43"
11-14625-89239,2026-05-12,EBAY_PURCHASING_API,certifiedrhodes,5623409000002331151,86.12,86.12,16.25,0.00,0.00,16.25,1,5623409000002326145,11-14625-89239,paid,69.87,16.25,Shipping Fee + Tax + Handling Fee,86.12,0.00,MATCH_WITH_ADJ,"Bill total matches PO total, but has adjustment=16.25"
18-14615-18254,2026-05-12,EBAY_PURCHASING_API,thegaragegodfather,5623409000002325061,104.50,104.50,14.50,0.00,0.00,14.50,1,5623409000002331114,18-14615-18254,paid,90.00,14.50,Shipping Fee + Tax + Handling Fee,104.50,0.00,MATCH_WITH_ADJ,"Bill total matches PO total, but has adjustment=14.50"
03-14638-46801,2026-05-12,EBAY_PURCHASING_API,mattcleary85,5623409000002325054,131.55,131.55,31.56,0.00,0.00,31.56,1,5623409000002331077,03-14638-46801,paid,99.99,31.56,Shipping Fee + Tax + Handling Fee,131.55,0.00,MATCH_WITH_ADJ,"Bill total matches PO total, but has adjustment=31.56"
18-14615-20383,2026-05-12,EBAY_PURCHASING_API,tugpana,5623409000002323091,120.65,120.65,35.70,0.00,0.00,35.70,1,5623409000002325037,18-14615-20383,paid,84.95,35.70,Shipping Fee + Tax + Handling Fee,120.65,0.00,MATCH_WITH_ADJ,"Bill total matches PO total, but has adjustment=35.70"
14-14623-28153,2026-05-12,EBAY_PURCHASING_API,mxrock11,5623409000002327686,81.08,81.08,19.99,0.00,0.00,19.99,1,5623409000002327696,14-14623-28153,paid,61.09,19.99,Shipping Fee + Tax + Handling Fee,81.08,0.00,MATCH_WITH_ADJ,"Bill total matches PO total, but has adjustment=19.99"
01-14641-23273,2026-05-12,EBAY_PURCHASING_API,buy.pre-owned,5623409000002314654,34.98,34.98,14.99,0.00,0.00,14.99,1,5623409000002313654,01-14641-23273,paid,19.99,14.99,Shipping Fee + Tax + Handling Fee,34.98,0.00,MATCH_WITH_ADJ,"Bill total matches PO total, but has adjustment=14.99"
09-14627-54796,2026-05-12,EBAY_PURCHASING_API,sugar_salvage,5623409000002321037,106.31,106.31,16.32,0.00,0.00,16.32,1,5623409000002314637,09-14627-54796,paid,89.99,16.32,Shipping Fee + Tax + Handling Fee,106.31,0.00,MATCH_WITH_ADJ,"Bill total matches PO total, but has adjustment=16.32"
27-14600-14348,2026-05-12,EBAY_PURCHASING_API,opie4624,5623409000002312603,89.58,89.58,5.58,0.00,0.00,5.58,1,5623409000002314600,27-14600-14348,paid,84.00,5.58,Shipping Fee + Tax + Handling Fee,89.58,0.00,MATCH_WITH_ADJ,"Bill total matches PO total, but has adjustment=5.58"
22-14604-32782,2026-05-11,EBAY_PURCHASING_API,lou1972jg,5623409000002313529,55.00,55.00,35.00,0.00,0.00,35.00,1,5623409000002314505,22-14604-32782,paid,20.00,35.00,Shipping Fee + Tax + Handling Fee,55.00,0.00,MATCH_WITH_ADJ,"Bill total matches PO total, but has adjustment=35.00"
14-14616-57766,2026-05-11,EBAY_PURCHASING_API,storagebrosllc,5623409000002317496,134.49,134.49,14.50,0.00,0.00,14.50,1,5623409000002312546,14-14616-57766,paid,119.99,14.50,Shipping Fee + Tax + Handling Fee,134.49,0.00,MATCH_WITH_ADJ,"Bill total matches PO total, but has adjustment=14.50"
24-14616-05694,2026-05-11,EBAY_PURCHASING_API,pinmaniac,5623409000002313485,135.81,135.81,19.81,0.00,0.00,19.81,1,5623409000002313495,24-14616-05694,paid,116.00,19.81,Shipping Fee + Tax + Handling Fee,135.81,0.00,MATCH_WITH_ADJ,"Bill total matches PO total, but has adjustment=19.81"
16-14613-53657,2026-05-11,EBAY_PURCHASING_API,rebits77,5623409000002315471,54.98,54.98,14.99,0.00,0.00,14.99,1,5623409000002313451,16-14613-53657,paid,39.99,14.99,Shipping Fee + Tax + Handling Fee,54.98,0.00,MATCH_WITH_ADJ,"Bill total matches PO total, but has adjustment=14.99"
26-14598-22084,2026-05-11,EBAY_PURCHASING_API,stevosellsstuff,5623409000002316985,139.69,139.69,19.70,0.00,0.00,19.70,1,5623409000002317479,26-14598-22084,paid,119.99,19.70,Shipping Fee + Tax + Handling Fee,139.69,0.00,MATCH_WITH_ADJ,"Bill total matches PO total, but has adjustment=19.70"
11-14621-16688,2026-05-11,EBAY_PURCHASING_API,prescoadonis,5623409000002313401,116.17,116.17,15.95,0.00,0.00,15.95,1,5623409000002312526,11-14621-16688,paid,100.22,15.95,Shipping Fee + Tax + Handling Fee,116.17,0.00,MATCH_WITH_ADJ,"Bill total matches PO total, but has adjustment=15.95"
06-14629-17459,2026-05-11,EBAY_PURCHASING_API,li167822,5623409000002315440,119.20,119.20,15.20,0.00,0.00,15.20,1,5623409000002313384,06-14629-17459,paid,104.00,15.20,Shipping Fee + Tax + Handling Fee,119.20,0.00,MATCH_WITH_ADJ,"Bill total matches PO total, but has adjustment=15.20"
07-14627-54507,2026-05-11,EBAY_PURCHASING_API,salesthriftsandpicks,5623409000002313374,58.73,58.73,18.96,0.00,0.00,18.96,1,5623409000002316968,07-14627-54507,paid,39.77,18.96,Shipping Fee + Tax + Handling Fee,58.73,0.00,MATCH_WITH_ADJ,"Bill total matches PO total, but has adjustment=18.96"
10-14622-59747,2026-05-11,EBAY_PURCHASING_API,m_onchh,5623409000002315372,28.18,28.18,8.18,0.00,0.00,8.18,1,5623409000002315382,10-14622-59747,paid,20.00,8.18,Shipping Fee + Tax + Handling Fee,28.18,0.00,MATCH_WITH_ADJ,"Bill total matches PO total, but has adjustment=8.18"
09-14624-25749,2026-05-11,EBAY_PURCHASING_API,jsquaredshops,5623409000002315365,27.00,27.00,15.00,0.00,0.00,15.00,1,5623409000002314444,09-14624-25749,paid,12.00,15.00,Shipping Fee + Tax + Handling Fee,27.00,0.00,MATCH_WITH_ADJ,"Bill total matches PO total, but has adjustment=15.00"
01-14637-66033,2026-05-11,EBAY_PURCHASING_API,el_gallo_s-mart,5623409000002313343,36.77,36.77,11.82,0.00,0.00,11.82,1,5623409000002314424,01-14637-66033,paid,24.95,11.82,Shipping Fee + Tax + Handling Fee,36.77,0.00,MATCH_WITH_ADJ,"Bill total matches PO total, but has adjustment=11.82"
13-14618-47029,2026-05-11,EBAY_PURCHASING_API,nut_farm_finds,5623409000002312509,54.17,54.17,14.17,0.00,0.00,14.17,1,5623409000002314387,13-14618-47029,paid,40.00,14.17,Shipping Fee + Tax + Handling Fee,54.17,0.00,MATCH_WITH_ADJ,"Bill total matches PO total, but has adjustment=14.17"
26-14598-33422,2026-05-11,EBAY_PURCHASING_API,dancingdean69,5623409000002315331,29.56,29.56,9.56,0.00,0.00,9.56,1,5623409000002315341,26-14598-33422,paid,20.00,9.56,Shipping Fee + Tax + Handling Fee,29.56,0.00,MATCH_WITH_ADJ,"Bill total matches PO total, but has adjustment=9.56"
01-14637-70759,2026-05-11,EBAY_PURCHASING_API,jwytt,5623409000002316957,136.37,136.37,21.38,0.00,0.00,21.38,1,5623409000002315301,01-14637-70759,paid,114.99,21.38,Shipping Fee + Tax + Handling Fee,136.37,0.00,MATCH_WITH_ADJ,"Bill total matches PO total, but has adjustment=21.38"
17-14612-03525,2026-05-11,EBAY_PURCHASING_API,heavenlyvines,5623409000002314370,92.02,92.02,17.07,0.00,0.00,17.07,1,5623409000002313302,17-14612-03525,paid,74.95,17.07,Shipping Fee + Tax + Handling Fee,92.02,0.00,MATCH_WITH_ADJ,"Bill total matches PO total, but has adjustment=17.07"
18-14610-64601,2026-05-11,EBAY_PURCHASING_API,kayumari,5623409000002315291,101.55,101.55,22.55,0.00,0.00,22.55,1,5623409000002314328,18-14610-64601,paid,79.00,22.55,Shipping Fee + Tax + Handling Fee,101.55,0.00,MATCH_WITH_ADJ,"Bill total matches PO total, but has adjustment=22.55"
05-14631-29874,2026-05-11,EBAY_PURCHASING_API,surfkookresale,5623409000002312468,28.23,28.23,8.23,0.00,0.00,8.23,1,5623409000002315251,05-14631-29874,paid,20.00,8.23,Shipping Fee + Tax + Handling Fee,28.23,0.00,MATCH_WITH_ADJ,"Bill total matches PO total, but has adjustment=8.23"
01-14637-88377,2026-05-11,EBAY_PURCHASING_API,legosolo,5623409000002312461,68.86,68.86,18.86,0.00,0.00,18.86,1,5623409000002317367,01-14637-88377,paid,50.00,18.86,Shipping Fee + Tax + Handling Fee,68.86,0.00,MATCH_WITH_ADJ,"Bill total matches PO total, but has adjustment=18.86"
05-14631-32233,2026-05-11,EBAY_PURCHASING_API,pioneertheuniverse,5623409000002312454,28.99,28.99,12.99,0.00,0.00,12.99,1,5623409000002316910,05-14631-32233,paid,16.00,12.99,Shipping Fee + Tax + Handling Fee,28.99,0.00,MATCH_WITH_ADJ,"Bill total matches PO total, but has adjustment=12.99"
14-14618-20368,2026-05-11,EBAY_PURCHASING_API,dustyresells,5623409000002314270,73.06,73.06,9.06,0.00,0.00,9.06,1,5623409000002313183,14-14618-20368,paid,64.00,9.06,Shipping Fee + Tax + Handling Fee,73.06,0.00,MATCH_WITH_ADJ,"Bill total matches PO total, but has adjustment=9.06"
10-14624-16670,2026-05-11,EBAY_PURCHASING_API,zealowe,5623409000002315234,99.95,99.95,19.95,0.00,0.00,19.95,1,5623409000002312359,10-14624-16670,paid,80.00,19.95,Shipping Fee + Tax + Handling Fee,99.95,0.00,MATCH_WITH_ADJ,"Bill total matches PO total, but has adjustment=19.95"
24-14618-54964,2026-05-11,EBAY_PURCHASING_API,rwolfe3569,5623409000002315220,106.19,106.19,6.24,0.00,0.00,6.24,1,5623409000002314253,24-14618-54964,paid,99.95,6.24,Shipping Fee + Tax + Handling Fee,106.19,0.00,MATCH_WITH_ADJ,"Bill total matches PO total, but has adjustment=6.24"
24-14618-55120,2026-05-11,EBAY_PURCHASING_API,willztoyz,5623409000002313166,98.00,98.00,8.00,0.00,0.00,8.00,1,5623409000002314233,24-14618-55120,paid,90.00,8.00,Shipping Fee + Tax + Handling Fee,98.00,0.00,MATCH_WITH_ADJ,"Bill total matches PO total, but has adjustment=8.00"
25-14602-30460,2026-05-11,EBAY_PURCHASING_API,franlo-7112,5623409000002312298,112.38,112.38,32.38,0.00,0.00,32.38,1,5623409000002312308,25-14602-30460,paid,80.00,32.38,Shipping Fee + Tax + Handling Fee,112.38,0.00,MATCH_WITH_ADJ,"Bill total matches PO total, but has adjustment=32.38"
05-14633-66285,2026-05-11,EBAY_PURCHASING_API,gm-resale,5623409000002314176,321.95,321.95,22.00,0.00,0.00,22.00,1,5623409000002314187,05-14633-66285,paid,299.95,22.00,Shipping Fee + Tax + Handling Fee,321.95,0.00,MATCH_WITH_ADJ,"Bill total matches PO total, but has adjustment=22.00"
08-14622-65426,2026-05-10,EBAY_PURCHASING_API,764johnp,5623409000002303241,78.00,78.00,15.00,0.00,0.00,15.00,1,5623409000002306166,08-14622-65426,paid,63.00,15.00,Shipping Fee + Tax + Handling Fee,78.00,0.00,MATCH_WITH_ADJ,"Bill total matches PO total, but has adjustment=15.00"
16-14610-77031,2026-05-10,EBAY_PURCHASING_API,nte-tech,5623409000002304187,141.94,141.94,11.95,0.00,0.00,11.95,1,5623409000002305249,16-14610-77031,paid,129.99,11.95,Shipping Fee + Tax + Handling Fee,141.94,0.00,MATCH_WITH_ADJ,"Bill total matches PO total, but has adjustment=11.95"
25-14597-12572,2026-05-10,EBAY_PURCHASING_API,electric1200,5623409000002304160,16.00,91.00,12.00,0.00,0.00,12.00,1,5623409000002304170,25-14597-12572,overdue,79.00,12.00,Shipping Fee + Tax + Handling Fee,91.00,0.00,MATCH_WITH_ADJ,"Bill total matches PO total, but has adjustment=12.00"
11-14612-44762,2026-05-09,EBAY_PURCHASING_API,etcordo0,5623409000002306149,145.79,145.79,18.30,0.00,0.00,18.30,1,5623409000002302275,11-14612-44762,paid,127.49,18.30,Shipping Fee + Tax + Handling Fee,145.79,0.00,MATCH_WITH_ADJ,"Bill total matches PO total, but has adjustment=18.30"
13-14609-68615,2026-05-09,EBAY_PURCHASING_API,chevinken2013,5623409000002306142,108.29,108.29,18.30,0.00,0.00,18.30,1,5623409000002302255,13-14609-68615,paid,89.99,18.30,Shipping Fee + Tax + Handling Fee,108.29,0.00,MATCH_WITH_ADJ,"Bill total matches PO total, but has adjustment=18.30"
27-14588-25545,2026-05-09,EBAY_PURCHASING_API,ddemario,5623409000002305204,131.34,131.34,31.34,0.00,0.00,31.34,1,5623409000002302229,27-14588-25545,paid,100.00,31.34,Shipping Fee + Tax + Handling Fee,131.34,0.00,MATCH_WITH_ADJ,"Bill total matches PO total, but has adjustment=31.34"
22-14595-69202,2026-05-09,EBAY_PURCHASING_API,vintage_fantastique,5623409000002304153,108.95,108.95,23.95,0.00,0.00,23.95,1,5623409000002305187,22-14595-69202,paid,85.00,23.95,Shipping Fee + Tax + Handling Fee,108.95,0.00,MATCH_WITH_ADJ,"Bill total matches PO total, but has adjustment=23.95"
12-14611-03216,2026-05-09,EBAY_PURCHASING_API,aleman-52,5623409000002301177,125.54,125.54,25.55,0.00,0.00,25.55,1,5623409000002303144,12-14611-03216,paid,99.99,25.55,Shipping Fee + Tax + Handling Fee,125.54,0.00,MATCH_WITH_ADJ,"Bill total matches PO total, but has adjustment=25.55"
19-14600-34938,2026-05-09,EBAY_PURCHASING_API,htra2300,5623409000002302178,46.45,46.45,14.95,0.00,0.00,14.95,1,5623409000002301143,19-14600-34938,paid,31.50,14.95,Shipping Fee + Tax + Handling Fee,46.45,0.00,MATCH_WITH_ADJ,"Bill total matches PO total, but has adjustment=14.95"
10-14613-90608,2026-05-09,EBAY_PURCHASING_API,kodypluskris,5623409000002304139,54.57,54.57,12.58,0.00,0.00,12.58,1,5623409000002303124,10-14613-90608,paid,41.99,12.58,Shipping Fee + Tax + Handling Fee,54.57,0.00,MATCH_WITH_ADJ,"Bill total matches PO total, but has adjustment=12.58"
16-14604-90651,2026-05-09,EBAY_PURCHASING_API,vintagemoviestore,5623409000002302154,50.00,50.00,15.00,0.00,0.00,15.00,1,5623409000002304122,16-14604-90651,paid,35.00,15.00,Shipping Fee + Tax + Handling Fee,50.00,0.00,MATCH_WITH_ADJ,"Bill total matches PO total, but has adjustment=15.00"
05-14624-31346,2026-05-09,EBAY_PURCHASING_API,swingincars,5623409000002301109,51.00,51.00,15.00,0.00,0.00,15.00,1,5623409000002303097,05-14624-31346,paid,36.00,15.00,Shipping Fee + Tax + Handling Fee,51.00,0.00,MATCH_WITH_ADJ,"Bill total matches PO total, but has adjustment=15.00"
09-14611-28542,2026-05-08,EBAY_PURCHASING_API,dansells2015,5623409000002306099,46.01,46.01,20.00,0.00,0.00,20.00,1,5623409000002302123,09-14611-28542,paid,26.01,20.00,Shipping Fee + Tax + Handling Fee,46.01,0.00,MATCH_WITH_ADJ,"Bill total matches PO total, but has adjustment=20.00"
14-14603-70821,2026-05-08,EBAY_PURCHASING_API,salvationarmytulsaarc,5623409000002301085,76.99,76.99,20.99,0.00,0.00,20.99,1,5623409000002305151,14-14603-70821,paid,56.00,20.99,Shipping Fee + Tax + Handling Fee,76.99,0.00,MATCH_WITH_ADJ,"Bill total matches PO total, but has adjustment=20.99"
06-14616-25578,2026-05-08,EBAY_PURCHASING_API,mega-product-variety,5623409000002304095,55.98,55.98,15.99,0.00,0.00,15.99,1,5623409000002306082,06-14616-25578,paid,39.99,15.99,Shipping Fee + Tax + Handling Fee,55.98,0.00,MATCH_WITH_ADJ,"Bill total matches PO total, but has adjustment=15.99"
04-14619-25997,2026-05-08,EBAY_PURCHASING_API,adhart_8136,5623409000002304088,148.33,148.33,31.34,0.00,0.00,31.34,1,5623409000002305114,04-14619-25997,paid,116.99,31.34,Shipping Fee + Tax + Handling Fee,148.33,0.00,MATCH_WITH_ADJ,"Bill total matches PO total, but has adjustment=31.34"
24-14603-20930,2026-05-08,EBAY_PURCHASING_API,goodwillvsb,5623409000002301042,49.04,49.04,14.05,0.00,0.00,14.05,1,5623409000002303070,24-14603-20930,paid,34.99,14.05,Shipping Fee + Tax + Handling Fee,49.04,0.00,MATCH_WITH_ADJ,"Bill total matches PO total, but has adjustment=14.05"
05-14618-15426,2026-05-08,EBAY_PURCHASING_API,medic_al56,5623409000002302056,139.50,139.50,14.50,0.00,0.00,14.50,1,5623409000002305094,05-14618-15426,paid,125.00,14.50,Shipping Fee + Tax + Handling Fee,139.50,0.00,MATCH_WITH_ADJ,"Bill total matches PO total, but has adjustment=14.50"
10-14609-71515,2026-05-08,EBAY_PURCHASING_API,abicharp0,5623409000002301035,200.00,200.00,20.00,0.00,0.00,20.00,1,5623409000002305074,10-14609-71515,paid,180.00,20.00,Shipping Fee + Tax + Handling Fee,200.00,0.00,MATCH_WITH_ADJ,"Bill total matches PO total, but has adjustment=20.00"
15-14602-28898,2026-05-08,EBAY_PURCHASING_API,adjstore,5623409000002303053,145.65,145.65,15.65,0.00,0.00,15.65,1,5623409000002304039,15-14602-28898,paid,130.00,15.65,Shipping Fee + Tax + Handling Fee,145.65,0.00,MATCH_WITH_ADJ,"Bill total matches PO total, but has adjustment=15.65"
11-14608-75593,2026-05-08,EBAY_PURCHASING_API,diggin74,5623409000002304029,137.86,137.86,17.86,0.00,0.00,17.86,1,5623409000002306054,11-14608-75593,paid,120.00,17.86,Shipping Fee + Tax + Handling Fee,137.86,0.00,MATCH_WITH_ADJ,"Bill total matches PO total, but has adjustment=17.86"
05-14619-07598,2026-05-08,EBAY_PURCHASING_API,fine-linen-and-purple,5623409000002303046,63.15,63.15,33.15,0.00,0.00,33.15,1,5623409000002305037,05-14619-07598,overdue,30.00,33.15,Shipping Fee + Tax + Handling Fee,63.15,0.00,MATCH_WITH_ADJ,"Bill total matches PO total, but has adjustment=33.15"
20-14595-52138,2026-05-08,EBAY_PURCHASING_API,yukies,5623409000002305027,91.40,91.40,21.40,0.00,0.00,21.40,1,5623409000002306017,20-14595-52138,paid,70.00,21.40,Shipping Fee + Tax + Handling Fee,91.40,0.00,MATCH_WITH_ADJ,"Bill total matches PO total, but has adjustment=21.40"
19-14597-24752,2026-05-08,EBAY_PURCHASING_API,devodeals,5623409000002301028,101.35,101.35,21.40,0.00,0.00,21.40,1,5623409000002303022,19-14597-24752,paid,79.95,21.40,Shipping Fee + Tax + Handling Fee,101.35,0.00,MATCH_WITH_ADJ,"Bill total matches PO total, but has adjustment=21.40"
62325853,2026-05-04,GOODWILL_SHIPPED,Goodwill,5623409000002289291,138.83,138.83,19.22,8.61,2.00,29.83,1,5623409000002286313,62325853,paid,109.00,29.83,Shipping Fee + Tax + Handling Fee,138.83,0.00,MATCH_WITH_ADJ,"Bill total matches PO total, but has adjustment=29.83"
62325812,2026-05-04,GOODWILL_SHIPPED,Goodwill,5623409000002283657,30.65,30.65,11.81,1.35,2.50,15.66,1,5623409000002285649,62325812,paid,14.99,15.66,Shipping Fee + Tax + Handling Fee,30.65,0.00,MATCH_WITH_ADJ,"Bill total matches PO total, but has adjustment=15.66"
62325720,2026-05-04,GOODWILL_SHIPPED,Goodwill,5623409000002283650,31.64,31.64,13.32,1.32,2.00,16.64,1,5623409000002285612,62325720,paid,15.00,16.64,Shipping Fee + Tax + Handling Fee,31.64,0.00,MATCH_WITH_ADJ,"Bill total matches PO total, but has adjustment=16.64"
62325685,2026-05-04,GOODWILL_SHIPPED,Goodwill,5623409000002284396,36.29,36.29,16.64,1.41,3.25,21.30,1,5623409000002284406,62325685,paid,14.99,21.30,Shipping Fee + Tax + Handling Fee,36.29,0.00,MATCH_WITH_ADJ,"Bill total matches PO total, but has adjustment=21.30"
10-14605-28657,2026-05-07,EBAY_PURCHASING_API,konfidentialglitter17,5623409000002290179,140.99,140.99,11.99,0.00,0.00,11.99,1,5623409000002285211,10-14605-28657,paid,129.00,11.99,Shipping Fee + Tax + Handling Fee,140.99,0.00,MATCH_WITH_ADJ,"Bill total matches PO total, but has adjustment=11.99"
15-14597-72301,2026-05-07,EBAY_PURCHASING_API,pawnamerica_e21,5623409000002284201,78.99,78.99,15.99,0.00,0.00,15.99,1,5623409000002285191,15-14597-72301,paid,63.00,15.99,Shipping Fee + Tax + Handling Fee,78.99,0.00,MATCH_WITH_ADJ,"Bill total matches PO total, but has adjustment=15.99"
01-14620-29465,2026-05-07,EBAY_PURCHASING_API,4tbc,5623409000002286104,144.82,144.82,9.82,0.00,0.00,9.82,1,5623409000002284184,01-14620-29465,paid,135.00,9.82,Shipping Fee + Tax + Handling Fee,144.82,0.00,MATCH_WITH_ADJ,"Bill total matches PO total, but has adjustment=9.82"
04-14614-89541,2026-05-07,EBAY_PURCHASING_API,yaz-sales,5623409000002283183,52.12,52.12,17.12,0.00,0.00,17.12,0,,,UNBILLED,0.00,0.00,,0.00,0.00,UNBILLED,PO has no linked bills in Zoho
13-14601-19362,2026-05-07,EBAY_PURCHASING_API,thelemonshoppe8,5623409000002285064,31.25,31.25,10.00,0.00,0.00,10.00,1,5623409000002286080,13-14601-19362,paid,21.25,10.00,Shipping Fee + Tax + Handling Fee,31.25,0.00,MATCH_WITH_ADJ,"Bill total matches PO total, but has adjustment=10.00"
13-14601-19688,2026-05-07,EBAY_PURCHASING_API,junkinthetrunkupselling,5623409000002283176,33.58,33.58,8.58,0.00,0.00,8.58,1,5623409000002284123,13-14601-19688,paid,25.00,8.58,Shipping Fee + Tax + Handling Fee,33.58,0.00,MATCH_WITH_ADJ,"Bill total matches PO total, but has adjustment=8.58"
23-14585-79576,2026-05-07,EBAY_PURCHASING_API,nolagirl400,5623409000002285057,32.17,32.17,16.17,0.00,0.00,16.17,1,5623409000002290077,23-14585-79576,paid,16.00,16.17,Shipping Fee + Tax + Handling Fee,32.17,0.00,MATCH_WITH_ADJ,"Bill total matches PO total, but has adjustment=16.17"
11-14604-22776,2026-05-07,EBAY_PURCHASING_API,teach_n_thrift,5623409000002283149,31.85,31.85,16.85,0.00,0.00,16.85,1,5623409000002283159,11-14604-22776,paid,15.00,16.85,Shipping Fee + Tax + Handling Fee,31.85,0.00,MATCH_WITH_ADJ,"Bill total matches PO total, but has adjustment=16.85"
07-14611-35770,2026-05-07,EBAY_PURCHASING_API,cargolargo,5623409000002289036,141.10,141.10,28.60,0.00,0.00,28.60,1,5623409000002289046,07-14611-35770,paid,112.50,28.60,Shipping Fee + Tax + Handling Fee,141.10,0.00,MATCH_WITH_ADJ,"Bill total matches PO total, but has adjustment=28.60"
14-14600-49066,2026-05-07,EBAY_PURCHASING_API,houmbouriyaaro,5623409000002285027,147.00,147.00,22.00,0.00,0.00,22.00,1,5623409000002283132,14-14600-49066,paid,125.00,22.00,Shipping Fee + Tax + Handling Fee,147.00,0.00,MATCH_WITH_ADJ,"Bill total matches PO total, but has adjustment=22.00"
07-14611-39343,2026-05-07,EBAY_PURCHASING_API,thriftedvault209,5623409000002283088,59.47,59.47,9.47,0.00,0.00,9.47,1,5623409000002283098,07-14611-39343,paid,50.00,9.47,Shipping Fee + Tax + Handling Fee,59.47,0.00,MATCH_WITH_ADJ,"Bill total matches PO total, but has adjustment=9.47"
09-14608-09769,2026-05-07,EBAY_PURCHASING_API,codysultima_0,5623409000002286024,62.66,62.66,22.66,0.00,0.00,22.66,1,5623409000002289005,09-14608-09769,paid,40.00,22.66,Shipping Fee + Tax + Handling Fee,62.66,0.00,MATCH_WITH_ADJ,"Bill total matches PO total, but has adjustment=22.66"
17-14597-11206,2026-05-07,EBAY_PURCHASING_API,lizzyoot,5623409000002283013,59.77,59.77,19.78,0.00,0.00,19.78,1,5623409000002284024,17-14597-11206,paid,39.99,19.78,Shipping Fee + Tax + Handling Fee,59.77,0.00,MATCH_WITH_ADJ,"Bill total matches PO total, but has adjustment=19.78"
49725273‌,2026-05-06,MANUAL,ULINE,5623409000002273697,1116.96,1116.96,53.18,0.00,53.18,106.36,1,5623409000002271658,49725273‌,overdue,1010.60,106.36,Shipping Fee + Tax + Handling Fee,1116.96,0.00,MATCH_WITH_ADJ,"Bill total matches PO total, but has adjustment=106.36"
26-14577-38935,2026-05-06,EBAY_PURCHASING_API,otter1912,5623409000002274460,74.95,74.95,24.95,0.00,0.00,24.95,1,5623409000002271385,26-14577-38935,paid,50.00,24.95,Shipping Fee + Tax + Handling Fee,74.95,0.00,MATCH_WITH_ADJ,"Bill total matches PO total, but has adjustment=24.95"
10-14601-54491,2026-05-06,EBAY_PURCHASING_API,gadgetandgizmosaplenty,5623409000002276290,52.72,52.72,15.73,0.00,0.00,15.73,1,5623409000002274443,10-14601-54491,paid,36.99,15.73,Shipping Fee + Tax + Handling Fee,52.72,0.00,MATCH_WITH_ADJ,"Bill total matches PO total, but has adjustment=15.73"
04-14610-34043,2026-05-06,EBAY_PURCHASING_API,thegridgoodwill,5623409000002273459,48.99,48.99,9.00,0.00,0.00,9.00,1,5623409000002277286,04-14610-34043,paid,39.99,9.00,Shipping Fee + Tax + Handling Fee,48.99,0.00,MATCH_WITH_ADJ,"Bill total matches PO total, but has adjustment=9.00"
16-14591-83222,2026-05-06,EBAY_PURCHASING_API,goodwillsocalshop,5623409000002273368,27.49,27.49,8.00,0.00,0.00,8.00,1,5623409000002273378,16-14591-83222,paid,19.49,8.00,Shipping Fee + Tax + Handling Fee,27.49,0.00,MATCH_WITH_ADJ,"Bill total matches PO total, but has adjustment=8.00"
04-14610-31448,2026-05-06,EBAY_PURCHASING_API,admi_9219,5623409000002273361,128.60,138.60,30.60,0.00,0.00,30.60,1,5623409000002277266,04-14610-31448,overdue,108.00,30.60,Shipping Fee + Tax + Handling Fee,138.60,0.00,MATCH_WITH_ADJ,"Bill total matches PO total, but has adjustment=30.60"
07-14605-70488,2026-05-06,EBAY_PURCHASING_API,superior1023,5623409000002271350,52.77,52.77,12.77,0.00,0.00,12.77,1,5623409000002274406,07-14605-70488,paid,40.00,12.77,Shipping Fee + Tax + Handling Fee,52.77,0.00,MATCH_WITH_ADJ,"Bill total matches PO total, but has adjustment=12.77"
17-14590-18533,2026-05-06,EBAY_PURCHASING_API,remoteguy777,5623409000002276256,231.33,231.33,31.34,0.00,0.00,31.34,1,5623409000002276266,17-14590-18533,paid,199.99,31.34,Shipping Fee + Tax + Handling Fee,231.33,0.00,MATCH_WITH_ADJ,"Bill total matches PO total, but has adjustment=31.34"
17-14590-17499,2026-05-06,EBAY_PURCHASING_API,maooooo,5623409000002271343,93.61,123.61,23.61,0.00,0.00,23.61,1,5623409000002277232,17-14590-17499,overdue,100.00,23.61,Shipping Fee + Tax + Handling Fee,123.61,0.00,MATCH_WITH_ADJ,"Bill total matches PO total, but has adjustment=23.61"
12-14597-90919,2026-05-06,EBAY_PURCHASING_API,riverviewresalefl,5623409000002276249,55.57,55.57,19.95,0.00,0.00,19.95,1,5623409000002277195,12-14597-90919,paid,35.62,19.95,Shipping Fee + Tax + Handling Fee,55.57,0.00,MATCH_WITH_ADJ,"Bill total matches PO total, but has adjustment=19.95"
19-14587-23186,2026-05-06,EBAY_PURCHASING_API,thegridgoodwill,5623409000002272758,157.99,157.99,8.00,0.00,0.00,8.00,1,5623409000002276216,19-14587-23186,paid,149.99,8.00,Shipping Fee + Tax + Handling Fee,157.99,0.00,MATCH_WITH_ADJ,"Bill total matches PO total, but has adjustment=8.00"
03-14611-66197,2026-05-06,EBAY_PURCHASING_API,peninsulanwtreasure,5623409000002273323,138.61,138.61,23.61,0.00,0.00,23.61,1,5623409000002276196,03-14611-66197,paid,115.00,23.61,Shipping Fee + Tax + Handling Fee,138.61,0.00,MATCH_WITH_ADJ,"Bill total matches PO total, but has adjustment=23.61"
19-14587-18696,2026-05-06,EBAY_PURCHASING_API,cjae,5623409000002272751,140.80,140.80,15.80,0.00,0.00,15.80,1,5623409000002274379,19-14587-18696,paid,125.00,15.80,Shipping Fee + Tax + Handling Fee,140.80,0.00,MATCH_WITH_ADJ,"Bill total matches PO total, but has adjustment=15.80"
04-14610-18020,2026-05-06,EBAY_PURCHASING_API,kr-348720,5623409000002271256,129.84,129.84,19.84,0.00,0.00,19.84,1,5623409000002271266,04-14610-18020,paid,110.00,19.84,Shipping Fee + Tax + Handling Fee,129.84,0.00,MATCH_WITH_ADJ,"Bill total matches PO total, but has adjustment=19.84"
09-14603-24528,2026-05-06,EBAY_PURCHASING_API,wema5060_saztpataqc,5623409000002277184,81.00,81.00,22.00,0.00,0.00,22.00,1,5623409000002271216,09-14603-24528,paid,59.00,22.00,Shipping Fee + Tax + Handling Fee,81.00,0.00,MATCH_WITH_ADJ,"Bill total matches PO total, but has adjustment=22.00"
02-14614-47287,2026-05-06,EBAY_PURCHASING_API,pc_mandate,5623409000002271206,66.46,66.46,26.40,0.00,0.00,26.40,1,5623409000002274352,02-14614-47287,paid,40.06,26.40,Shipping Fee + Tax + Handling Fee,66.46,0.00,MATCH_WITH_ADJ,"Bill total matches PO total, but has adjustment=26.40"
18-14589-60574,2026-05-06,EBAY_PURCHASING_API,tealcottagetreasures12,5623409000002277177,35.72,35.72,15.73,0.00,0.00,15.73,1,5623409000002272690,18-14589-60574,paid,19.99,15.73,Shipping Fee + Tax + Handling Fee,35.72,0.00,MATCH_WITH_ADJ,"Bill total matches PO total, but has adjustment=15.73"
07-14606-49479,2026-05-06,EBAY_PURCHASING_API,goodwillvsb,5623409000002272680,74.04,74.04,14.05,0.00,0.00,14.05,1,5623409000002271189,07-14606-49479,paid,59.99,14.05,Shipping Fee + Tax + Handling Fee,74.04,0.00,MATCH_WITH_ADJ,"Bill total matches PO total, but has adjustment=14.05"
08-14604-66609,2026-05-06,EBAY_PURCHASING_API,prescoadonis,5623409000002273268,145.95,145.95,15.95,0.00,0.00,15.95,1,5623409000002277153,08-14604-66609,paid,130.00,15.95,Shipping Fee + Tax + Handling Fee,145.95,0.00,MATCH_WITH_ADJ,"Bill total matches PO total, but has adjustment=15.95"
04-14611-18385,2026-05-06,EBAY_PURCHASING_API,goodwillsocalshop,5623409000002272636,40.00,40.00,8.00,0.00,0.00,8.00,1,5623409000002272646,04-14611-18385,paid,32.00,8.00,Shipping Fee + Tax + Handling Fee,40.00,0.00,MATCH_WITH_ADJ,"Bill total matches PO total, but has adjustment=8.00"
21-14584-73420,2026-05-06,EBAY_PURCHASING_API,hpernas6,5623409000002274285,180.43,180.43,10.43,0.00,0.00,10.43,1,5623409000002277133,21-14584-73420,paid,170.00,10.43,Shipping Fee + Tax + Handling Fee,180.43,0.00,MATCH_WITH_ADJ,"Bill total matches PO total, but has adjustment=10.43"
07-14606-66972,2026-05-06,EBAY_PURCHASING_API,piper123456,5623409000002277123,75.00,75.00,25.00,0.00,0.00,25.00,1,5623409000002272619,07-14606-66972,paid,50.00,25.00,Shipping Fee + Tax + Handling Fee,75.00,0.00,MATCH_WITH_ADJ,"Bill total matches PO total, but has adjustment=25.00"
10-14602-79324,2026-05-06,EBAY_PURCHASING_API,leg-1830,5623409000002271179,405.00,405.00,45.00,0.00,0.00,45.00,1,5623409000002274227,10-14602-79324,paid,360.00,45.00,Shipping Fee + Tax + Handling Fee,405.00,0.00,MATCH_WITH_ADJ,"Bill total matches PO total, but has adjustment=45.00"
13-14598-64766,2026-05-06,EBAY_PURCHASING_API,goodwillsocalshop,5623409000002277116,69.00,69.00,8.00,0.00,0.00,8.00,1,5623409000002273244,13-14598-64766,paid,61.00,8.00,Shipping Fee + Tax + Handling Fee,69.00,0.00,MATCH_WITH_ADJ,"Bill total matches PO total, but has adjustment=8.00"
23-14583-29377,2026-05-06,EBAY_PURCHASING_API,avantgardethrift*,5623409000002276098,116.79,116.79,16.84,0.00,0.00,16.84,1,5623409000002273224,23-14583-29377,paid,99.95,16.84,Shipping Fee + Tax + Handling Fee,116.79,0.00,MATCH_WITH_ADJ,"Bill total matches PO total, but has adjustment=16.84"
01-14617-96442,2026-05-06,EBAY_PURCHASING_API,antcanfixit,5623409000002272589,151.34,151.34,31.34,0.00,0.00,31.34,1,5623409000002274150,01-14617-96442,paid,120.00,31.34,Shipping Fee + Tax + Handling Fee,151.34,0.00,MATCH_WITH_ADJ,"Bill total matches PO total, but has adjustment=31.34"
1000260197,2026-05-05,MANUAL,Cable Leader,5623409000002271112,241.56,241.56,24.16,0.00,0.00,24.16,1,5623409000002303251,1000260197,overdue,217.40,24.16,Shipping Fee + Tax + Handling Fee,241.56,0.00,MATCH_WITH_ADJ,"Bill total matches PO total, but has adjustment=24.16"
02-14612-19328,2026-05-06,EBAY_PURCHASING_API,sweetnypower,5623409000002273002,199.99,199.99,19.99,0.00,0.00,19.99,1,5623409000002271010,02-14612-19328,paid,180.00,19.99,Shipping Fee + Tax + Handling Fee,199.99,0.00,MATCH_WITH_ADJ,"Bill total matches PO total, but has adjustment=19.99"
12-14595-59070,2026-05-05,EBAY_PURCHASING_API,joestucha-0,5623409000002262126,72.48,72.48,12.49,0.00,0.00,12.49,1,5623409000002261076,12-14595-59070,paid,59.99,12.49,Shipping Fee + Tax + Handling Fee,72.48,0.00,MATCH_WITH_ADJ,"Bill total matches PO total, but has adjustment=12.49"
21-14581-51473,2026-05-05,EBAY_PURCHASING_API,jubar-3198,5623409000002265054,71.47,71.47,11.50,0.00,0.00,11.50,1,5623409000002264461,21-14581-51473,paid,59.97,11.50,Shipping Fee + Tax + Handling Fee,71.47,0.00,MATCH_WITH_ADJ,"Bill total matches PO total, but has adjustment=11.50"
01-14613-30246,2026-05-05,EBAY_PURCHASING_API,frro_8695,5623409000002261049,61.64,61.64,11.64,0.00,0.00,11.64,1,5623409000002262092,01-14613-30246,paid,50.00,11.64,Shipping Fee + Tax + Handling Fee,61.64,0.00,MATCH_WITH_ADJ,"Bill total matches PO total, but has adjustment=11.64"
18-14586-42206,2026-05-05,EBAY_PURCHASING_API,ellidus2015,5623409000002261042,61.50,61.50,11.50,0.00,0.00,11.50,1,5623409000002264441,18-14586-42206,paid,50.00,11.50,Shipping Fee + Tax + Handling Fee,61.50,0.00,MATCH_WITH_ADJ,"Bill total matches PO total, but has adjustment=11.50"
20-14583-28024,2026-05-05,EBAY_PURCHASING_API,jubar-3198,5623409000002264411,96.50,96.50,11.50,0.00,0.00,11.50,1,5623409000002264421,20-14583-28024,paid,85.00,11.50,Shipping Fee + Tax + Handling Fee,96.50,0.00,MATCH_WITH_ADJ,"Bill total matches PO total, but has adjustment=11.50"
19-14584-86062,2026-05-05,EBAY_PURCHASING_API,chilledcpu,5623409000002263036,79.21,79.21,9.22,0.00,0.00,9.22,1,5623409000002264394,19-14584-86062,paid,69.99,9.22,Shipping Fee + Tax + Handling Fee,79.21,0.00,MATCH_WITH_ADJ,"Bill total matches PO total, but has adjustment=9.22"
12-14594-35073,2026-05-05,EBAY_PURCHASING_API,jmb6115,5623409000002263029,86.40,86.40,26.40,0.00,0.00,26.40,1,5623409000002261025,12-14594-35073,paid,60.00,26.40,Shipping Fee + Tax + Handling Fee,86.40,0.00,MATCH_WITH_ADJ,"Bill total matches PO total, but has adjustment=26.40"
111-2444354-1893004,2026-05-04,AMAZON_CSV,Amazon.com,5623409000002258387,5.23,5.23,0.00,0.39,0.00,0.39,1,5623409000002344237,111-2444354-1893004,overdue,4.84,0.39,Shipping Fee + Tax + Handling Fee,5.23,0.00,MATCH_WITH_ADJ,"Bill total matches PO total, but has adjustment=0.39"
62175801,2026-04-28,UNKNOWN,Goodwill,5623409000002253344,171.13,171.13,0.00,0.00,0.00,0.00,1,5623409000002469846,62175801,overdue,141.00,30.13,Shipping Fee + Tax + Handling Fee,171.13,0.00,MATCH_WITH_ADJ,"Bill total matches PO total, but has adjustment=30.13"
62326111,2026-05-04,GOODWILL_SHIPPED,Goodwill,5623409000002252535,36.31,36.31,14.77,1.55,5.00,21.32,1,5623409000002563328,62326111,overdue,14.99,21.32,Shipping Fee + Tax + Handling Fee,36.31,0.00,MATCH_WITH_ADJ,"Bill total matches PO total, but has adjustment=21.32"
62326190,2026-05-04,GOODWILL_SHIPPED,Goodwill,5623409000002251675,37.13,37.13,13.43,1.71,2.00,17.14,1,5623409000002571363,62326190,overdue,19.99,17.14,Shipping Fee + Tax + Handling Fee,37.13,0.00,MATCH_WITH_ADJ,"Bill total matches PO total, but has adjustment=17.14"
62326417,2026-05-04,GOODWILL_SHIPPED,Goodwill,5623409000002251668,29.65,29.65,11.34,1.32,2.00,14.66,1,5623409000002465471,62326417,overdue,14.99,14.66,Shipping Fee + Tax + Handling Fee,29.65,0.00,MATCH_WITH_ADJ,"Bill total matches PO total, but has adjustment=14.66"
62326226,2026-05-04,GOODWILL_SHIPPED,Goodwill,5623409000002251660,36.53,36.53,12.83,1.71,2.00,16.54,1,5623409000002571538,62326226,overdue,19.99,16.54,Shipping Fee + Tax + Handling Fee,36.53,0.00,MATCH_WITH_ADJ,"Bill total matches PO total, but has adjustment=16.54"
62226391,2026-04-29,UNKNOWN,Goodwill,5623409000002251653,32.71,32.71,0.00,0.00,0.00,0.00,1,5623409000002571405,62226391,overdue,17.00,15.71,Shipping Fee + Tax + Handling Fee,32.71,0.00,MATCH_WITH_ADJ,"Bill total matches PO total, but has adjustment=15.71"
62326035,2026-05-04,GOODWILL_SHIPPED,Goodwill,5623409000002252528,23.87,23.87,10.97,0.93,4.00,15.90,1,5623409000002571339,62326035,overdue,7.97,15.90,Shipping Fee + Tax + Handling Fee,23.87,0.00,MATCH_WITH_ADJ,"Bill total matches PO total, but has adjustment=15.90"
62326057,2026-05-04,GOODWILL_SHIPPED,Goodwill,5623409000002250347,41.55,41.55,11.39,2.17,3.00,16.56,1,5623409000002571447,62326057,overdue,24.99,16.56,Shipping Fee + Tax + Handling Fee,41.55,0.00,MATCH_WITH_ADJ,"Bill total matches PO total, but has adjustment=16.56"
62226382,2026-04-29,UNKNOWN,Goodwill,5623409000002250340,62.94,62.94,0.00,0.00,0.00,0.00,1,5623409000002571237,62226382,overdue,40.00,22.94,Shipping Fee + Tax + Handling Fee,62.94,0.00,MATCH_WITH_ADJ,"Bill total matches PO total, but has adjustment=22.94"
62240805,2026-04-30,UNKNOWN,Goodwill,5623409000002254459,30.36,30.36,0.00,0.00,0.00,0.00,1,5623409000002563370,62240805,overdue,12.99,17.37,Shipping Fee + Tax + Handling Fee,30.36,0.00,MATCH_WITH_ADJ,"Bill total matches PO total, but has adjustment=17.37"
62326167,2026-05-04,GOODWILL_SHIPPED,Goodwill,5623409000002254429,35.89,35.89,12.19,1.71,2.00,15.90,1,5623409000002563465,62326167,overdue,19.99,15.90,Shipping Fee + Tax + Handling Fee,35.89,0.00,MATCH_WITH_ADJ,"Bill total matches PO total, but has adjustment=15.90"
62326267,2026-05-04,GOODWILL_SHIPPED,Goodwill,5623409000002252521,35.68,35.68,15.22,1.47,5.00,21.69,1,5623409000002571489,62326267,overdue,13.99,21.69,Shipping Fee + Tax + Handling Fee,35.68,0.00,MATCH_WITH_ADJ,"Bill total matches PO total, but has adjustment=21.69"
62326246,2026-05-04,GOODWILL_SHIPPED,Goodwill,5623409000002250332,30.44,30.44,14.28,1.17,2.00,17.45,1,5623409000002571315,62326246,overdue,12.99,17.45,Shipping Fee + Tax + Handling Fee,30.44,0.00,MATCH_WITH_ADJ,"Bill total matches PO total, but has adjustment=17.45"
62326295,2026-05-04,GOODWILL_SHIPPED,Goodwill,5623409000002253337,31.34,31.34,13.04,1.32,3.99,18.35,1,5623409000002563423,62326295,overdue,12.99,18.35,Shipping Fee + Tax + Handling Fee,31.34,0.00,MATCH_WITH_ADJ,"Bill total matches PO total, but has adjustment=18.35"
62326397,2026-05-04,GOODWILL_SHIPPED,Goodwill,5623409000002254323,66.38,66.38,28.67,2.71,4.00,35.38,1,5623409000002563279,62326397,overdue,31.00,35.38,Shipping Fee + Tax + Handling Fee,66.38,0.00,MATCH_WITH_ADJ,"Bill total matches PO total, but has adjustment=35.38"
62158976,2026-04-27,UNKNOWN,Goodwill,5623409000002253266,43.32,43.32,0.00,0.00,0.00,0.00,1,5623409000002272032,62158976,paid,26.99,16.33,Shipping Fee + Tax + Handling Fee,43.32,0.00,MATCH_WITH_ADJ,"Bill total matches PO total, but has adjustment=16.33"
61996546,2026-04-20,UNKNOWN,Goodwill,5623409000002258370,102.55,102.55,0.00,0.00,0.00,0.00,1,5623409000002252363,61996546,paid,81.00,21.55,Shipping Fee + Tax + Handling Fee,102.55,0.00,MATCH_WITH_ADJ,"Bill total matches PO total, but has adjustment=21.55"
19-14570-03045,2026-05-02,EBAY_PURCHASING_API,pennsylvaniapicker39,5623409000002258363,57.18,60.18,30.19,0.00,0.00,30.19,1,5623409000002251540,19-14570-03045,paid,29.99,30.19,Shipping Fee + Tax + Handling Fee,60.18,0.00,MATCH_WITH_ADJ,"Bill total matches PO total, but has adjustment=30.19"
13-14590-41711,2026-05-05,EBAY_PURCHASING_API,nlny_usa,5623409000002250310,118.81,118.81,18.81,0.00,0.00,18.81,1,5623409000002254251,13-14590-41711,paid,100.00,18.81,Shipping Fee + Tax + Handling Fee,118.81,0.00,MATCH_WITH_ADJ,"Bill total matches PO total, but has adjustment=18.81"
13-14590-49204,2026-05-05,EBAY_PURCHASING_API,tybow340,5623409000002251505,194.69,194.69,19.70,0.00,0.00,19.70,1,5623409000002254231,13-14590-49204,paid,174.99,19.70,Shipping Fee + Tax + Handling Fee,194.69,0.00,MATCH_WITH_ADJ,"Bill total matches PO total, but has adjustment=19.70"
18-14582-71519,2026-05-05,EBAY_PURCHASING_API,jeromeherbert,5623409000002253220,143.70,143.70,19.70,0.00,0.00,19.70,1,5623409000002252296,18-14582-71519,paid,124.00,19.70,Shipping Fee + Tax + Handling Fee,143.70,0.00,MATCH_WITH_ADJ,"Bill total matches PO total, but has adjustment=19.70"
22-14576-66287,2026-05-05,EBAY_PURCHASING_API,mrcfl-34,5623409000002251472,144.49,144.49,14.50,0.00,0.00,14.50,1,5623409000002258306,22-14576-66287,paid,129.99,14.50,Shipping Fee + Tax + Handling Fee,144.49,0.00,MATCH_WITH_ADJ,"Bill total matches PO total, but has adjustment=14.50"
26-14570-60123,2026-05-05,EBAY_PURCHASING_API,a.tuchon-8,5623409000002258272,200.49,200.49,25.99,0.00,0.00,25.99,1,5623409000002251455,26-14570-60123,paid,174.50,25.99,Shipping Fee + Tax + Handling Fee,200.49,0.00,MATCH_WITH_ADJ,"Bill total matches PO total, but has adjustment=25.99"
14-14588-75526,2026-05-05,EBAY_PURCHASING_API,maxkaji-0,5623409000002252286,261.34,261.34,31.34,0.00,0.00,31.34,1,5623409000002254187,14-14588-75526,paid,230.00,31.34,Shipping Fee + Tax + Handling Fee,261.34,0.00,MATCH_WITH_ADJ,"Bill total matches PO total, but has adjustment=31.34"
15-14587-12519,2026-05-05,EBAY_PURCHASING_API,ribagda-0,5623409000002252279,49.70,49.70,19.70,0.00,0.00,19.70,1,5623409000002258248,15-14587-12519,paid,30.00,19.70,Shipping Fee + Tax + Handling Fee,49.70,0.00,MATCH_WITH_ADJ,"Bill total matches PO total, but has adjustment=19.70"
22-14576-67652,2026-05-05,EBAY_PURCHASING_API,gatormall,5623409000002253172,85.56,85.56,20.81,0.00,0.00,20.81,1,5623409000002258228,22-14576-67652,paid,64.75,20.81,Shipping Fee + Tax + Handling Fee,85.56,0.00,MATCH_WITH_ADJ,"Bill total matches PO total, but has adjustment=20.81"
26-14570-61437,2026-05-05,EBAY_PURCHASING_API,candyc_5232,5623409000002258198,61.55,101.55,26.55,0.00,0.00,26.55,1,5623409000002258208,26-14570-61437,paid,75.00,26.55,Shipping Fee + Tax + Handling Fee,101.55,0.00,MATCH_WITH_ADJ,"Bill total matches PO total, but has adjustment=26.55"
04-14604-11142,2026-05-05,EBAY_PURCHASING_API,cali_vaults,5623409000002250253,129.43,129.43,9.44,0.00,0.00,9.44,1,5623409000002253155,04-14604-11142,paid,119.99,9.44,Shipping Fee + Tax + Handling Fee,129.43,0.00,MATCH_WITH_ADJ,"Bill total matches PO total, but has adjustment=9.44"
04-14604-10403,2026-05-05,EBAY_PURCHASING_API,classic-collector08,5623409000002258156,125.00,125.00,0.00,0.00,0.00,0.00,0,,,UNBILLED,0.00,0.00,,0.00,0.00,UNBILLED,PO has no linked bills in Zoho
13-14590-53214,2026-05-05,EBAY_PURCHASING_API,useri_o5ohh,5623409000002254130,127.94,127.94,19.95,0.00,0.00,19.95,1,5623409000002250217,13-14590-53214,paid,107.99,19.95,Shipping Fee + Tax + Handling Fee,127.94,0.00,MATCH_WITH_ADJ,"Bill total matches PO total, but has adjustment=19.95"
21-14577-84066,2026-05-05,EBAY_PURCHASING_API,cjae,5623409000002250207,135.80,135.80,15.80,0.00,0.00,15.80,1,5623409000002253118,21-14577-84066,paid,120.00,15.80,Shipping Fee + Tax + Handling Fee,135.80,0.00,MATCH_WITH_ADJ,"Bill total matches PO total, but has adjustment=15.80"
27-14569-40492,2026-05-05,EBAY_PURCHASING_API,jeretan5,5623409000002252204,211.78,211.78,59.28,0.00,0.00,59.28,1,5623409000002250190,27-14569-40492,paid,152.50,59.28,Shipping Fee + Tax + Handling Fee,211.78,0.00,MATCH_WITH_ADJ,"Bill total matches PO total, but has adjustment=59.28"
06-14601-20308,2026-05-05,EBAY_PURCHASING_API,picker_of_all,5623409000002251410,118.21,118.21,10.21,0.00,0.00,10.21,1,5623409000002258072,06-14601-20308,paid,108.00,10.21,Shipping Fee + Tax + Handling Fee,118.21,0.00,MATCH_WITH_ADJ,"Bill total matches PO total, but has adjustment=10.21"
10-14594-70785,2026-05-05,EBAY_PURCHASING_API,celfore97,5623409000002250180,309.98,309.98,29.98,0.00,0.00,29.98,1,5623409000002252180,10-14594-70785,overdue,280.00,29.98,Shipping Fee + Tax + Handling Fee,309.98,0.00,MATCH_WITH_ADJ,"Bill total matches PO total, but has adjustment=29.98"
06-14599-02098,2026-05-04,EBAY_DRAGON_API,greensale99,5623409000002254103,1426.04,1687.08,261.04,0.00,0.00,261.04,1,5623409000002251361,06-14599-02098,paid,1426.04,261.04,Shipping Fee + Tax + Handling Fee,1687.08,0.00,MATCH_WITH_ADJ,"Bill total matches PO total, but has adjustment=261.04"
18-14579-30038,2026-05-04,EBAY_PURCHASING_API,wt_outlets,5623409000002252163,29.00,29.00,19.00,0.00,0.00,19.00,1,5623409000002250163,18-14579-30038,paid,10.00,19.00,Shipping Fee + Tax + Handling Fee,29.00,0.00,MATCH_WITH_ADJ,"Bill total matches PO total, but has adjustment=19.00"
18-14579-31761,2026-05-04,EBAY_PURCHASING_API,theresaleduo,5623409000002250153,169.28,169.28,19.78,0.00,0.00,19.78,1,5623409000002251307,18-14579-31761,paid,149.50,19.78,Shipping Fee + Tax + Handling Fee,169.28,0.00,MATCH_WITH_ADJ,"Bill total matches PO total, but has adjustment=19.78"
27-14565-97476,2026-05-04,EBAY_PURCHASING_API,icamefromouterspace,5623409000002250139,456.97,456.97,36.97,0.00,0.00,36.97,1,5623409000002253081,27-14565-97476,paid,420.00,36.97,Shipping Fee + Tax + Handling Fee,456.97,0.00,MATCH_WITH_ADJ,"Bill total matches PO total, but has adjustment=36.97"
06-14597-79267,2026-05-04,EBAY_PURCHASING_API,alpinethrifting,5623409000002252110,148.99,148.99,19.00,0.00,0.00,19.00,1,5623409000002254055,06-14597-79267,paid,129.99,19.00,Shipping Fee + Tax + Handling Fee,148.99,0.00,MATCH_WITH_ADJ,"Bill total matches PO total, but has adjustment=19.00"
19-14577-95483,2026-05-04,EBAY_PURCHASING_API,247flips,5623409000002235801,79.99,159.99,29.99,0.00,0.00,29.99,1,5623409000002250105,19-14577-95483,paid,130.00,29.99,Shipping Fee + Tax + Handling Fee,159.99,0.00,MATCH_WITH_ADJ,"Bill total matches PO total, but has adjustment=29.99"
01-14606-15165,2026-05-04,EBAY_PURCHASING_API,samacar4042,5623409000002251165,46.30,46.30,14.85,0.00,0.00,14.85,1,5623409000002251175,01-14606-15165,paid,31.45,14.85,Shipping Fee + Tax + Handling Fee,46.30,0.00,MATCH_WITH_ADJ,"Bill total matches PO total, but has adjustment=14.85"
23-14571-96830,2026-05-04,EBAY_PURCHASING_API,mrcfrrll,5623409000002235787,62.49,62.49,8.50,0.00,0.00,8.50,1,5623409000002254035,23-14571-96830,paid,53.99,8.50,Shipping Fee + Tax + Handling Fee,62.49,0.00,MATCH_WITH_ADJ,"Bill total matches PO total, but has adjustment=8.50"
20-14576-36952,2026-05-04,EBAY_PURCHASING_API,chucheri_60,5623409000002250095,23.50,23.50,3.50,0.00,0.00,3.50,1,5623409000002251131,20-14576-36952,paid,20.00,3.50,Shipping Fee + Tax + Handling Fee,23.50,0.00,MATCH_WITH_ADJ,"Bill total matches PO total, but has adjustment=3.50"
08-14594-73320,2026-05-04,EBAY_PURCHASING_API,tztexan,5623409000002254008,420.00,420.00,30.00,0.00,0.00,30.00,1,5623409000002251111,08-14594-73320,paid,390.00,30.00,Shipping Fee + Tax + Handling Fee,420.00,0.00,MATCH_WITH_ADJ,"Bill total matches PO total, but has adjustment=30.00"
15-14584-27806,2026-05-04,EBAY_PURCHASING_API,emerald_estates,5623409000002254001,190.00,190.00,20.00,0.00,0.00,20.00,1,5623409000002250071,15-14584-27806,paid,170.00,20.00,Shipping Fee + Tax + Handling Fee,190.00,0.00,MATCH_WITH_ADJ,"Bill total matches PO total, but has adjustment=20.00"
19-14578-49002,2026-05-04,EBAY_PURCHASING_API,micahmc81,5623409000002250044,165.00,165.00,25.00,0.00,0.00,25.00,1,5623409000002253004,19-14578-49002,paid,140.00,25.00,Shipping Fee + Tax + Handling Fee,165.00,0.00,MATCH_WITH_ADJ,"Bill total matches PO total, but has adjustment=25.00"
21-14575-16702,2026-05-04,EBAY_PURCHASING_API,ayoafol_15,5623409000002251053,233.99,233.99,24.99,0.00,0.00,24.99,1,5623409000002251063,21-14575-16702,paid,209.00,24.99,Shipping Fee + Tax + Handling Fee,233.99,0.00,MATCH_WITH_ADJ,"Bill total matches PO total, but has adjustment=24.99"
12-14583-35850,2026-05-03,EBAY_PURCHASING_API,mykkoz0,5623409000002237879,46.49,46.49,14.50,0.00,0.00,14.50,1,5623409000002239816,12-14583-35850,paid,31.99,14.50,Shipping Fee + Tax + Handling Fee,46.49,0.00,MATCH_WITH_ADJ,"Bill total matches PO total, but has adjustment=14.50"
14-14580-31069,2026-05-03,EBAY_PURCHASING_API,jerms102579,5623409000002233712,78.35,78.35,28.35,0.00,0.00,28.35,1,5623409000002234710,14-14580-31069,paid,50.00,28.35,Shipping Fee + Tax + Handling Fee,78.35,0.00,MATCH_WITH_ADJ,"Bill total matches PO total, but has adjustment=28.35"
17-14575-67782,2026-05-03,EBAY_PURCHASING_API,dolphynluna,5623409000002237865,70.00,83.56,26.56,0.00,0.00,26.56,1,5623409000002243058,17-14575-67782,paid,57.00,26.56,Shipping Fee + Tax + Handling Fee,83.56,0.00,MATCH_WITH_ADJ,"Bill total matches PO total, but has adjustment=26.56"
06-14592-66472,2026-05-03,EBAY_PURCHASING_API,peak_vintage,5623409000002239765,126.40,126.40,16.40,0.00,0.00,16.40,1,5623409000002234690,06-14592-66472,paid,110.00,16.40,Shipping Fee + Tax + Handling Fee,126.40,0.00,MATCH_WITH_ADJ,"Bill total matches PO total, but has adjustment=16.40"
19-14572-82669,2026-05-03,EBAY_PURCHASING_API,bigcat_bargains,5623409000002239758,200.49,200.49,20.50,0.00,0.00,20.50,1,5623409000002243021,19-14572-82669,paid,179.99,20.50,Shipping Fee + Tax + Handling Fee,200.49,0.00,MATCH_WITH_ADJ,"Bill total matches PO total, but has adjustment=20.50"
17-14575-74058,2026-05-03,EBAY_PURCHASING_API,monte970970,5623409000002233688,121.39,121.39,21.40,0.00,0.00,21.40,1,5623409000002235722,17-14575-74058,paid,99.99,21.40,Shipping Fee + Tax + Handling Fee,121.39,0.00,MATCH_WITH_ADJ,"Bill total matches PO total, but has adjustment=21.40"
19-14572-85419,2026-05-03,EBAY_PURCHASING_API,stefans2251,5623409000002237834,91.47,91.47,9.47,0.00,0.00,9.47,1,5623409000002234669,19-14572-85419,paid,82.00,9.47,Shipping Fee + Tax + Handling Fee,91.47,0.00,MATCH_WITH_ADJ,"Bill total matches PO total, but has adjustment=9.47"
24-14581-62157,2026-05-03,EBAY_PURCHASING_API,wyatreiman_0,5623409000002237808,109.99,109.99,19.99,0.00,0.00,19.99,1,5623409000002239707,24-14581-62157,paid,90.00,19.99,Shipping Fee + Tax + Handling Fee,109.99,0.00,MATCH_WITH_ADJ,"Bill total matches PO total, but has adjustment=19.99"
26-14563-23194,2026-05-03,EBAY_PURCHASING_API,vintagemoviestore,5623409000002236978,105.00,105.00,15.00,0.00,0.00,15.00,1,5623409000002234635,26-14563-23194,paid,90.00,15.00,Shipping Fee + Tax + Handling Fee,105.00,0.00,MATCH_WITH_ADJ,"Bill total matches PO total, but has adjustment=15.00"
62241419,2026-04-30,UNKNOWN,Goodwill,5623409000002236964,36.53,36.53,0.00,0.00,0.00,0.00,1,5623409000002233574,62241419,paid,19.99,16.54,Shipping Fee + Tax + Handling Fee,36.53,0.00,MATCH_WITH_ADJ,"Bill total matches PO total, but has adjustment=16.54"
62241265,2026-04-30,UNKNOWN,Goodwill,5623409000002236946,55.82,55.82,0.00,0.00,0.00,0.00,1,5623409000002233615,62241265,paid,36.09,19.73,Shipping Fee + Tax + Handling Fee,55.82,0.00,MATCH_WITH_ADJ,"Bill total matches PO total, but has adjustment=19.73"
01-14597-58269,2026-05-02,EBAY_PURCHASING_API,kodiak365,5623409000002237597,44.95,44.95,14.95,0.00,0.00,14.95,1,5623409000002233455,01-14597-58269,paid,30.00,14.95,Shipping Fee + Tax + Handling Fee,44.95,0.00,MATCH_WITH_ADJ,"Bill total matches PO total, but has adjustment=14.95"
11-14581-39582,2026-05-02,EBAY_PURCHASING_API,salin1969,5623409000002233438,80.40,80.40,25.40,0.00,0.00,25.40,1,5623409000002236791,11-14581-39582,paid,55.00,25.40,Shipping Fee + Tax + Handling Fee,80.40,0.00,MATCH_WITH_ADJ,"Bill total matches PO total, but has adjustment=25.40"
17-14572-29553,2026-05-02,EBAY_PURCHASING_API,sammy_23,5623409000002233431,83.41,83.41,23.46,0.00,0.00,23.46,1,5623409000002234508,17-14572-29553,paid,59.95,23.46,Shipping Fee + Tax + Handling Fee,83.41,0.00,MATCH_WITH_ADJ,"Bill total matches PO total, but has adjustment=23.46"
23-14563-45889,2026-05-02,EBAY_PURCHASING_API,mwdospel,5623409000002239484,79.94,79.94,9.94,0.00,0.00,9.94,1,5623409000002239494,23-14563-45889,paid,70.00,9.94,Shipping Fee + Tax + Handling Fee,79.94,0.00,MATCH_WITH_ADJ,"Bill total matches PO total, but has adjustment=9.94"
298759559501021606,2026-04-23,UNKNOWN,Alibaba,5623409000002235371,945.00,945.00,0.00,0.00,0.00,0.00,1,5623409000002236636,298759559501021606,overdue,973.26,0.00,Shipping Fee + Tax + Handling Fee,973.26,28.26,OVERBILLED_LINE_DIFF,Bill total exceeds PO total by 28.26 with 0 bill adjustment (check line item quantities/rates)
04-14589-72947,2026-05-01,EBAY_PURCHASING_API,goodwillvsb,5623409000002234149,133.72,133.72,13.73,0.00,0.00,13.73,1,5623409000002237314,04-14589-72947,paid,119.99,13.73,Shipping Fee + Tax + Handling Fee,133.72,0.00,MATCH_WITH_ADJ,"Bill total matches PO total, but has adjustment=13.73"
26-14556-30748,2026-05-01,EBAY_PURCHASING_API,xavpad44,5623409000002236546,78.63,138.63,11.64,0.00,0.00,11.64,1,5623409000002233201,26-14556-30748,overdue,126.99,11.64,Shipping Fee + Tax + Handling Fee,138.63,0.00,MATCH_WITH_ADJ,"Bill total matches PO total, but has adjustment=11.64"
04-14589-72822,2026-05-01,EBAY_PURCHASING_API,bashtheprice_deals,5623409000002235300,133.24,133.24,8.29,0.00,0.00,8.29,1,5623409000002233181,04-14589-72822,paid,124.95,8.29,Shipping Fee + Tax + Handling Fee,133.24,0.00,MATCH_WITH_ADJ,"Bill total matches PO total, but has adjustment=8.29"
22-14562-35790,2026-05-01,EBAY_PURCHASING_API,jakestrustworthytreasures284,5623409000002236539,91.98,111.98,11.99,0.00,0.00,11.99,1,5623409000002237294,22-14562-35790,paid,99.99,11.99,Shipping Fee + Tax + Handling Fee,111.98,0.00,MATCH_WITH_ADJ,"Bill total matches PO total, but has adjustment=11.99"
04-14589-66820,2026-05-01,EBAY_PURCHASING_API,carlitossoccer,5623409000002235272,60.35,60.35,22.55,0.00,0.00,22.55,1,5623409000002233142,04-14589-66820,paid,37.80,22.55,Shipping Fee + Tax + Handling Fee,60.35,0.00,MATCH_WITH_ADJ,"Bill total matches PO total, but has adjustment=22.55"
03-14591-13406,2026-05-01,EBAY_PURCHASING_API,bm909,5623409000002236525,166.50,166.50,46.50,0.00,0.00,46.50,1,5623409000002239206,03-14591-13406,paid,120.00,46.50,Shipping Fee + Tax + Handling Fee,166.50,0.00,MATCH_WITH_ADJ,"Bill total matches PO total, but has adjustment=46.50"
16-14569-55990,2026-05-01,EBAY_PURCHASING_API,outlawed43,5623409000002236501,123.61,123.61,23.61,0.00,0.00,23.61,1,5623409000002235248,16-14569-55990,paid,100.00,23.61,Shipping Fee + Tax + Handling Fee,123.61,0.00,MATCH_WITH_ADJ,"Bill total matches PO total, but has adjustment=23.61"
01-14593-23179,2026-05-01,EBAY_PURCHASING_API,oneeyedwillie717,5623409000002239137,107.85,107.85,17.86,0.00,0.00,17.86,1,5623409000002235214,01-14593-23179,paid,89.99,17.86,Shipping Fee + Tax + Handling Fee,107.85,0.00,MATCH_WITH_ADJ,"Bill total matches PO total, but has adjustment=17.86"
11-14577-00613,2026-05-01,EBAY_PURCHASING_API,nt_electronics,5623409000002235204,85.00,85.00,15.00,0.00,0.00,15.00,1,5623409000002234109,11-14577-00613,paid,70.00,15.00,Shipping Fee + Tax + Handling Fee,85.00,0.00,MATCH_WITH_ADJ,"Bill total matches PO total, but has adjustment=15.00"
25-14555-97588,2026-05-01,EBAY_PURCHASING_API,classandtrash,5623409000002237191,76.84,76.84,16.85,0.00,0.00,16.85,1,5623409000002234089,25-14555-97588,paid,59.99,16.85,Shipping Fee + Tax + Handling Fee,76.84,0.00,MATCH_WITH_ADJ,"Bill total matches PO total, but has adjustment=16.85"
07-14583-29504,2026-05-01,EBAY_PURCHASING_API,timelesshomestead,5623409000002236494,105.00,105.00,15.00,0.00,0.00,15.00,1,5623409000002237157,07-14583-29504,overdue,90.00,15.00,Shipping Fee + Tax + Handling Fee,105.00,0.00,MATCH_WITH_ADJ,"Bill total matches PO total, but has adjustment=15.00"
02-14591-16392,2026-05-01,EBAY_PURCHASING_API,tool_pros,5623409000002235190,41.81,41.81,6.72,0.00,0.00,6.72,1,5623409000002236477,02-14591-16392,paid,35.09,6.72,Shipping Fee + Tax + Handling Fee,41.81,0.00,MATCH_WITH_ADJ,"Bill total matches PO total, but has adjustment=6.72"
05-14586-69160,2026-05-01,EBAY_PURCHASING_API,idm240,5623409000002233105,190.72,190.72,15.73,0.00,0.00,15.73,1,5623409000002233115,05-14586-69160,paid,174.99,15.73,Shipping Fee + Tax + Handling Fee,190.72,0.00,MATCH_WITH_ADJ,"Bill total matches PO total, but has adjustment=15.73"
21-14561-56356,2026-05-01,EBAY_PURCHASING_API,lycumm97,5623409000002237123,315.74,315.74,15.74,0.00,0.00,15.74,1,5623409000002236450,21-14561-56356,paid,300.00,15.74,Shipping Fee + Tax + Handling Fee,315.74,0.00,MATCH_WITH_ADJ,"Bill total matches PO total, but has adjustment=15.74"
22-14555-82087,2026-04-30,UNKNOWN,divigoods,5623409000002228148,137.85,137.85,0.00,0.00,0.00,0.00,1,5623409000002226224,22-14555-82087,paid,119.99,17.86,Shipping Fee + Tax + Handling Fee,137.85,0.00,MATCH_WITH_ADJ,"Bill total matches PO total, but has adjustment=17.86"
02-14586-52413,2026-04-30,UNKNOWN,mturner101,5623409000002227131,135.15,135.15,0.00,0.00,0.00,0.00,1,5623409000002227141,02-14586-52413,paid,102.00,33.15,Shipping Fee + Tax + Handling Fee,135.15,0.00,MATCH_WITH_ADJ,"Bill total matches PO total, but has adjustment=33.15"
09-14575-37785,2026-04-30,UNKNOWN,joeirrelevant,5623409000002226214,200.00,200.00,0.00,0.00,0.00,0.00,1,5623409000002224183,09-14575-37785,paid,180.00,20.00,Shipping Fee + Tax + Handling Fee,200.00,0.00,MATCH_WITH_ADJ,"Bill total matches PO total, but has adjustment=20.00"
03-14584-70717,2026-04-30,UNKNOWN,eshangoods,5623409000002225487,54.94,54.94,0.00,0.00,0.00,0.00,1,5623409000002225497,03-14584-70717,paid,39.99,14.95,Shipping Fee + Tax + Handling Fee,54.94,0.00,MATCH_WITH_ADJ,"Bill total matches PO total, but has adjustment=14.95"
18-14562-15322,2026-04-30,UNKNOWN,gwnw165.2025,5623409000002228133,88.73,88.73,0.00,0.00,0.00,0.00,1,5623409000002225470,18-14562-15322,paid,60.99,27.74,Shipping Fee + Tax + Handling Fee,88.73,0.00,MATCH_WITH_ADJ,"Bill total matches PO total, but has adjustment=27.74"
11-14572-55478,2026-04-30,UNKNOWN,ryha-300,5623409000002226173,88.13,88.13,0.00,0.00,0.00,0.00,1,5623409000002227091,11-14572-55478,paid,70.00,18.13,Shipping Fee + Tax + Handling Fee,88.13,0.00,MATCH_WITH_ADJ,"Bill total matches PO total, but has adjustment=18.13"
12-14570-99822,2026-04-30,UNKNOWN,richardsentzrichard,5623409000002224149,71.34,71.34,0.00,0.00,0.00,0.00,1,5623409000002228116,12-14570-99822,paid,40.00,31.34,Shipping Fee + Tax + Handling Fee,71.34,0.00,MATCH_WITH_ADJ,"Bill total matches PO total, but has adjustment=31.34"
17-14563-53620,2026-04-30,UNKNOWN,yesia9,5623409000002224142,91.30,91.30,0.00,0.00,0.00,0.00,1,5623409000002225450,17-14563-53620,paid,70.00,21.30,Shipping Fee + Tax + Handling Fee,91.30,0.00,MATCH_WITH_ADJ,"Bill total matches PO total, but has adjustment=21.30"
20-14559-06673,2026-04-30,UNKNOWN,yesia9,5623409000002227081,94.40,94.40,0.00,0.00,0.00,0.00,1,5623409000002226156,20-14559-06673,paid,68.00,26.40,Shipping Fee + Tax + Handling Fee,94.40,0.00,MATCH_WITH_ADJ,"Bill total matches PO total, but has adjustment=26.40"
23-14555-15409,2026-04-30,UNKNOWN,smibrandani,5623409000002225440,209.33,209.33,0.00,0.00,0.00,0.00,1,5623409000002226136,23-14555-15409,paid,180.00,29.33,Shipping Fee + Tax + Handling Fee,209.33,0.00,MATCH_WITH_ADJ,"Bill total matches PO total, but has adjustment=29.33"
10-14574-78506,2026-04-30,UNKNOWN,thewoolycarrot,5623409000002226126,53.30,53.30,0.00,0.00,0.00,0.00,1,5623409000002224125,10-14574-78506,paid,35.00,18.30,Shipping Fee + Tax + Handling Fee,53.30,0.00,MATCH_WITH_ADJ,"Bill total matches PO total, but has adjustment=18.30"
15-14567-38297,2026-04-30,UNKNOWN,cooliopatrick,5623409000002225409,50.64,50.64,0.00,0.00,0.00,0.00,1,5623409000002226109,15-14567-38297,paid,40.00,10.64,Shipping Fee + Tax + Handling Fee,50.64,0.00,MATCH_WITH_ADJ,"Bill total matches PO total, but has adjustment=10.64"
24-14568-66844,2026-04-30,UNKNOWN,vintagemoviestore,5623409000002228065,114.75,114.75,0.00,0.00,0.00,0.00,1,5623409000002225392,24-14568-66844,paid,99.75,15.00,Shipping Fee + Tax + Handling Fee,114.75,0.00,MATCH_WITH_ADJ,"Bill total matches PO total, but has adjustment=15.00"
10-14575-12021,2026-04-30,UNKNOWN,lordcomputer_inc,5623409000002226073,193.98,193.98,0.00,0.00,0.00,0.00,0,,,UNBILLED,0.00,0.00,,0.00,0.00,UNBILLED,PO has no linked bills in Zoho
04-14585-41443,2026-04-30,UNKNOWN,graycapitaldeals,5623409000002226066,115.00,115.00,0.00,0.00,0.00,0.00,1,5623409000002223026,04-14585-41443,paid,85.00,30.00,Shipping Fee + Tax + Handling Fee,115.00,0.00,MATCH_WITH_ADJ,"Bill total matches PO total, but has adjustment=30.00"
26-14548-63357,2026-04-30,UNKNOWN,burningforkgarage,5623409000002226031,143.40,143.40,0.00,0.00,0.00,0.00,1,5623409000002226041,26-14548-63357,paid,130.00,13.40,Shipping Fee + Tax + Handling Fee,143.40,0.00,MATCH_WITH_ADJ,"Bill total matches PO total, but has adjustment=13.40"
20-14555-36600,2026-04-29,UNKNOWN,renew555,5623409000002219034,230.00,230.00,0.00,0.00,0.00,0.00,1,5623409000002218029,20-14555-36600,paid,170.00,60.00,Shipping Fee + Tax + Handling Fee,230.00,0.00,MATCH_WITH_ADJ,"Bill total matches PO total, but has adjustment=60.00"
08-14573-30558,2026-04-29,UNKNOWN,chevinken2013,5623409000002221064,139.40,139.40,0.00,0.00,0.00,0.00,1,5623409000002219017,08-14573-30558,paid,120.00,19.40,Shipping Fee + Tax + Handling Fee,139.40,0.00,MATCH_WITH_ADJ,"Bill total matches PO total, but has adjustment=19.40"
05-14577-32743,2026-04-29,UNKNOWN,josdi_4960,5623409000002219007,101.34,101.34,0.00,0.00,0.00,0.00,1,5623409000002218009,05-14577-32743,paid,70.00,31.34,Shipping Fee + Tax + Handling Fee,101.34,0.00,MATCH_WITH_ADJ,"Bill total matches PO total, but has adjustment=31.34"
61476351,2026-03-24,UNKNOWN,Goodwill,5623409000002202514,49.95,49.95,0.00,0.00,0.00,0.00,0,,,UNBILLED,0.00,0.00,,0.00,0.00,UNBILLED,PO has no linked bills in Zoho
62159095,2026-04-27,UNKNOWN,Goodwill,5623409000002207302,86.65,86.65,0.00,0.00,0.00,0.00,1,5623409000002197813,62159095,paid,68.00,18.65,Shipping Fee + Tax + Handling Fee,86.65,0.00,MATCH_WITH_ADJ,"Bill total matches PO total, but has adjustment=18.65"
62158962,2026-04-27,UNKNOWN,Goodwill,5623409000002207280,35.29,35.29,0.00,0.00,0.00,0.00,1,5623409000002363478,62158962,overdue,21.00,14.29,Shipping Fee + Tax + Handling Fee,35.29,0.00,MATCH_WITH_ADJ,"Bill total matches PO total, but has adjustment=14.29"
62158949,2026-04-27,UNKNOWN,Goodwill,5623409000002201498,63.22,63.22,0.00,0.00,0.00,0.00,1,5623409000002271034,62158949,paid,45.00,18.22,Shipping Fee + Tax + Handling Fee,63.22,0.00,MATCH_WITH_ADJ,"Bill total matches PO total, but has adjustment=18.22"
62158831,2026-04-27,UNKNOWN,Goodwill,5623409000002197702,70.85,70.85,0.00,0.00,0.00,0.00,1,5623409000002218126,62158831,paid,36.00,34.85,Shipping Fee + Tax + Handling Fee,70.85,0.00,MATCH_WITH_ADJ,"Bill total matches PO total, but has adjustment=34.85"
12-14564-61833,2026-04-29,UNKNOWN,sudic-60,5623409000002195474,150.95,150.95,0.00,0.00,0.00,0.00,1,5623409000002195484,12-14564-61833,paid,120.95,30.00,Shipping Fee + Tax + Handling Fee,150.95,0.00,MATCH_WITH_ADJ,"Bill total matches PO total, but has adjustment=30.00"
62159132,2026-04-27,UNKNOWN,Goodwill,5623409000002207045,23.35,23.35,0.00,0.00,0.00,0.00,1,5623409000002416471,62159132,overdue,12.95,10.40,Shipping Fee + Tax + Handling Fee,23.35,0.00,MATCH_WITH_ADJ,"Bill total matches PO total, but has adjustment=10.40"
17-14555-57845,2026-04-28,UNKNOWN,ltownsales,5623409000002201419,173.61,173.61,0.00,0.00,0.00,0.00,1,5623409000002207018,17-14555-57845,paid,150.00,23.61,Shipping Fee + Tax + Handling Fee,173.61,0.00,MATCH_WITH_ADJ,"Bill total matches PO total, but has adjustment=23.61"
62146247,2026-04-26,UNKNOWN,Goodwill,5623409000002197560,31.07,31.07,0.00,0.00,0.00,0.00,1,5623409000002198991,62146247,paid,14.99,16.08,Shipping Fee + Tax + Handling Fee,31.07,0.00,MATCH_WITH_ADJ,"Bill total matches PO total, but has adjustment=16.08"
62158868,2026-04-27,UNKNOWN,Goodwill,5623409000002198981,33.24,33.24,0.00,0.00,0.00,0.00,1,5623409000002201385,62158868,paid,17.00,16.24,Shipping Fee + Tax + Handling Fee,33.24,0.00,MATCH_WITH_ADJ,"Bill total matches PO total, but has adjustment=16.24"
26-14540-87326,2026-04-28,UNKNOWN,goodwillsocalshop,5623409000002197508,81.99,81.99,0.00,0.00,0.00,0.00,1,5623409000002197519,26-14540-87326,paid,65.99,16.00,Shipping Fee + Tax + Handling Fee,81.99,0.00,MATCH_WITH_ADJ,"Bill total matches PO total, but has adjustment=16.00"
01-14579-69064,2026-04-28,UNKNOWN,annesitems,5623409000002198701,128.97,128.97,0.00,0.00,0.00,0.00,1,5623409000002200380,01-14579-69064,paid,120.00,8.97,Shipping Fee + Tax + Handling Fee,128.97,0.00,MATCH_WITH_ADJ,"Bill total matches PO total, but has adjustment=8.97"
17-14554-35130,2026-04-28,UNKNOWN,kingdom11,5623409000002197484,179.98,179.98,0.00,0.00,0.00,0.00,1,5623409000002195366,17-14554-35130,paid,159.99,19.99,Shipping Fee + Tax + Handling Fee,179.98,0.00,MATCH_WITH_ADJ,"Bill total matches PO total, but has adjustment=19.99"
20-14549-88105,2026-04-28,UNKNOWN,m.tdiscountstorellc,5623409000002201343,174.92,174.92,0.00,0.00,0.00,0.00,1,5623409000002201353,20-14549-88105,overdue,160.00,14.92,Shipping Fee + Tax + Handling Fee,174.92,0.00,MATCH_WITH_ADJ,"Bill total matches PO total, but has adjustment=14.92"
26-14540-85982,2026-04-28,UNKNOWN,sanju-9100,5623409000002198694,174.58,174.58,0.00,0.00,0.00,0.00,1,5623409000002202359,26-14540-85982,paid,162.00,12.58,Shipping Fee + Tax + Handling Fee,174.58,0.00,MATCH_WITH_ADJ,"Bill total matches PO total, but has adjustment=12.58"
15-14557-12334,2026-04-28,UNKNOWN,easysimplelife5,5623409000002201235,124.14,124.14,0.00,0.00,0.00,0.00,1,5623409000002198535,15-14557-12334,paid,100.00,24.14,Shipping Fee + Tax + Handling Fee,124.14,0.00,MATCH_WITH_ADJ,"Bill total matches PO total, but has adjustment=24.14"
22-14545-34641,2026-04-28,UNKNOWN,highvalue99,5623409000002195263,105.40,105.40,0.00,0.00,0.00,0.00,1,5623409000002197329,22-14545-34641,paid,80.00,25.40,Shipping Fee + Tax + Handling Fee,105.40,0.00,MATCH_WITH_ADJ,"Bill total matches PO total, but has adjustment=25.40"
02-14576-01200,2026-04-28,UNKNOWN,stuffedanimalgirl,5623409000002197233,360.15,360.15,0.00,0.00,0.00,0.00,1,5623409000002197243,02-14576-01200,paid,339.00,21.15,Shipping Fee + Tax + Handling Fee,360.15,0.00,MATCH_WITH_ADJ,"Bill total matches PO total, but has adjustment=21.15"
12-14560-40624,2026-04-28,UNKNOWN,stumpytailtreasures,5623409000002202207,249.45,249.45,0.00,0.00,0.00,0.00,1,5623409000002195168,12-14560-40624,paid,220.00,29.45,Shipping Fee + Tax + Handling Fee,249.45,0.00,MATCH_WITH_ADJ,"Bill total matches PO total, but has adjustment=29.45"
08-14565-66753,2026-04-28,UNKNOWN,radio.parts.and.more,5623409000002201159,71.50,71.50,0.00,0.00,0.00,0.00,1,5623409000002195092,08-14565-66753,paid,55.00,16.50,Shipping Fee + Tax + Handling Fee,71.50,0.00,MATCH_WITH_ADJ,"Bill total matches PO total, but has adjustment=16.50"
19-14546-90830,2026-04-27,UNKNOWN,bakers_bargainz,5623409000002202098,67.40,67.40,0.00,0.00,0.00,0.00,1,5623409000002195037,19-14546-90830,paid,45.00,22.40,Shipping Fee + Tax + Handling Fee,67.40,0.00,MATCH_WITH_ADJ,"Bill total matches PO total, but has adjustment=22.40"
10-14560-23662,2026-04-27,UNKNOWN,lamayzingfinds,5623409000002200125,72.12,72.12,0.00,0.00,0.00,0.00,1,5623409000002197127,10-14560-23662,paid,55.00,17.12,Shipping Fee + Tax + Handling Fee,72.12,0.00,MATCH_WITH_ADJ,"Bill total matches PO total, but has adjustment=17.12"
19-14546-91777,2026-04-27,UNKNOWN,drumcorpsguy,5623409000002200101,76.47,76.47,0.00,0.00,0.00,0.00,1,5623409000002198419,19-14546-91777,paid,62.00,14.47,Shipping Fee + Tax + Handling Fee,76.47,0.00,MATCH_WITH_ADJ,"Bill total matches PO total, but has adjustment=14.47"
11-14558-87204,2026-04-27,UNKNOWN,teleguerrero,5623409000002202061,38.58,38.58,0.00,0.00,0.00,0.00,1,5623409000002198399,11-14558-87204,paid,30.00,8.58,Shipping Fee + Tax + Handling Fee,38.58,0.00,MATCH_WITH_ADJ,"Bill total matches PO total, but has adjustment=8.58"
17-14549-80335,2026-04-27,UNKNOWN,jennza67,5623409000002200094,30.43,30.43,0.00,0.00,0.00,0.00,1,5623409000002201042,17-14549-80335,paid,20.00,10.43,Shipping Fee + Tax + Handling Fee,30.43,0.00,MATCH_WITH_ADJ,"Bill total matches PO total, but has adjustment=10.43"
21-14543-53483,2026-04-27,UNKNOWN,funstuffandthingsandstuff,5623409000002198338,76.16,76.16,0.00,0.00,0.00,0.00,1,5623409000002198348,21-14543-53483,paid,65.00,11.16,Shipping Fee + Tax + Handling Fee,76.16,0.00,MATCH_WITH_ADJ,"Bill total matches PO total, but has adjustment=11.16"
16-14551-43253,2026-04-27,UNKNOWN,stecol-5217,5623409000002198331,72.60,72.60,0.00,0.00,0.00,0.00,1,5623409000002200077,16-14551-43253,paid,62.00,10.60,Shipping Fee + Tax + Handling Fee,72.60,0.00,MATCH_WITH_ADJ,"Bill total matches PO total, but has adjustment=10.60"
03-14571-20644,2026-04-27,UNKNOWN,mega-product-variety,5623409000002195027,77.98,77.98,0.00,0.00,0.00,0.00,1,5623409000002200043,03-14571-20644,paid,64.99,12.99,Shipping Fee + Tax + Handling Fee,77.98,0.00,MATCH_WITH_ADJ,"Bill total matches PO total, but has adjustment=12.99"
17-14545-13912,2026-04-26,UNKNOWN,g3321,5623409000002190697,84.99,84.99,0.00,0.00,0.00,0.00,1,5623409000002183794,17-14545-13912,paid,65.00,19.99,Shipping Fee + Tax + Handling Fee,84.99,0.00,MATCH_WITH_ADJ,"Bill total matches PO total, but has adjustment=19.99"
11-14554-23125,2026-04-26,UNKNOWN,silentsales89,5623409000002186619,85.54,85.54,0.00,0.00,0.00,0.00,1,5623409000002183774,11-14554-23125,paid,64.99,20.55,Shipping Fee + Tax + Handling Fee,85.54,0.00,MATCH_WITH_ADJ,"Bill total matches PO total, but has adjustment=20.55"
13-14551-53731,2026-04-26,UNKNOWN,goliath7742,5623409000002193124,72.75,72.75,0.00,0.00,0.00,0.00,1,5623409000002193134,13-14551-53731,paid,52.76,19.99,Shipping Fee + Tax + Handling Fee,72.75,0.00,MATCH_WITH_ADJ,"Bill total matches PO total, but has adjustment=19.99"
13-14551-57770,2026-04-26,UNKNOWN,barns_finds,5623409000002188801,76.63,76.63,0.00,0.00,0.00,0.00,1,5623409000002191623,13-14551-57770,paid,59.99,16.64,Shipping Fee + Tax + Handling Fee,76.63,0.00,MATCH_WITH_ADJ,"Bill total matches PO total, but has adjustment=16.64"
07-14560-60081,2026-04-26,UNKNOWN,rc-mpls,5623409000002186565,39.17,39.17,0.00,0.00,0.00,0.00,1,5623409000002190680,07-14560-60081,paid,25.00,14.17,Shipping Fee + Tax + Handling Fee,39.17,0.00,MATCH_WITH_ADJ,"Bill total matches PO total, but has adjustment=14.17"
06-14562-18093,2026-04-26,UNKNOWN,tarianaz,5623409000002193086,62.94,62.94,0.00,0.00,0.00,0.00,1,5623409000002186541,06-14562-18093,paid,49.99,12.95,Shipping Fee + Tax + Handling Fee,62.94,0.00,MATCH_WITH_ADJ,"Bill total matches PO total, but has adjustment=12.95"
23-14536-36308,2026-04-26,UNKNOWN,mjrnyny,5623409000002188775,67.99,67.99,0.00,0.00,0.00,0.00,1,5623409000002193052,23-14536-36308,paid,54.99,13.00,Shipping Fee + Tax + Handling Fee,67.99,0.00,MATCH_WITH_ADJ,"Bill total matches PO total, but has adjustment=13.00"
26-14531-75453,2026-04-26,UNKNOWN,ricweddin0,5623409000002188751,62.89,62.89,0.00,0.00,0.00,0.00,1,5623409000002193025,26-14531-75453,paid,40.00,22.89,Shipping Fee + Tax + Handling Fee,62.89,0.00,MATCH_WITH_ADJ,"Bill total matches PO total, but has adjustment=22.89"
27-14530-51412,2026-04-26,UNKNOWN,michchit_1,5623409000002191573,89.12,89.12,0.00,0.00,0.00,0.00,1,5623409000002190656,27-14530-51412,paid,72.00,17.12,Shipping Fee + Tax + Handling Fee,89.12,0.00,MATCH_WITH_ADJ,"Bill total matches PO total, but has adjustment=17.12"
07-14562-42824,2026-04-26,UNKNOWN,mathews-sales,5623409000002188696,71.49,71.49,0.00,0.00,0.00,0.00,1,5623409000002188706,07-14562-42824,paid,54.99,16.50,Shipping Fee + Tax + Handling Fee,71.49,0.00,MATCH_WITH_ADJ,"Bill total matches PO total, but has adjustment=16.50"
16-14548-81823,2026-04-26,UNKNOWN,mmt123,5623409000002193003,64.99,64.99,0.00,0.00,0.00,0.00,1,5623409000002186506,16-14548-81823,paid,39.99,25.00,Shipping Fee + Tax + Handling Fee,64.99,0.00,MATCH_WITH_ADJ,"Bill total matches PO total, but has adjustment=25.00"
26-14523-95043,2026-04-24,UNKNOWN,goodwillsocalshop,5623409000002191442,39.00,39.00,0.00,0.00,0.00,0.00,1,5623409000002183610,26-14523-95043,paid,31.00,8.00,Shipping Fee + Tax + Handling Fee,39.00,0.00,MATCH_WITH_ADJ,"Bill total matches PO total, but has adjustment=8.00"
24-14541-72027,2026-04-24,UNKNOWN,crowncityresale,5623409000002188607,432.62,432.62,0.00,0.00,0.00,0.00,1,5623409000002183584,24-14541-72027,paid,425.00,7.62,Shipping Fee + Tax + Handling Fee,432.62,0.00,MATCH_WITH_ADJ,"Bill total matches PO total, but has adjustment=7.62"
19-14538-49791,2026-04-25,UNKNOWN,outofthisworldpicks,5623409000002191416,180.00,180.00,0.00,0.00,0.00,0.00,1,5623409000002183552,19-14538-49791,paid,84.74,95.26,Shipping Fee + Tax + Handling Fee,180.00,0.00,MATCH_WITH_ADJ,"Bill total matches PO total, but has adjustment=95.26"
05-14554-59007,2026-04-24,UNKNOWN,outofthisworldpicks,5623409000002183522,129.33,129.33,0.00,0.00,0.00,0.00,1,5623409000002183532,05-14554-59007,paid,120.00,9.33,Shipping Fee + Tax + Handling Fee,129.33,0.00,MATCH_WITH_ADJ,"Bill total matches PO total, but has adjustment=9.33"
62034159,2026-04-21,UNKNOWN,Goodwill,5623409000002190458,32.02,32.02,0.00,0.00,0.00,0.00,1,5623409000002183499,62034159,paid,14.99,17.03,Shipping Fee + Tax + Handling Fee,32.02,0.00,MATCH_WITH_ADJ,"Bill total matches PO total, but has adjustment=17.03"
61795163,2026-04-10,UNKNOWN,Goodwill,5623409000002183471,42.77,42.77,0.00,0.00,0.00,0.00,1,5623409000002413087,61795163,overdue,22.00,20.77,Shipping Fee + Tax + Handling Fee,42.77,0.00,MATCH_WITH_ADJ,"Bill total matches PO total, but has adjustment=20.77"
01-14559-87713,2026-04-23,UNKNOWN,ekim-sales,5623409000002191338,80.00,80.00,0.00,0.00,0.00,0.00,1,5623409000002188483,01-14559-87713,paid,70.00,10.00,Shipping Fee + Tax + Handling Fee,80.00,0.00,MATCH_WITH_ADJ,"Bill total matches PO total, but has adjustment=10.00"
19-14530-72366,2026-04-23,UNKNOWN,bryan44094,5623409000002188433,80.00,80.00,0.00,0.00,0.00,0.00,1,5623409000002188443,19-14530-72366,paid,65.00,15.00,Shipping Fee + Tax + Handling Fee,80.00,0.00,MATCH_WITH_ADJ,"Bill total matches PO total, but has adjustment=15.00"
15-14536-52198,2026-04-23,UNKNOWN,thatcher-co-resale,5623409000002188418,417.75,417.75,0.00,0.00,0.00,0.00,1,5623409000002183378,15-14536-52198,paid,400.00,17.75,Shipping Fee + Tax + Handling Fee,417.75,0.00,MATCH_WITH_ADJ,"Bill total matches PO total, but has adjustment=17.75"
15-14536-30640,2026-04-23,UNKNOWN,expressign,5623409000002191272,449.99,449.99,0.00,0.00,0.00,0.00,1,5623409000002188401,15-14536-30640,paid,380.00,69.99,Shipping Fee + Tax + Handling Fee,449.99,0.00,MATCH_WITH_ADJ,"Bill total matches PO total, but has adjustment=69.99"
14-14537-67993,2026-04-23,UNKNOWN,woodtaylorb,5623409000002183331,69.99,69.99,0.00,0.00,0.00,0.00,1,5623409000002183341,14-14537-67993,paid,39.99,30.00,Shipping Fee + Tax + Handling Fee,69.99,0.00,MATCH_WITH_ADJ,"Bill total matches PO total, but has adjustment=30.00"
04-14552-87221,2026-04-23,UNKNOWN,budget.tech,5623409000002191258,78.47,78.47,0.00,0.00,0.00,0.00,1,5623409000002188381,04-14552-87221,paid,60.00,18.47,Shipping Fee + Tax + Handling Fee,78.47,0.00,MATCH_WITH_ADJ,"Bill total matches PO total, but has adjustment=18.47"
02-14556-17266,2026-04-23,UNKNOWN,ojslush-2,5623409000002190332,67.17,67.17,0.00,0.00,0.00,0.00,1,5623409000002188354,02-14556-17266,paid,58.32,8.85,Shipping Fee + Tax + Handling Fee,67.17,0.00,MATCH_WITH_ADJ,"Bill total matches PO total, but has adjustment=8.85"
10-14538-81351,2026-04-22,UNKNOWN,thecuriosityspot,5623409000002188052,66.00,66.00,0.00,0.00,0.00,0.00,1,5623409000002185219,10-14538-81351,paid,48.00,18.00,Shipping Fee + Tax + Handling Fee,66.00,0.00,MATCH_WITH_ADJ,"Bill total matches PO total, but has adjustment=18.00"
16-14530-94047,2026-04-22,UNKNOWN,michiganative,5623409000002186033,122.06,122.06,0.00,0.00,0.00,0.00,1,5623409000002183250,16-14530-94047,paid,109.99,12.07,Shipping Fee + Tax + Handling Fee,122.06,0.00,MATCH_WITH_ADJ,"Bill total matches PO total, but has adjustment=12.07"
10-14539-81196,2026-04-22,UNKNOWN,restock-77,5623409000002185151,166.04,166.04,0.00,0.00,0.00,0.00,1,5623409000002188100,10-14539-81196,paid,140.00,26.04,Shipping Fee + Tax + Handling Fee,166.04,0.00,MATCH_WITH_ADJ,"Bill total matches PO total, but has adjustment=26.04"
20-14524-90039,2026-04-22,UNKNOWN,thegridgoodwill,5623409000002191031,133.52,133.52,0.00,0.00,0.00,0.00,1,5623409000002186140,20-14524-90039,paid,99.99,33.53,Shipping Fee + Tax + Handling Fee,133.52,0.00,MATCH_WITH_ADJ,"Bill total matches PO total, but has adjustment=33.53"
14-14533-01291,2026-04-22,UNKNOWN,shmattson,5623409000002190053,75.10,75.10,0.00,0.00,0.00,0.00,1,5623409000002190190,14-14533-01291,paid,60.00,15.10,Shipping Fee + Tax + Handling Fee,75.10,0.00,MATCH_WITH_ADJ,"Bill total matches PO total, but has adjustment=15.10"
17-14528-36729,2026-04-22,UNKNOWN,wy4pf-20,5623409000002191024,76.64,76.64,0.00,0.00,0.00,0.00,1,5623409000002190227,17-14528-36729,paid,65.00,11.64,Shipping Fee + Tax + Handling Fee,76.64,0.00,MATCH_WITH_ADJ,"Bill total matches PO total, but has adjustment=11.64"
24-14532-74938,2026-04-22,UNKNOWN,ibesellingstuff,5623409000002191017,57.95,57.95,0.00,0.00,0.00,0.00,1,5623409000002191105,24-14532-74938,paid,39.95,18.00,Shipping Fee + Tax + Handling Fee,57.95,0.00,MATCH_WITH_ADJ,"Bill total matches PO total, but has adjustment=18.00"
04-14548-11723,2026-04-22,UNKNOWN,pie_rex,5623409000002188038,79.03,79.03,0.00,0.00,0.00,0.00,1,5623409000002190154,04-14548-11723,paid,65.00,14.03,Shipping Fee + Tax + Handling Fee,79.03,0.00,MATCH_WITH_ADJ,"Bill total matches PO total, but has adjustment=14.03"
12-14535-96973,2026-04-22,UNKNOWN,oldmancyclist,5623409000002183053,58.44,58.44,0.00,0.00,0.00,0.00,1,5623409000002188063,12-14535-96973,paid,50.00,8.44,Shipping Fee + Tax + Handling Fee,58.44,0.00,MATCH_WITH_ADJ,"Bill total matches PO total, but has adjustment=8.44"
23-14519-36501,2026-04-22,UNKNOWN,vasikunc-0,5623409000002185135,285.00,285.00,0.00,0.00,0.00,0.00,1,5623409000002190128,23-14519-36501,paid,255.00,30.00,Shipping Fee + Tax + Handling Fee,285.00,0.00,MATCH_WITH_ADJ,"Bill total matches PO total, but has adjustment=30.00"
01-14551-98590,2026-04-22,UNKNOWN,303retro-games,5623409000002188024,71.94,71.94,0.00,0.00,0.00,0.00,1,5623409000002191051,01-14551-98590,paid,59.95,11.99,Shipping Fee + Tax + Handling Fee,71.94,0.00,MATCH_WITH_ADJ,"Bill total matches PO total, but has adjustment=11.99"
61595425,2026-03-27,UNKNOWN,Goodwill,5623409000002185120,69.50,69.50,0.00,0.00,0.00,0.00,1,5623409000002519518,61595425,overdue,67.00,2.50,Shipping Fee + Tax + Handling Fee,69.50,0.00,MATCH_WITH_ADJ,"Bill total matches PO total, but has adjustment=2.50"
61720202,2026-04-01,UNKNOWN,Goodwill,5623409000002190025,553.50,553.50,0.00,0.00,0.00,0.00,1,5623409000002507816,61720202,overdue,551.00,2.50,Shipping Fee + Tax + Handling Fee,553.50,0.00,MATCH_WITH_ADJ,"Bill total matches PO total, but has adjustment=2.50"
19-14520-99016,2026-04-21,UNKNOWN,troxy-llc,5623409000002180006,141.00,141.00,0.00,0.00,0.00,0.00,1,5623409000002186208,19-14520-99016,paid,129.00,12.00,Shipping Fee + Tax + Handling Fee,141.00,0.00,MATCH_WITH_ADJ,"Bill total matches PO total, but has adjustment=12.00"
07-14539-46058,2026-04-21,UNKNOWN,lydiaresaleco,5623409000002170872,413.67,413.67,0.00,0.00,0.00,0.00,1,5623409000002188206,07-14539-46058,paid,380.00,33.67,Shipping Fee + Tax + Handling Fee,413.67,0.00,MATCH_WITH_ADJ,"Bill total matches PO total, but has adjustment=33.67"
16-14527-68247,2026-04-21,UNKNOWN,acedynamic,5623409000002165388,178.95,178.95,0.00,0.00,0.00,0.00,1,5623409000002185199,16-14527-68247,paid,175.00,3.95,Shipping Fee + Tax + Handling Fee,178.95,0.00,MATCH_WITH_ADJ,"Bill total matches PO total, but has adjustment=3.95"
15-14526-83400,2026-04-21,UNKNOWN,playmedic,5623409000002169971,67.90,67.90,0.00,0.00,0.00,0.00,1,5623409000002186188,15-14526-83400,paid,59.95,7.95,Shipping Fee + Tax + Handling Fee,67.90,0.00,MATCH_WITH_ADJ,"Bill total matches PO total, but has adjustment=7.95"
18-14495-53414,2026-04-15,UNKNOWN,morethananuf,5623409000002178002,35.88,35.88,0.00,0.00,0.00,0.00,1,5623409000002165216,18-14495-53414,paid,18.23,17.65,Shipping Fee + Tax + Handling Fee,35.88,0.00,MATCH_WITH_ADJ,"Bill total matches PO total, but has adjustment=17.65"
18-14519-73400,2026-04-20,UNKNOWN,mobilegadgetmpls,5623409000002164129,196.21,196.21,0.00,0.00,0.00,0.00,1,5623409000002191142,18-14519-73400,paid,144.50,51.71,Shipping Fee + Tax + Handling Fee,196.21,0.00,MATCH_WITH_ADJ,"Bill total matches PO total, but has adjustment=51.71"
21-14512-89487,2026-04-20,UNKNOWN,99seneca,5623409000002166215,399.00,399.00,0.00,0.00,0.00,0.00,1,5623409000002183170,21-14512-89487,paid,360.00,39.00,Shipping Fee + Tax + Handling Fee,399.00,0.00,MATCH_WITH_ADJ,"Bill total matches PO total, but has adjustment=39.00"
03-14540-28489,2026-04-20,UNKNOWN,maxarstore,5623409000002170409,74.70,74.70,0.00,0.00,0.00,0.00,1,5623409000002191200,03-14540-28489,paid,65.00,9.70,Shipping Fee + Tax + Handling Fee,74.70,0.00,MATCH_WITH_ADJ,"Bill total matches PO total, but has adjustment=9.70"
05-14539-70821,2026-04-20,UNKNOWN,goodwillsocalshop,5623409000002170402,46.00,46.00,0.00,0.00,0.00,0.00,1,5623409000002190293,05-14539-70821,paid,38.00,8.00,Shipping Fee + Tax + Handling Fee,46.00,0.00,MATCH_WITH_ADJ,"Bill total matches PO total, but has adjustment=8.00"
20-14514-68438,2026-04-20,UNKNOWN,retroz00,5623409000002167189,64.36,64.36,0.00,0.00,0.00,0.00,1,5623409000002185256,20-14514-68438,paid,54.99,9.37,Shipping Fee + Tax + Handling Fee,64.36,0.00,MATCH_WITH_ADJ,"Bill total matches PO total, but has adjustment=9.37"
61595522,2026-04-01,UNKNOWN,Goodwill,5623409000002170385,107.70,107.70,0.00,0.00,0.00,0.00,1,5623409000002469984,61595522,overdue,99.95,7.75,Shipping Fee + Tax + Handling Fee,107.70,0.00,MATCH_WITH_ADJ,"Bill total matches PO total, but has adjustment=7.75"
61374040,2026-03-22,UNKNOWN,Goodwill,5623409000002165095,32.00,32.00,0.00,0.00,0.00,0.00,0,,,UNBILLED,0.00,0.00,,0.00,0.00,UNBILLED,PO has no linked bills in Zoho
61792626,2026-04-04,UNKNOWN,Goodwill,5623409000002166119,9.68,9.68,0.00,0.00,0.00,0.00,1,5623409000002323237,61792626,overdue,5.99,3.69,Shipping Fee + Tax + Handling Fee,9.68,0.00,MATCH_WITH_ADJ,"Bill total matches PO total, but has adjustment=3.69"
61792494,2026-04-08,UNKNOWN,Goodwill,5623409000002170265,12.92,12.92,0.00,0.00,0.00,0.00,1,5623409000002323175,61792494,overdue,9.99,2.93,Shipping Fee + Tax + Handling Fee,12.92,0.00,MATCH_WITH_ADJ,"Bill total matches PO total, but has adjustment=2.93"
61849349,2026-04-13,UNKNOWN,Goodwill,5623409000002170258,240.32,240.32,0.00,0.00,0.00,0.00,1,5623409000002471526,61849349,paid,237.82,2.50,Shipping Fee + Tax + Handling Fee,240.32,0.00,MATCH_WITH_ADJ,"Bill total matches PO total, but has adjustment=2.50"
03-14535-04505,2026-04-19,UNKNOWN,zenroshi,5623409000002164011,75.32,75.32,0.00,0.00,0.00,0.00,1,5623409000002166087,03-14535-04505,paid,64.99,10.33,Shipping Fee + Tax + Handling Fee,75.32,0.00,MATCH_WITH_ADJ,"Bill total matches PO total, but has adjustment=10.33"
03-14535-03568,2026-04-19,UNKNOWN,third_eyethrifts,5623409000002165028,394.01,394.01,0.00,0.00,0.00,0.00,1,5623409000002166061,03-14535-03568,overdue,365.00,29.01,Shipping Fee + Tax + Handling Fee,394.01,0.00,MATCH_WITH_ADJ,"Bill total matches PO total, but has adjustment=29.01"
07-14523-64952,2026-04-18,UNKNOWN,salvationarmytulsaarc,5623409000002169013,70.99,70.99,0.00,0.00,0.00,0.00,1,5623409000002167027,07-14523-64952,paid,56.00,14.99,Shipping Fee + Tax + Handling Fee,70.99,0.00,MATCH_WITH_ADJ,"Bill total matches PO total, but has adjustment=14.99"
22-14501-10847,2026-04-18,UNKNOWN,ratnay89,5623409000002166037,128.08,128.08,0.00,0.00,0.00,0.00,1,5623409000002519178,22-14501-10847,overdue,99.99,28.09,Shipping Fee + Tax + Handling Fee,128.08,0.00,MATCH_WITH_ADJ,"Bill total matches PO total, but has adjustment=28.09"
04-14535-84263,2026-04-19,UNKNOWN,electric1200,5623409000002166030,53.00,53.00,0.00,0.00,0.00,0.00,1,5623409000002170023,04-14535-84263,overdue,41.00,12.00,Shipping Fee + Tax + Handling Fee,53.00,0.00,MATCH_WITH_ADJ,"Bill total matches PO total, but has adjustment=12.00"
61897433,2026-04-15,UNKNOWN,Goodwill,5623409000002164004,55.19,55.19,0.00,0.00,0.00,0.00,1,5623409000002169260,61897433,paid,38.00,17.19,Shipping Fee + Tax + Handling Fee,55.19,0.00,MATCH_WITH_ADJ,"Bill total matches PO total, but has adjustment=17.19"
61897425,2026-04-15,UNKNOWN,Goodwill,5623409000002166022,36.04,36.04,0.00,0.00,0.00,0.00,1,5623409000002169213,61897425,paid,19.99,16.05,Shipping Fee + Tax + Handling Fee,36.04,0.00,MATCH_WITH_ADJ,"Bill total matches PO total, but has adjustment=16.05"
61875321,2026-04-14,UNKNOWN,Goodwill,5623409000002165014,123.80,123.80,0.00,0.00,0.00,0.00,1,5623409000002326438,61875321,overdue,89.57,34.23,Shipping Fee + Tax + Handling Fee,123.80,0.00,MATCH_WITH_ADJ,"Bill total matches PO total, but has adjustment=34.23"
61875293,2026-04-14,UNKNOWN,Goodwill,5623409000002169006,35.89,35.89,0.00,0.00,0.00,0.00,1,5623409000002169348,61875293,paid,19.99,15.90,Shipping Fee + Tax + Handling Fee,35.89,0.00,MATCH_WITH_ADJ,"Bill total matches PO total, but has adjustment=15.90"
61746861,2026-04-08,UNKNOWN,Goodwill,5623409000002166003,74.22,74.22,0.00,0.00,0.00,0.00,1,5623409000002169108,61746861,paid,54.77,19.45,Shipping Fee + Tax + Handling Fee,74.22,0.00,MATCH_WITH_ADJ,"Bill total matches PO total, but has adjustment=19.45"
27-14486-94077,2026-04-16,UNKNOWN,greenllamatradingpost,5623409000002130230,58.08,58.08,0.00,0.00,0.00,0.00,1,5623409000002131565,27-14486-94077,paid,46.00,12.08,Shipping Fee + Tax + Handling Fee,58.08,0.00,MATCH_WITH_ADJ,"Bill total matches PO total, but has adjustment=12.08"
LCPU-GABSOO PARK-04.11.26,2026-04-11,UNKNOWN,Gabsoo Park,5623409000002128632,1420.00,1420.00,0.00,0.00,0.00,0.00,1,5623409000002130886,LCPU-GABSOO PARK-04.11.26,paid,1420.02,-0.02,Rounding,1420.00,0.00,MATCH_WITH_ADJ,"Bill total matches PO total, but has adjustment=-0.02"
61897440,2026-04-15,UNKNOWN,Goodwill,5623409000002120267,89.73,89.73,0.00,0.00,0.00,0.00,1,5623409000002169297,61897440,paid,61.00,28.73,Shipping Fee + Tax + Handling Fee,89.73,0.00,MATCH_WITH_ADJ,"Bill total matches PO total, but has adjustment=28.73"
03-14519-59489,2026-04-15,UNKNOWN,keeper.of.the.grumper.phoenix,5623409000002124257,58.95,58.95,0.00,0.00,0.00,0.00,1,5623409000002120705,03-14519-59489,paid,46.00,12.95,Shipping Fee + Tax + Handling Fee,58.95,0.00,MATCH_WITH_ADJ,"Bill total matches PO total, but has adjustment=12.95"
27-14483-80878,2026-04-15,UNKNOWN,wesammy,5623409000002127089,49.99,49.99,0.00,0.00,0.00,0.00,1,5623409000002134525,27-14483-80878,paid,29.99,20.00,Shipping Fee + Tax + Handling Fee,49.99,0.00,MATCH_WITH_ADJ,"Bill total matches PO total, but has adjustment=20.00"
0079,2026-03-20,UNKNOWN,Resurs2 Corporation,5623409000002121111,1415.00,1415.00,0.00,0.00,0.00,0.00,0,,,UNBILLED,0.00,0.00,,0.00,0.00,UNBILLED,PO has no linked bills in Zoho
61795184,2026-04-10,UNKNOWN,Goodwill,5623409000002117229,39.71,39.71,0.00,0.00,0.00,0.00,1,5623409000002169385,61795184,paid,20.00,19.71,Shipping Fee + Tax + Handling Fee,39.71,0.00,MATCH_WITH_ADJ,"Bill total matches PO total, but has adjustment=19.71"
15-14495-20897,2026-04-14,UNKNOWN,uniquecuriosities4sale,5623409000002111023,403.85,403.85,0.00,0.00,0.00,0.00,1,5623409000002134336,15-14495-20897,paid,375.00,28.85,Shipping Fee + Tax + Handling Fee,403.85,0.00,MATCH_WITH_ADJ,"Bill total matches PO total, but has adjustment=28.85"
19-14492-32490,2026-04-15,UNKNOWN,denverboy24,5623409000002119004,389.98,389.98,0.00,0.00,0.00,0.00,1,5623409000002131833,19-14492-32490,paid,369.99,19.99,Shipping Fee + Tax + Handling Fee,389.98,0.00,MATCH_WITH_ADJ,"Bill total matches PO total, but has adjustment=19.99"
06-14503-91301,2026-04-13,UNKNOWN,tnyt45,5623409000002090083,71.57,71.57,0.00,0.00,0.00,0.00,1,5623409000002130987,06-14503-91301,paid,59.95,11.62,Shipping Fee + Tax + Handling Fee,71.57,0.00,MATCH_WITH_ADJ,"Bill total matches PO total, but has adjustment=11.62"
61795124,2026-04-10,UNKNOWN,Goodwill,5623409000002088108,41.93,41.93,0.00,0.00,0.00,0.00,1,5623409000002091975,61795124,paid,14.00,27.93,Shipping Fee + Tax + Handling Fee,41.93,0.00,MATCH_WITH_ADJ,"Bill total matches PO total, but has adjustment=27.93"
25-14475-66776,2026-04-13,UNKNOWN,house-cleanout-finds,5623409000002091474,22.33,22.33,0.00,0.00,0.00,0.00,0,,,UNBILLED,0.00,0.00,,0.00,0.00,UNBILLED,PO has no linked bills in Zoho
06-14505-55751,2026-04-13,UNKNOWN,goodwillsocalshop,5623409000002095046,37.99,37.99,0.00,0.00,0.00,0.00,1,5623409000002169422,06-14505-55751,paid,29.99,8.00,Shipping Fee + Tax + Handling Fee,37.99,0.00,MATCH_WITH_ADJ,"Bill total matches PO total, but has adjustment=8.00"
18-14485-99429,2026-04-13,UNKNOWN,declutter_nutter,5623409000002091460,50.85,50.85,0.00,0.00,0.00,0.00,1,5623409000002363217,18-14485-99429,overdue,35.00,15.85,Shipping Fee + Tax + Handling Fee,50.85,0.00,MATCH_WITH_ADJ,"Bill total matches PO total, but has adjustment=15.85"
06-14505-56483,2026-04-13,UNKNOWN,uptownokc,5623409000002094054,52.04,52.04,0.00,0.00,0.00,0.00,1,5623409000002131735,06-14505-56483,paid,40.00,12.04,Shipping Fee + Tax + Handling Fee,52.04,0.00,MATCH_WITH_ADJ,"Bill total matches PO total, but has adjustment=12.04"
297459690001021606,2026-04-02,UNKNOWN,Alibaba Express,5623409000002081157,453.58,453.58,0.00,0.00,0.00,0.00,1,5623409000002519749,297459690001021606,overdue,467.15,0.00,Shipping Fee + Tax + Handling Fee,467.15,13.57,OVERBILLED_LINE_DIFF,Bill total exceeds PO total by 13.57 with 0 bill adjustment (check line item quantities/rates)
61595664,2026-04-01,UNKNOWN,Goodwill,5623409000002082164,38.20,38.20,0.00,0.00,0.00,0.00,1,5623409000002078938,61595664,paid,29.97,8.23,Shipping Fee + Tax + Handling Fee,38.20,0.00,MATCH_WITH_ADJ,"Bill total matches PO total, but has adjustment=8.23"
61632353,2026-04-03,UNKNOWN,Goodwill,5623409000002081091,74.17,74.17,0.00,0.00,0.00,0.00,1,5623409000002377138,61632353,overdue,68.82,5.35,Shipping Fee + Tax + Handling Fee,74.17,0.00,MATCH_WITH_ADJ,"Bill total matches PO total, but has adjustment=5.35"
23-14452-55257,2026-04-07,UNKNOWN,coditrans08,5623409000002079129,93.00,93.00,0.00,0.00,0.00,0.00,1,5623409000002082378,23-14452-55257,paid,80.00,13.00,Shipping Fee + Tax + Handling Fee,93.00,0.00,MATCH_WITH_ADJ,"Bill total matches PO total, but has adjustment=13.00"
05-14492-94960,2026-04-10,UNKNOWN,atcotradingzone,5623409000002082148,444.95,444.95,0.00,0.00,0.00,0.00,1,5623409000002082530,05-14492-94960,paid,405.00,39.95,Shipping Fee + Tax + Handling Fee,444.95,0.00,MATCH_WITH_ADJ,"Bill total matches PO total, but has adjustment=39.95"
05-14492-55657,2026-04-10,UNKNOWN,carlitoswaytreasures,5623409000002081077,71.40,71.40,0.00,0.00,0.00,0.00,1,5623409000002081398,05-14492-55657,paid,60.00,11.40,Shipping Fee + Tax + Handling Fee,71.40,0.00,MATCH_WITH_ADJ,"Bill total matches PO total, but has adjustment=11.40"
16-14475-73418,2026-04-10,Ebay,bemroaster,5623409000002079115,74.88,74.88,0.00,0.00,0.00,0.00,0,,,UNBILLED,0.00,0.00,,0.00,0.00,UNBILLED,PO has no linked bills in Zoho
13-14480-39069,2026-04-10,Ebay,cargolargo,5623409000002082120,423.23,423.23,0.00,0.00,0.00,0.00,0,,,UNBILLED,0.00,0.00,,0.00,0.00,UNBILLED,PO has no linked bills in Zoho
16-14475-71067,2026-04-10,Ebay,makemeanofferdontbescared,5623409000002084155,43.99,43.99,0.00,0.00,0.00,0.00,0,,,UNBILLED,0.00,0.00,,0.00,0.00,UNBILLED,PO has no linked bills in Zoho
14-14478-64509,2026-04-10,Ebay,turf-king,5623409000002084127,72.00,72.00,0.00,0.00,0.00,0.00,0,,,UNBILLED,0.00,0.00,,0.00,0.00,UNBILLED,PO has no linked bills in Zoho
11-14484-43229,2026-04-10,Ebay,globaldeals247,5623409000002084099,37.46,37.46,0.00,0.00,0.00,0.00,0,,,UNBILLED,0.00,0.00,,0.00,0.00,UNBILLED,PO has no linked bills in Zoho
21-14476-10274,2026-04-12,UNKNOWN,colgr-2323,5623409000002081063,369.99,369.99,0.00,0.00,0.00,0.00,1,5623409000002079446,21-14476-10274,paid,330.00,39.99,Shipping Fee + Tax + Handling Fee,369.99,0.00,MATCH_WITH_ADJ,"Bill total matches PO total, but has adjustment=39.99"
24-14487-45874,2026-04-12,UNKNOWN,antaze-9662,5623409000002082092,437.00,437.00,0.00,0.00,0.00,0.00,1,5623409000002076608,24-14487-45874,paid,400.00,37.00,Shipping Fee + Tax + Handling Fee,437.00,0.00,MATCH_WITH_ADJ,"Bill total matches PO total, but has adjustment=37.00"
24-14480-15087,2026-04-10,UNKNOWN,mersgoodwill_collectibles,5623409000002084085,57.27,57.27,0.00,0.00,0.00,0.00,1,5623409000002081357,24-14480-15087,paid,24.99,32.28,Shipping Fee + Tax + Handling Fee,57.27,0.00,MATCH_WITH_ADJ,"Bill total matches PO total, but has adjustment=32.28"
03-14497-12030,2026-04-10,UNKNOWN,ibejunkin,5623409000002079087,194.46,194.46,0.00,0.00,0.00,0.00,1,5623409000002519352,03-14497-12030,overdue,179.97,14.49,Shipping Fee + Tax + Handling Fee,194.46,0.00,MATCH_WITH_ADJ,"Bill total matches PO total, but has adjustment=14.49"
17-14476-27996,2026-04-10,UNKNOWN,dvfgoods,5623409000002081029,239.99,239.99,0.00,0.00,0.00,0.00,1,5623409000002519284,17-14476-27996,overdue,240.00,-0.01,Shipping Fee + Tax + Handling Fee,239.99,0.00,MATCH_WITH_ADJ,"Bill total matches PO total, but has adjustment=-0.01"
61795020,2026-04-10,UNKNOWN,Goodwill,5623409000002079031,36.04,36.04,0.00,0.00,0.00,0.00,1,5623409000002363296,61795020,overdue,19.99,16.05,Shipping Fee + Tax + Handling Fee,36.04,0.00,MATCH_WITH_ADJ,"Bill total matches PO total, but has adjustment=16.05"
61793441,2026-04-10,UNKNOWN,Goodwill,5623409000002078025,35.89,35.89,0.00,0.00,0.00,0.00,1,5623409000002363241,61793441,overdue,19.99,15.90,Shipping Fee + Tax + Handling Fee,35.89,0.00,MATCH_WITH_ADJ,"Bill total matches PO total, but has adjustment=15.90"
61795074,2026-04-10,UNKNOWN,Goodwill,5623409000002079017,35.78,35.78,0.00,0.00,0.00,0.00,1,5623409000002363272,61795074,overdue,19.99,15.79,Shipping Fee + Tax + Handling Fee,35.78,0.00,MATCH_WITH_ADJ,"Bill total matches PO total, but has adjustment=15.79"
61747324,2026-04-08,UNKNOWN,Goodwill,5623409000002082023,35.59,35.59,0.00,0.00,0.00,0.00,1,5623409000002363193,61747324,overdue,19.99,15.60,Shipping Fee + Tax + Handling Fee,35.59,0.00,MATCH_WITH_ADJ,"Bill total matches PO total, but has adjustment=15.60"
61746941,2026-04-08,UNKNOWN,Goodwill,5623409000002082009,35.59,35.59,0.00,0.00,0.00,0.00,1,5623409000002169543,61746941,paid,19.99,15.60,Shipping Fee + Tax + Handling Fee,35.59,0.00,MATCH_WITH_ADJ,"Bill total matches PO total, but has adjustment=15.60"
14-14475-72914,2026-04-09,UNKNOWN,shopats,5623409000002042388,49.98,49.98,0.00,0.00,0.00,0.00,1,5623409000002082453,14-14475-72914,paid,19.99,29.99,Shipping Fee + Tax + Handling Fee,49.98,0.00,MATCH_WITH_ADJ,"Bill total matches PO total, but has adjustment=29.99"
04-14490-49293,2026-04-09,UNKNOWN,salvationarmymiamiarc,5623409000002037236,64.73,64.73,0.00,0.00,0.00,0.00,1,5623409000002078441,04-14490-49293,paid,43.00,21.73,Shipping Fee + Tax + Handling Fee,64.73,0.00,MATCH_WITH_ADJ,"Bill total matches PO total, but has adjustment=21.73"
08-14482-65046,2026-04-09,UNKNOWN,shanaynay60,5623409000002043134,76.99,76.99,0.00,0.00,0.00,0.00,1,5623409000002078526,08-14482-65046,paid,70.00,6.99,Shipping Fee + Tax + Handling Fee,76.99,0.00,MATCH_WITH_ADJ,"Bill total matches PO total, but has adjustment=6.99"
61475011,2026-03-27,UNKNOWN,Goodwill,5623409000002039776,30.70,30.70,0.00,0.00,0.00,0.00,0,,,UNBILLED,0.00,0.00,,0.00,0.00,UNBILLED,PO has no linked bills in Zoho
61373583,2026-03-23,UNKNOWN,Goodwill,5623409000002042120,35.78,35.78,0.00,0.00,0.00,0.00,0,,,UNBILLED,0.00,0.00,,0.00,0.00,UNBILLED,PO has no linked bills in Zoho
61747099,2026-04-08,UNKNOWN,Goodwill,5623409000002039585,26.61,26.61,0.00,0.00,0.00,0.00,1,5623409000002169502,61747099,paid,5.99,20.62,Shipping Fee + Tax + Handling Fee,26.61,0.00,MATCH_WITH_ADJ,"Bill total matches PO total, but has adjustment=20.62"
61746964,2026-04-08,UNKNOWN,Goodwill,5623409000002037067,43.75,43.75,0.00,0.00,0.00,0.00,1,5623409000002169462,61746964,paid,26.00,17.75,Shipping Fee + Tax + Handling Fee,43.75,0.00,MATCH_WITH_ADJ,"Bill total matches PO total, but has adjustment=17.75"
61632263,2026-04-03,UNKNOWN,Goodwill,5623409000002038380,35.39,35.39,0.00,0.00,0.00,0.00,1,5623409000002377036,61632263,overdue,14.99,20.40,Shipping Fee + Tax + Handling Fee,35.39,0.00,MATCH_WITH_ADJ,"Bill total matches PO total, but has adjustment=20.40"
61632120,2026-04-03,UNKNOWN,Goodwill,5623409000002039531,30.24,30.24,0.00,0.00,0.00,0.00,1,5623409000002377067,61632120,overdue,16.00,14.24,Shipping Fee + Tax + Handling Fee,30.24,0.00,MATCH_WITH_ADJ,"Bill total matches PO total, but has adjustment=14.24"
61631822,2026-04-03,UNKNOWN,Goodwill,5623409000002043031,80.95,80.95,0.00,0.00,0.00,0.00,1,5623409000002377091,61631822,overdue,50.00,30.95,Shipping Fee + Tax + Handling Fee,80.95,0.00,MATCH_WITH_ADJ,"Bill total matches PO total, but has adjustment=30.95"
61595736,2026-04-01,UNKNOWN,Goodwill,5623409000002042046,29.21,29.21,0.00,0.00,0.00,0.00,1,5623409000002363692,61595736,overdue,12.99,16.22,Shipping Fee + Tax + Handling Fee,29.21,0.00,MATCH_WITH_ADJ,"Bill total matches PO total, but has adjustment=16.22"
61476680,2026-03-27,UNKNOWN,Goodwill,5623409000002039477,28.01,28.01,0.00,0.00,0.00,0.00,0,,,UNBILLED,0.00,0.00,,0.00,0.00,UNBILLED,PO has no linked bills in Zoho
01-14491-70615,2026-04-08,UNKNOWN,mvpsalesfla,5623409000002026026,57.00,57.00,0.00,0.00,0.00,0.00,1,5623409000002078356,01-14491-70615,paid,45.00,12.00,Shipping Fee + Tax + Handling Fee,57.00,0.00,MATCH_WITH_ADJ,"Bill total matches PO total, but has adjustment=12.00"
23-14456-65739,2026-04-08,UNKNOWN,andrewmpearson32,5623409000002033032,77.65,77.65,0.00,0.00,0.00,0.00,1,5623409000002078263,23-14456-65739,paid,65.00,12.65,Shipping Fee + Tax + Handling Fee,77.65,0.00,MATCH_WITH_ADJ,"Bill total matches PO total, but has adjustment=12.65"
26-14452-07223,2026-04-08,UNKNOWN,goodwillsocalshop,5623409000002031061,37.99,37.99,0.00,0.00,0.00,0.00,1,5623409000002081280,26-14452-07223,paid,29.99,8.00,Shipping Fee + Tax + Handling Fee,37.99,0.00,MATCH_WITH_ADJ,"Bill total matches PO total, but has adjustment=8.00"
04-14484-34197,2026-04-08,Ebay,findsnstuff,5623409000002029117,78.85,78.85,0.00,0.00,0.00,0.00,0,,,UNBILLED,0.00,0.00,,0.00,0.00,UNBILLED,PO has no linked bills in Zoho
113-4897166-4684240,2026-03-10,Amazon,Tek Star (SN Recorded),5623409000002029103,587.90,587.90,0.00,0.00,0.00,0.00,0,,,UNBILLED,0.00,0.00,,0.00,0.00,UNBILLED,PO has no linked bills in Zoho
61476667,2026-03-27,UNKNOWN,Goodwill,5623409000002033002,35.78,35.78,0.00,0.00,0.00,0.00,0,,,UNBILLED,0.00,0.00,,0.00,0.00,UNBILLED,PO has no linked bills in Zoho
61632227,2026-04-03,UNKNOWN,Goodwill,5623409000002020028,27.97,27.97,0.00,0.00,0.00,0.00,1,5623409000002472452,61632227,paid,13.99,13.98,Shipping Fee + Tax + Handling Fee,27.97,0.00,MATCH_WITH_ADJ,"Bill total matches PO total, but has adjustment=13.98"
292898526001021606,2026-02-23,UNKNOWN,Alibaba,5623409000002022117,318.95,318.95,0.00,0.00,0.00,0.00,0,,,UNBILLED,0.00,0.00,,0.00,0.00,UNBILLED,PO has no linked bills in Zoho
61395833,2026-03-24,UNKNOWN,Goodwill,5623409000002022001,12.37,12.37,0.00,0.00,0.00,0.00,0,,,UNBILLED,0.00,0.00,,0.00,0.00,UNBILLED,PO has no linked bills in Zoho
0261507,2026-04-06,UNKNOWN,ANCHOR,5623409000002019188,260.44,260.44,0.00,0.00,0.00,0.00,1,5623409000002022457,0261507,paid,220.00,40.44,Shipping Fee + Tax + Handling Fee,260.44,0.00,MATCH_WITH_ADJ,"Bill total matches PO total, but has adjustment=40.44"
61632399,2026-04-03,UNKNOWN,Goodwill,5623409000002012860,90.70,90.70,0.00,0.00,0.00,0.00,1,5623409000002363981,61632399,overdue,41.00,49.70,Shipping Fee + Tax + Handling Fee,90.70,0.00,MATCH_WITH_ADJ,"Bill total matches PO total, but has adjustment=49.70"
61632414,2026-04-03,UNKNOWN,Goodwill,5623409000002012846,43.88,43.88,0.00,0.00,0.00,0.00,1,5623409000002363957,61632414,overdue,26.00,17.88,Shipping Fee + Tax + Handling Fee,43.88,0.00,MATCH_WITH_ADJ,"Bill total matches PO total, but has adjustment=17.88"
61632304,2026-04-03,UNKNOWN,Goodwill,5623409000002004906,44.26,44.26,0.00,0.00,0.00,0.00,1,5623409000002363785,61632304,overdue,14.99,29.27,Shipping Fee + Tax + Handling Fee,44.26,0.00,MATCH_WITH_ADJ,"Bill total matches PO total, but has adjustment=29.27"
61632369,2026-04-03,UNKNOWN,Goodwill,5623409000002008524,22.12,22.12,0.00,0.00,0.00,0.00,1,5623409000002363902,61632369,overdue,12.95,9.17,Shipping Fee + Tax + Handling Fee,22.12,0.00,MATCH_WITH_ADJ,"Bill total matches PO total, but has adjustment=9.17"
61535039,2026-03-30,UNKNOWN,Goodwill,5623409000002011535,135.79,135.79,0.00,0.00,0.00,0.00,1,5623409000002747768,61535039,overdue,126.00,0.00,,126.00,-9.79,UNDERBILLED_PARTIAL,Bill total is lower than PO total by 9.79 (partial receive/billing or vendor credit)
61475093,2026-03-27,UNKNOWN,Goodwill,5623409000002015041,35.05,35.05,0.00,0.00,0.00,0.00,0,,,UNBILLED,0.00,0.00,,0.00,0.00,UNBILLED,PO has no linked bills in Zoho
61476416,2026-03-27,UNKNOWN,Goodwill,5623409000002008310,227.49,227.49,0.00,0.00,0.00,0.00,0,,,UNBILLED,0.00,0.00,,0.00,0.00,UNBILLED,PO has no linked bills in Zoho
61414865,2026-03-25,UNKNOWN,Goodwill,5623409000002013282,90.20,90.20,0.00,0.00,0.00,0.00,0,,,UNBILLED,0.00,0.00,,0.00,0.00,UNBILLED,PO has no linked bills in Zoho
08-14469-71418,2026-04-06,UNKNOWN,gwnw165.2025,5623409000002013061,55.22,55.22,0.00,0.00,0.00,0.00,1,5623409000002013089,08-14469-71418,paid,36.00,19.22,Shipping Fee + Tax + Handling Fee,55.22,0.00,MATCH_WITH_ADJ,"Bill total matches PO total, but has adjustment=19.22"
06-14468-67625,2026-04-05,UNKNOWN,goodwillsocalshop,5623409000002011156,25.54,25.54,0.00,0.00,0.00,0.00,1,5623409000002029017,06-14468-67625,paid,17.54,8.00,Shipping Fee + Tax + Handling Fee,25.54,0.00,MATCH_WITH_ADJ,"Bill total matches PO total, but has adjustment=8.00"
09-14459-07882,2026-04-04,UNKNOWN,gpesola,5623409000002005783,825.00,825.00,0.00,0.00,0.00,0.00,1,5623409000002044658,09-14459-07882,paid,760.00,65.00,Shipping Fee + Tax + Handling Fee,825.00,0.00,MATCH_WITH_ADJ,"Bill total matches PO total, but has adjustment=65.00"
05-14463-71610,2026-04-04,UNKNOWN,enumclaw_recyclers,5623409000002004070,294.99,294.99,0.00,0.00,0.00,0.00,1,5623409000002377189,05-14463-71610,overdue,275.00,19.99,Shipping Fee + Tax + Handling Fee,294.99,0.00,MATCH_WITH_ADJ,"Bill total matches PO total, but has adjustment=19.99"
19-14441-02965,2026-04-03,UNKNOWN,goodwillsocalshop,5623409000002008126,37.99,37.99,0.00,0.00,0.00,0.00,1,5623409000002363878,19-14441-02965,overdue,29.99,8.00,Shipping Fee + Tax + Handling Fee,37.99,0.00,MATCH_WITH_ADJ,"Bill total matches PO total, but has adjustment=8.00"
15-14446-55888,2026-04-03,UNKNOWN,robval-0,5623409000002012162,104.45,104.45,0.00,0.00,0.00,0.00,1,5623409000002363926,15-14446-55888,overdue,95.00,9.45,Shipping Fee + Tax + Handling Fee,104.45,0.00,MATCH_WITH_ADJ,"Bill total matches PO total, but has adjustment=9.45"
61632137,2026-04-03,UNKNOWN,Goodwill,5623409000002005615,33.49,33.49,0.00,0.00,0.00,0.00,1,5623409000002363809,61632137,overdue,9.99,23.50,Shipping Fee + Tax + Handling Fee,33.49,0.00,MATCH_WITH_ADJ,"Bill total matches PO total, but has adjustment=23.50"
61632155,2026-04-03,UNKNOWN,Goodwill,5623409000002007921,88.46,88.46,0.00,0.00,0.00,0.00,1,5623409000002363833,61632155,overdue,61.00,27.46,Shipping Fee + Tax + Handling Fee,88.46,0.00,MATCH_WITH_ADJ,"Bill total matches PO total, but has adjustment=27.46"
61595693,2026-04-01,UNKNOWN,Goodwill,5623409000002005408,156.41,156.41,0.00,0.00,0.00,0.00,1,5623409000002005448,61595693,paid,103.55,52.86,Shipping Fee + Tax + Handling Fee,156.41,0.00,MATCH_WITH_ADJ,"Bill total matches PO total, but has adjustment=52.86"
61595628,2026-04-01,UNKNOWN,Goodwill,5623409000002004010,130.22,130.22,0.00,0.00,0.00,0.00,1,5623409000002363661,61595628,overdue,103.66,26.56,Shipping Fee + Tax + Handling Fee,130.22,0.00,MATCH_WITH_ADJ,"Bill total matches PO total, but has adjustment=26.56"
61462717,2026-03-26,UNKNOWN,Goodwill,5623409000001988454,35.95,35.95,0.00,0.00,0.00,0.00,0,,,UNBILLED,0.00,0.00,,0.00,0.00,UNBILLED,PO has no linked bills in Zoho
25-14423-78556,2026-04-01,UNKNOWN,keitaro,5623409000001988440,104.52,104.52,0.00,0.00,0.00,0.00,1,5623409000002363637,25-14423-78556,overdue,99.00,5.52,Shipping Fee + Tax + Handling Fee,104.52,0.00,MATCH_WITH_ADJ,"Bill total matches PO total, but has adjustment=5.52"
03-14459-32485,2026-04-02,UNKNOWN,monachus91,5623409000001988426,278.42,278.42,0.00,0.00,0.00,0.00,1,5623409000002005643,03-14459-32485,paid,265.00,13.42,Shipping Fee + Tax + Handling Fee,278.42,0.00,MATCH_WITH_ADJ,"Bill total matches PO total, but has adjustment=13.42"
10-14448-98502,2026-04-02,UNKNOWN,retailresaledirect,5623409000001983168,79.98,79.98,0.00,0.00,0.00,0.00,1,5623409000001982242,10-14448-98502,paid,64.99,14.99,Shipping Fee + Tax + Handling Fee,79.98,0.00,MATCH_WITH_ADJ,"Bill total matches PO total, but has adjustment=14.99"
14-14443-38267,2026-04-02,UNKNOWN,goodwillsocalshop,5623409000001985107,57.99,57.99,0.00,0.00,0.00,0.00,1,5623409000002007277,14-14443-38267,paid,49.99,8.00,Shipping Fee + Tax + Handling Fee,57.99,0.00,MATCH_WITH_ADJ,"Bill total matches PO total, but has adjustment=8.00"
18-14433-98192,2026-04-01,UNKNOWN,pbtoast29,5623409000001988404,72.55,72.55,0.00,0.00,0.00,0.00,1,5623409000002363613,18-14433-98192,overdue,50.00,22.55,Shipping Fee + Tax + Handling Fee,72.55,0.00,MATCH_WITH_ADJ,"Bill total matches PO total, but has adjustment=22.55"
61374025,2026-03-23,UNKNOWN,Goodwill,5623409000001988001,31.30,31.30,0.00,0.00,0.00,0.00,1,5623409000001994020,61374025,overdue,16.00,15.30,Shipping Fee + Tax + Handling Fee,31.30,0.00,MATCH_WITH_ADJ,"Bill total matches PO total, but has adjustment=15.30"
113-3447521-5217028,2026-03-20,UNKNOWN,KTC GLOBAL,5623409000001983020,8.81,8.81,0.00,0.00,0.00,0.00,0,,,UNBILLED,0.00,0.00,,0.00,0.00,UNBILLED,PO has no linked bills in Zoho
17-14435-40612,2026-04-01,UNKNOWN,greensale99,5623409000001978186,390.43,390.43,0.00,0.00,0.00,0.00,1,5623409000002323305,17-14435-40612,overdue,280.16,110.27,Shipping Fee + Tax + Handling Fee,390.43,0.00,MATCH_WITH_ADJ,"Bill total matches PO total, but has adjustment=110.27"
61358260,2026-03-22,UNKNOWN,Goodwill,5623409000001978162,50.10,50.10,0.00,0.00,0.00,0.00,1,5623409000002431159,61358260,overdue,29.99,0.00,,29.99,-20.11,UNDERBILLED_PARTIAL,Bill total is lower than PO total by 20.11 (partial receive/billing or vendor credit)
19-14431-47596,2026-04-01,UNKNOWN,jjvedder,5623409000001967644,44.49,44.49,0.00,0.00,0.00,0.00,1,5623409000002363566,19-14431-47596,overdue,32.99,11.50,Shipping Fee + Tax + Handling Fee,44.49,0.00,MATCH_WITH_ADJ,"Bill total matches PO total, but has adjustment=11.50"
10-14444-31114,2026-04-01,UNKNOWN,slot_4105,5623409000001959530,62.85,62.85,0.00,0.00,0.00,0.00,1,5623409000002520159,10-14444-31114,overdue,54.95,7.90,Shipping Fee + Tax + Handling Fee,62.85,0.00,MATCH_WITH_ADJ,"Bill total matches PO total, but has adjustment=7.90"
11-14443-68061,2026-04-01,UNKNOWN,texomaconnection,5623409000001958700,101.77,101.77,0.00,0.00,0.00,0.00,1,5623409000001986348,11-14443-68061,paid,75.00,26.77,Shipping Fee + Tax + Handling Fee,101.77,0.00,MATCH_WITH_ADJ,"Bill total matches PO total, but has adjustment=26.77"
14-14368-44281,2026-03-16,UNKNOWN,disanta-9,5623409000001968221,80.77,80.77,0.00,0.00,0.00,0.00,1,5623409000002423878,14-14368-44281,overdue,75.00,0.00,,75.00,-5.77,UNDERBILLED_PARTIAL,Bill total is lower than PO total by 5.77 (partial receive/billing or vendor credit)
16-14437-64543,2026-04-01,UNKNOWN,sc_sales-1,5623409000001957880,80.63,80.63,0.00,0.00,0.00,0.00,1,5623409000001986045,16-14437-64543,paid,67.91,12.72,Shipping Fee + Tax + Handling Fee,80.63,0.00,MATCH_WITH_ADJ,"Bill total matches PO total, but has adjustment=12.72"
61446911,2026-03-26,UNKNOWN,Goodwill,5623409000001967314,63.00,63.00,0.00,0.00,0.00,0.00,0,,,UNBILLED,0.00,0.00,,0.00,0.00,UNBILLED,PO has no linked bills in Zoho
61427666,2026-03-25,UNKNOWN,Goodwill,5623409000001961839,280.97,280.97,0.00,0.00,0.00,0.00,0,,,UNBILLED,0.00,0.00,,0.00,0.00,UNBILLED,PO has no linked bills in Zoho
61476539,2026-03-27,UNKNOWN,Goodwill,5623409000001961825,30.74,30.74,0.00,0.00,0.00,0.00,0,,,UNBILLED,0.00,0.00,,0.00,0.00,UNBILLED,PO has no linked bills in Zoho
61475109,2026-03-27,UNKNOWN,Goodwill,5623409000001961793,82.16,82.16,0.00,0.00,0.00,0.00,0,,,UNBILLED,0.00,0.00,,0.00,0.00,UNBILLED,PO has no linked bills in Zoho
61474984,2026-03-27,UNKNOWN,Goodwill,5623409000001958245,36.04,36.04,0.00,0.00,0.00,0.00,0,,,UNBILLED,0.00,0.00,,0.00,0.00,UNBILLED,PO has no linked bills in Zoho
61474994,2026-03-27,UNKNOWN,Goodwill,5623409000001957469,28.68,28.68,0.00,0.00,0.00,0.00,0,,,UNBILLED,0.00,0.00,,0.00,0.00,UNBILLED,PO has no linked bills in Zoho
61475134,2026-03-27,UNKNOWN,Goodwill,5623409000001961731,27.74,27.74,0.00,0.00,0.00,0.00,0,,,UNBILLED,0.00,0.00,,0.00,0.00,UNBILLED,PO has no linked bills in Zoho
61476620,2026-03-27,UNKNOWN,Goodwill,5623409000001961717,44.34,44.34,0.00,0.00,0.00,0.00,0,,,UNBILLED,0.00,0.00,,0.00,0.00,UNBILLED,PO has no linked bills in Zoho
14-14409-09139,2026-03-25,UNKNOWN,storage_hanter_2609,5623409000001961634,12.38,12.38,0.00,0.00,0.00,0.00,0,,,UNBILLED,0.00,0.00,,0.00,0.00,UNBILLED,PO has no linked bills in Zoho
23-14421-28722,2026-03-31,UNKNOWN,barfoot89,5623409000001961436,315.00,315.00,0.00,0.00,0.00,0.00,0,,,UNBILLED,0.00,0.00,,0.00,0.00,UNBILLED,PO has no linked bills in Zoho
01-14455-24575,2026-03-31,UNKNOWN,gunnin,5623409000001958097,415.00,415.00,0.00,0.00,0.00,0.00,0,,,UNBILLED,0.00,0.00,,0.00,0.00,UNBILLED,PO has no linked bills in Zoho
25-14418-34986,2026-03-31,UNKNOWN,bryre3235,5623409000001960093,52.33,52.33,0.00,0.00,0.00,0.00,0,,,UNBILLED,0.00,0.00,,0.00,0.00,UNBILLED,PO has no linked bills in Zoho
04-14448-90270,2026-03-31,UNKNOWN,passat-3,5623409000001957093,54.95,54.95,0.00,0.00,0.00,0.00,0,,,UNBILLED,0.00,0.00,,0.00,0.00,UNBILLED,PO has no linked bills in Zoho
61373974,2026-03-23,UNKNOWN,Goodwill,5623409000001961056,44.40,44.40,0.00,0.00,0.00,0.00,1,5623409000001961088,61373974,overdue,30.00,14.40,Shipping Fee + Tax + Handling Fee,44.40,0.00,MATCH_WITH_ADJ,"Bill total matches PO total, but has adjustment=14.40"
26-14417-16901,2026-03-31,UNKNOWN,2nd_hand_trends,5623409000001961042,29.74,29.74,0.00,0.00,0.00,0.00,0,,,UNBILLED,0.00,0.00,,0.00,0.00,UNBILLED,PO has no linked bills in Zoho
02-14453-70476,2026-03-31,UNKNOWN,tech-world43228,5623409000001960015,107.99,107.99,0.00,0.00,0.00,0.00,0,,,UNBILLED,0.00,0.00,,0.00,0.00,UNBILLED,PO has no linked bills in Zoho
27-14417-23323,2026-03-31,UNKNOWN,lifelong_123,5623409000001960001,69.50,69.50,0.00,0.00,0.00,0.00,0,,,UNBILLED,0.00,0.00,,0.00,0.00,UNBILLED,PO has no linked bills in Zoho
13-14437-66345,2026-03-31,UNKNOWN,andreadee,5623409000001956441,88.86,88.86,0.00,0.00,0.00,0.00,0,,,UNBILLED,0.00,0.00,,0.00,0.00,UNBILLED,PO has no linked bills in Zoho
61476527,2026-03-27,UNKNOWN,Goodwill,5623409000001948456,85.79,85.79,0.00,0.00,0.00,0.00,1,5623409000002430390,61476527,overdue,61.00,0.00,,61.00,-24.79,UNDERBILLED_PARTIAL,Bill total is lower than PO total by 24.79 (partial receive/billing or vendor credit)
61342434,2026-03-21,UNKNOWN,Goodwill,5623409000001945414,249.56,249.56,0.00,0.00,0.00,0.00,1,5623409000001960364,61342434,paid,205.00,44.56,Shipping Fee + Tax + Handling Fee,249.56,0.00,MATCH_WITH_ADJ,"Bill total matches PO total, but has adjustment=44.56"
61370702,2026-03-23,UNKNOWN,Goodwill,5623409000001935197,40.92,40.92,0.00,0.00,0.00,0.00,1,5623409000002432167,61370702,overdue,26.00,0.00,,26.00,-14.92,UNDERBILLED_PARTIAL,Bill total is lower than PO total by 14.92 (partial receive/billing or vendor credit)
61373371,2026-03-23,UNKNOWN,Goodwill,5623409000001935183,47.82,47.82,0.00,0.00,0.00,0.00,1,5623409000002432212,61373371,overdue,28.00,0.00,,28.00,-19.82,UNDERBILLED_PARTIAL,Bill total is lower than PO total by 19.82 (partial receive/billing or vendor credit)
61342201,2026-03-21,UNKNOWN,Goodwill,5623409000001937264,31.50,31.50,0.00,0.00,0.00,0.00,1,5623409000002425953,61342201,overdue,9.99,0.00,,9.99,-21.51,UNDERBILLED_PARTIAL,Bill total is lower than PO total by 21.51 (partial receive/billing or vendor credit)
61342322,2026-03-21,UNKNOWN,Goodwill,5623409000001941874,40.55,40.55,0.00,0.00,0.00,0.00,1,5623409000002431134,61342322,overdue,14.99,0.00,,14.99,-25.56,UNDERBILLED_PARTIAL,Bill total is lower than PO total by 25.56 (partial receive/billing or vendor credit)
24-14431-51319,2026-03-30,UNKNOWN,all_smiles7,5623409000001941066,80.74,80.74,0.00,0.00,0.00,0.00,0,,,UNBILLED,0.00,0.00,,0.00,0.00,UNBILLED,PO has no linked bills in Zoho
27-14411-51185,2026-03-30,UNKNOWN,holterscolter,5623409000001935027,49.99,49.99,0.00,0.00,0.00,0.00,0,,,UNBILLED,0.00,0.00,,0.00,0.00,UNBILLED,PO has no linked bills in Zoho
23-14416-42294,2026-03-30,UNKNOWN,tree_line_treasure,5623409000001935013,70.00,70.00,0.00,0.00,0.00,0.00,0,,,UNBILLED,0.00,0.00,,0.00,0.00,UNBILLED,PO has no linked bills in Zoho
01-14448-86217,2026-03-30,UNKNOWN,chribla_5706,5623409000001941052,76.98,76.98,0.00,0.00,0.00,0.00,0,,,UNBILLED,0.00,0.00,,0.00,0.00,UNBILLED,PO has no linked bills in Zoho
13-14431-03253,2026-03-30,UNKNOWN,seattlegoodwill,5623409000001937048,56.20,56.20,0.00,0.00,0.00,0.00,0,,,UNBILLED,0.00,0.00,,0.00,0.00,UNBILLED,PO has no linked bills in Zoho
04-14443-92724,2026-03-30,UNKNOWN,2nd_hand_trends,5623409000001937034,75.89,75.89,0.00,0.00,0.00,0.00,0,,,UNBILLED,0.00,0.00,,0.00,0.00,UNBILLED,PO has no linked bills in Zoho
06-14420-86406,2026-03-25,UNKNOWN,amya575,5623409000001926226,11.45,11.45,0.00,0.00,0.00,0.00,1,5623409000002742898,06-14420-86406,overdue,6.00,0.00,,6.00,-5.45,UNDERBILLED_PARTIAL,Bill total is lower than PO total by 5.45 (partial receive/billing or vendor credit)
11-14420-63469,2026-03-27,UNKNOWN,bargain_thrift_finds,5623409000001923136,50.34,50.34,0.00,0.00,0.00,0.00,1,5623409000002749840,11-14420-63469,overdue,42.24,0.00,,42.24,-8.10,UNDERBILLED_PARTIAL,Bill total is lower than PO total by 8.10 (partial receive/billing or vendor credit)
10-14421-93564,2026-03-27,UNKNOWN,idealusa,5623409000001924119,74.99,74.99,0.00,0.00,0.00,0.00,0,,,UNBILLED,0.00,0.00,,0.00,0.00,UNBILLED,PO has no linked bills in Zoho
25-14402-28028,2026-03-27,UNKNOWN,niceday1331_4,5623409000001926178,70.00,70.00,0.00,0.00,0.00,0.00,1,5623409000002755415,25-14402-28028,overdue,60.00,0.00,,60.00,-10.00,UNDERBILLED_PARTIAL,Bill total is lower than PO total by 10.00 (partial receive/billing or vendor credit)
#1128056914,2026-03-24,UNKNOWN,B&H Photo,5623409000001923095,180.00,180.00,0.00,0.00,0.00,0.00,0,,,UNBILLED,0.00,0.00,,0.00,0.00,UNBILLED,PO has no linked bills in Zoho
#HSGL11604,2026-03-22,UNKNOWN,Hypershell Global,5623409000001925367,999.00,999.00,0.00,0.00,0.00,0.00,0,,,UNBILLED,0.00,0.00,,0.00,0.00,UNBILLED,PO has no linked bills in Zoho
B003964009,2026-03-16,UNKNOWN,Bose Corporation,5623409000001922091,1073.00,1073.00,0.00,0.00,0.00,0.00,1,5623409000002755434,B003964009,overdue,996.00,0.00,,996.00,-77.00,UNDERBILLED_PARTIAL,Bill total is lower than PO total by 77.00 (partial receive/billing or vendor credit)
61374054,2026-03-23,UNKNOWN,Goodwill,5623409000001926064,52.48,52.48,0.00,0.00,0.00,0.00,0,,,UNBILLED,0.00,0.00,,0.00,0.00,UNBILLED,PO has no linked bills in Zoho
LCPU-ANHVU-03.27.26,2026-03-27,UNKNOWN,LCPU,5623409000001925301,290.00,290.00,0.00,0.00,0.00,0.00,0,,,UNBILLED,0.00,0.00,,0.00,0.00,UNBILLED,PO has no linked bills in Zoho
07-14426-14921,2026-03-27,UNKNOWN,burjameburde,5623409000001927047,431.86,431.86,0.00,0.00,0.00,0.00,0,,,UNBILLED,0.00,0.00,,0.00,0.00,UNBILLED,PO has no linked bills in Zoho
20-14415-60701,2026-03-29,UNKNOWN,powerupflip,5623409000001924037,237.82,237.82,0.00,0.00,0.00,0.00,0,,,UNBILLED,0.00,0.00,,0.00,0.00,UNBILLED,PO has no linked bills in Zoho
05-14436-87370,2026-03-29,UNKNOWN,padissestate,5623409000001924023,271.86,271.86,0.00,0.00,0.00,0.00,0,,,UNBILLED,0.00,0.00,,0.00,0.00,UNBILLED,PO has no linked bills in Zoho
13-14429-42940,2026-03-30,UNKNOWN,swanson300,5623409000001925198,435.77,435.77,0.00,0.00,0.00,0.00,0,,,UNBILLED,0.00,0.00,,0.00,0.00,UNBILLED,PO has no linked bills in Zoho
112-9009353-5009025,2026-03-27,UNKNOWN,Amazon.com,5623409000001923023,398.00,398.00,0.00,0.00,0.00,0.00,0,,,UNBILLED,0.00,0.00,,0.00,0.00,UNBILLED,PO has no linked bills in Zoho
112-3457145-4417816,2026-03-27,UNKNOWN,Amazon.com,5623409000001924009,398.00,398.00,0.00,0.00,0.00,0.00,0,,,UNBILLED,0.00,0.00,,0.00,0.00,UNBILLED,PO has no linked bills in Zoho
14-14424-44528,2026-03-29,UNKNOWN,tempohead,5623409000001926035,60.72,60.72,0.00,0.00,0.00,0.00,0,,,UNBILLED,0.00,0.00,,0.00,0.00,UNBILLED,PO has no linked bills in Zoho
22-14412-98697,2026-03-29,UNKNOWN,calpicks,5623409000001922049,77.57,77.57,0.00,0.00,0.00,0.00,0,,,UNBILLED,0.00,0.00,,0.00,0.00,UNBILLED,PO has no linked bills in Zoho
27-14401-73521,2026-03-28,UNKNOWN,intermountainthrift,5623409000001926021,110.00,110.00,0.00,0.00,0.00,0.00,0,,,UNBILLED,0.00,0.00,,0.00,0.00,UNBILLED,PO has no linked bills in Zoho
21-14409-93252,2026-03-28,UNKNOWN,intermountainthrift,5623409000001925170,75.00,75.00,0.00,0.00,0.00,0.00,0,,,UNBILLED,0.00,0.00,,0.00,0.00,UNBILLED,PO has no linked bills in Zoho
11-14424-73528,2026-03-28,UNKNOWN,silasdeanepawnshop,5623409000001925156,72.98,72.98,0.00,0.00,0.00,0.00,0,,,UNBILLED,0.00,0.00,,0.00,0.00,UNBILLED,PO has no linked bills in Zoho
8209438246008387,2026-03-19,UNKNOWN,Computer Server Accessories Store,5623409000001926005,455.05,455.05,0.00,0.00,0.00,0.00,0,,,UNBILLED,0.00,0.00,,0.00,0.00,UNBILLED,PO has no linked bills in Zoho
8210475010048387,2026-03-25,UNKNOWN,Computer Server Accessories Store,5623409000001893009,667.71,667.71,0.00,0.00,0.00,0.00,1,5623409000002675180,8210475010048387,overdue,626.16,41.55,Shipping Fee + Tax + Handling Fee,667.71,0.00,MATCH_WITH_ADJ,"Bill total matches PO total, but has adjustment=41.55"
61358279,2026-03-22,UNKNOWN,Goodwill,5623409000001890003,42.72,42.72,0.00,0.00,0.00,0.00,1,5623409000002429569,61358279,overdue,26.26,0.00,,26.26,-16.46,UNDERBILLED_PARTIAL,Bill total is lower than PO total by 16.46 (partial receive/billing or vendor credit)
61359862,2026-03-22,UNKNOWN,Goodwill,5623409000001892001,30.14,30.14,0.00,0.00,0.00,0.00,1,5623409000002430367,61359862,overdue,19.99,0.00,,19.99,-10.15,UNDERBILLED_PARTIAL,Bill total is lower than PO total by 10.15 (partial receive/billing or vendor credit)
24-14412-25088,2026-03-26,UNKNOWN,ly93606027,5623409000001883802,76.73,76.73,0.00,0.00,0.00,0.00,0,,,UNBILLED,0.00,0.00,,0.00,0.00,UNBILLED,PO has no linked bills in Zoho
27-14393-27554,2026-03-26,UNKNOWN,wvngskii,5623409000001883689,77.50,77.50,0.00,0.00,0.00,0.00,1,5623409000002748835,27-14393-27554,overdue,59.50,0.00,,59.50,-18.00,UNDERBILLED_PARTIAL,Bill total is lower than PO total by 18.00 (partial receive/billing or vendor credit)
19-14404-74995,2026-03-26,UNKNOWN,thatcher-co-resale,5623409000001883562,442.74,442.74,0.00,0.00,0.00,0.00,1,5623409000002742932,19-14404-74995,overdue,424.99,0.00,,424.99,-17.75,UNDERBILLED_PARTIAL,Bill total is lower than PO total by 17.75 (partial receive/billing or vendor credit)
17-14378-89498,2026-03-20,UNKNOWN,bibbidibobbidibuys55,5623409000001883322,30.50,30.50,0.00,0.00,0.00,0.00,1,5623409000002432057,17-14378-89498,overdue,10.50,0.00,,10.50,-20.00,UNDERBILLED_PARTIAL,Bill total is lower than PO total by 20.00 (partial receive/billing or vendor credit)
26-14388-63786,2026-03-25,UNKNOWN,midwest_deals_4_you,5623409000001883217,73.98,73.98,0.00,0.00,0.00,0.00,1,5623409000002756129,26-14388-63786,overdue,64.99,0.00,,64.99,-8.99,UNDERBILLED_PARTIAL,Bill total is lower than PO total by 8.99 (partial receive/billing or vendor credit)
20-14395-61240,2026-03-24,UNKNOWN,josbrou_81,5623409000001883104,304.97,304.97,0.00,0.00,0.00,0.00,1,5623409000002742957,20-14395-61240,overdue,274.95,0.00,,274.95,-30.02,UNDERBILLED_PARTIAL,Bill total is lower than PO total by 30.02 (partial receive/billing or vendor credit)
23-14390-82154,2026-03-24,UNKNOWN,macmotorman,5623409000001879991,49.99,49.99,0.00,0.00,0.00,0.00,1,5623409000002756163,23-14390-82154,overdue,44.99,0.00,,44.99,-5.00,UNDERBILLED_PARTIAL,Bill total is lower than PO total by 5.00 (partial receive/billing or vendor credit)
20-14394-60511,2026-03-24,UNKNOWN,goodwillsocalshop,5623409000001879870,57.99,57.99,0.00,0.00,0.00,0.00,1,5623409000002755459,20-14394-60511,overdue,49.99,0.00,,49.99,-8.00,UNDERBILLED_PARTIAL,Bill total is lower than PO total by 8.00 (partial receive/billing or vendor credit)
02-14420-70144,2026-03-24,UNKNOWN,thegridgoodwill,5623409000001879757,73.99,73.99,0.00,0.00,0.00,0.00,0,,,UNBILLED,0.00,0.00,,0.00,0.00,UNBILLED,PO has no linked bills in Zoho
26-14385-58520,2026-03-24,UNKNOWN,lska.310,5623409000001879563,81.65,81.65,0.00,0.00,0.00,0.00,1,5623409000002755478,26-14385-58520,overdue,75.50,0.00,,75.50,-6.15,UNDERBILLED_PARTIAL,Bill total is lower than PO total by 6.15 (partial receive/billing or vendor credit)
61013012,2026-03-06,UNKNOWN,Goodwill,5623409000001877809,41.84,41.84,0.00,0.00,0.00,0.00,1,5623409000002424878,61013012,overdue,21.00,0.00,,21.00,-20.84,UNDERBILLED_PARTIAL,Bill total is lower than PO total by 20.84 (partial receive/billing or vendor credit)
61068052,2026-03-09,UNKNOWN,Goodwill,5623409000001877793,87.32,87.32,0.00,0.00,0.00,0.00,0,,,UNBILLED,0.00,0.00,,0.00,0.00,UNBILLED,PO has no linked bills in Zoho
61075824,2026-03-10,UNKNOWN,Goodwill,5623409000001882103,37.03,37.03,0.00,0.00,0.00,0.00,1,5623409000002430215,61075824,overdue,18.00,0.00,,18.00,-19.03,UNDERBILLED_PARTIAL,Bill total is lower than PO total by 19.03 (partial receive/billing or vendor credit)
61076252,2026-03-10,UNKNOWN,Goodwill,5623409000001880316,38.32,38.32,0.00,0.00,0.00,0.00,1,5623409000002423825,61076252,overdue,14.99,0.00,,14.99,-23.33,UNDERBILLED_PARTIAL,Bill total is lower than PO total by 23.33 (partial receive/billing or vendor credit)
61099487,2026-03-11,UNKNOWN,Goodwill,5623409000001880302,32.25,32.25,0.00,0.00,0.00,0.00,1,5623409000002432019,61099487,overdue,11.99,0.00,,11.99,-20.26,UNDERBILLED_PARTIAL,Bill total is lower than PO total by 20.26 (partial receive/billing or vendor credit)
61148808,2026-03-13,UNKNOWN,Goodwill,5623409000001881156,121.77,121.77,0.00,0.00,0.00,0.00,1,5623409000002430278,61148808,overdue,113.00,0.00,,113.00,-8.77,UNDERBILLED_PARTIAL,Bill total is lower than PO total by 8.77 (partial receive/billing or vendor credit)
61266363,2026-03-18,UNKNOWN,Goodwill,5623409000001878662,49.73,49.73,0.00,0.00,0.00,0.00,0,,,UNBILLED,0.00,0.00,,0.00,0.00,UNBILLED,PO has no linked bills in Zoho
15-14376-14264,2026-03-18,UNKNOWN,goodwillsocalshop,5623409000001877779,194.00,194.00,0.00,0.00,0.00,0.00,1,5623409000002742991,15-14376-14264,overdue,186.00,0.00,,186.00,-8.00,UNDERBILLED_PARTIAL,Bill total is lower than PO total by 8.00 (partial receive/billing or vendor credit)
20-14368-70630,2026-03-18,UNKNOWN,goodwillvsb,5623409000001879535,43.67,43.67,0.00,0.00,0.00,0.00,0,,,UNBILLED,0.00,0.00,,0.00,0.00,UNBILLED,PO has no linked bills in Zoho
09-14383-47974,2026-03-18,UNKNOWN,pdx_ba93,5623409000001881136,164.99,164.99,0.00,0.00,0.00,0.00,1,5623409000002747854,09-14383-47974,overdue,127.49,0.00,,127.49,-37.50,UNDERBILLED_PARTIAL,Bill total is lower than PO total by 37.50 (partial receive/billing or vendor credit)
11-14386-73982,2026-03-19,UNKNOWN,golfballgirl22,5623409000001877735,183.50,183.50,0.00,0.00,0.00,0.00,1,5623409000002749942,11-14386-73982,overdue,163.50,0.00,,163.50,-20.00,UNDERBILLED_PARTIAL,Bill total is lower than PO total by 20.00 (partial receive/billing or vendor credit)
20-14372-03452,2026-03-19,UNKNOWN,kwmstuf,5623409000001881122,62.00,62.00,0.00,0.00,0.00,0.00,1,5623409000002748923,20-14372-03452,overdue,44.00,0.00,,44.00,-18.00,UNDERBILLED_PARTIAL,Bill total is lower than PO total by 18.00 (partial receive/billing or vendor credit)
24-14381-05943,2026-03-19,UNKNOWN,yesia9,5623409000001881108,82.05,82.05,0.00,0.00,0.00,0.00,1,5623409000002755527,24-14381-05943,overdue,70.00,0.00,,70.00,-12.05,UNDERBILLED_PARTIAL,Bill total is lower than PO total by 12.05 (partial receive/billing or vendor credit)
26-14368-97774,2026-03-20,UNKNOWN,route52shop,5623409000001877721,81.30,81.30,0.00,0.00,0.00,0.00,0,,,UNBILLED,0.00,0.00,,0.00,0.00,UNBILLED,PO has no linked bills in Zoho
19-14378-04432,2026-03-20,UNKNOWN,koutashdbz,5623409000001880244,386.84,386.84,0.00,0.00,0.00,0.00,1,5623409000002749993,19-14378-04432,overdue,349.00,0.00,,349.00,-37.84,UNDERBILLED_PARTIAL,Bill total is lower than PO total by 37.84 (partial receive/billing or vendor credit)
08-14393-65557,2026-03-20,UNKNOWN,crasslamb,5623409000001880230,83.55,83.55,0.00,0.00,0.00,0.00,1,5623409000002756231,08-14393-65557,overdue,66.00,0.00,,66.00,-17.55,UNDERBILLED_PARTIAL,Bill total is lower than PO total by 17.55 (partial receive/billing or vendor credit)
11-14389-48517,2026-03-20,UNKNOWN,secondhandstandard,5623409000001878648,60.45,60.45,0.00,0.00,0.00,0.00,1,5623409000002747907,11-14389-48517,overdue,38.00,0.00,,38.00,-22.45,UNDERBILLED_PARTIAL,Bill total is lower than PO total by 22.45 (partial receive/billing or vendor credit)
24-14385-47791,2026-03-20,UNKNOWN,becar_8506,5623409000001882047,75.93,75.93,0.00,0.00,0.00,0.00,0,,,UNBILLED,0.00,0.00,,0.00,0.00,UNBILLED,PO has no linked bills in Zoho
08-14393-63727,2026-03-20,UNKNOWN,bemafarley3,5623409000001878620,82.81,82.81,0.00,0.00,0.00,0.00,1,5623409000002756265,08-14393-63727,overdue,69.00,0.00,,69.00,-13.81,UNDERBILLED_PARTIAL,Bill total is lower than PO total by 13.81 (partial receive/billing or vendor credit)
04-14403-84827,2026-03-21,UNKNOWN,silasdeanepawnshop,5623409000001881078,75.78,75.78,0.00,0.00,0.00,0.00,1,5623409000002755561,04-14403-84827,overdue,58.79,0.00,,58.79,-16.99,UNDERBILLED_PARTIAL,Bill total is lower than PO total by 16.99 (partial receive/billing or vendor credit)
11-14393-56597,2026-03-21,UNKNOWN,jarcolin,5623409000001882019,84.00,84.00,0.00,0.00,0.00,0.00,1,5623409000002755605,11-14393-56597,overdue,68.00,0.00,,68.00,-16.00,UNDERBILLED_PARTIAL,Bill total is lower than PO total by 16.00 (partial receive/billing or vendor credit)
05-14408-95581,2026-03-22,UNKNOWN,gazelle-intensity,5623409000001882005,212.16,212.16,0.00,0.00,0.00,0.00,1,5623409000001961220,05-14408-95581,overdue,184.99,27.17,Shipping Fee + Handling Fee,212.16,0.00,MATCH_WITH_ADJ,"Bill total matches PO total, but has adjustment=27.17"
02-14412-37301,2026-03-22,UNKNOWN,jokos-33,5623409000001878592,85.00,85.00,0.00,0.00,0.00,0.00,1,5623409000002758038,02-14412-37301,overdue,70.00,0.00,,70.00,-15.00,UNDERBILLED_PARTIAL,Bill total is lower than PO total by 15.00 (partial receive/billing or vendor credit)
21-14383-83086,2026-03-22,UNKNOWN,kymont-0,5623409000001877663,329.01,329.01,0.00,0.00,0.00,0.00,1,5623409000002759006,21-14383-83086,overdue,300.00,0.00,,300.00,-29.01,UNDERBILLED_PARTIAL,Bill total is lower than PO total by 29.01 (partial receive/billing or vendor credit)
23-14380-27048,2026-03-22,UNKNOWN,tonycarlson11,5623409000001878578,83.95,83.95,0.00,0.00,0.00,0.00,1,5623409000002755639,23-14380-27048,overdue,69.95,0.00,,69.95,-14.00,UNDERBILLED_PARTIAL,Bill total is lower than PO total by 14.00 (partial receive/billing or vendor credit)
08-14401-61415,2026-03-22,UNKNOWN,lmj_retail_llc,5623409000001877635,79.95,79.95,0.00,0.00,0.00,0.00,0,,,UNBILLED,0.00,0.00,,0.00,0.00,UNBILLED,PO has no linked bills in Zoho
06-14410-03151,2026-03-23,UNKNOWN,jmkanz97,5623409000001877621,80.94,80.94,0.00,0.00,0.00,0.00,1,5623409000002759031,06-14410-03151,overdue,70.00,0.00,,70.00,-10.94,UNDERBILLED_PARTIAL,Bill total is lower than PO total by 10.94 (partial receive/billing or vendor credit)
14-14396-54084,2026-03-23,UNKNOWN,joesif,5623409000001876977,85.00,85.00,0.00,0.00,0.00,0.00,1,5623409000002760012,14-14396-54084,overdue,75.00,0.00,,75.00,-10.00,UNDERBILLED_PARTIAL,Bill total is lower than PO total by 10.00 (partial receive/billing or vendor credit)
20-14387-71410,2026-03-23,UNKNOWN,2ndchanceresell,5623409000001879463,442.90,442.90,0.00,0.00,0.00,0.00,1,5623409000002758072,20-14387-71410,overdue,420.00,0.00,,420.00,-22.90,UNDERBILLED_PARTIAL,Bill total is lower than PO total by 22.90 (partial receive/billing or vendor credit)
18-14395-85858,2026-03-24,UNKNOWN,az_phoenix,5623409000001878562,377.98,377.98,0.00,0.00,0.00,0.00,1,5623409000002755658,18-14395-85858,overdue,349.99,0.00,,349.99,-27.99,UNDERBILLED_PARTIAL,Bill total is lower than PO total by 27.99 (partial receive/billing or vendor credit)
61123192,2026-03-11,UNKNOWN,Goodwill,5623409000001829843,35.42,35.42,0.00,0.00,0.00,0.00,1,5623409000002430253,61123192,overdue,17.00,0.00,,17.00,-18.42,UNDERBILLED_PARTIAL,Bill total is lower than PO total by 18.42 (partial receive/billing or vendor credit)
18-14370-59292,2026-03-18,UNKNOWN,5teeeve,5623409000001831043,73.25,73.25,0.00,0.00,0.00,0.00,1,5623409000002758117,18-14370-59292,overdue,60.00,0.00,,60.00,-13.25,UNDERBILLED_PARTIAL,Bill total is lower than PO total by 13.25 (partial receive/billing or vendor credit)
13-14384-06740,2026-03-19,UNKNOWN,mickster62,5623409000001835043,84.09,84.09,0.00,0.00,0.00,0.00,1,5623409000002758136,13-14384-06740,overdue,59.99,0.00,,59.99,-24.10,UNDERBILLED_PARTIAL,Bill total is lower than PO total by 24.10 (partial receive/billing or vendor credit)
12-14384-10217,2026-03-19,UNKNOWN,larisa18,5623409000001828930,82.45,82.45,0.00,0.00,0.00,0.00,1,5623409000002756323,12-14384-10217,overdue,60.00,0.00,,60.00,-22.45,UNDERBILLED_PARTIAL,Bill total is lower than PO total by 22.45 (partial receive/billing or vendor credit)
27-14362-16764,2026-03-19,UNKNOWN,mojagu_56,5623409000001828803,87.05,87.05,0.00,0.00,0.00,0.00,1,5623409000002759050,27-14362-16764,overdue,70.00,0.00,,70.00,-17.05,UNDERBILLED_PARTIAL,Bill total is lower than PO total by 17.05 (partial receive/billing or vendor credit)
02-14398-36919,2026-03-19,UNKNOWN,speedt_87,5623409000001828690,74.19,74.19,0.00,0.00,0.00,0.00,0,,,UNBILLED,0.00,0.00,,0.00,0.00,UNBILLED,PO has no linked bills in Zoho
18-14374-98642,2026-03-19,UNKNOWN,himax346,5623409000001828577,84.92,84.92,0.00,0.00,0.00,0.00,1,5623409000002759095,18-14374-98642,overdue,70.89,0.00,,70.89,-14.03,UNDERBILLED_PARTIAL,Bill total is lower than PO total by 14.03 (partial receive/billing or vendor credit)
01-14400-14096,2026-03-19,UNKNOWN,essentialsupply12,5623409000001828460,67.44,67.44,0.00,0.00,0.00,0.00,1,5623409000002756342,01-14400-14096,overdue,59.99,0.00,,59.99,-7.45,UNDERBILLED_PARTIAL,Bill total is lower than PO total by 7.45 (partial receive/billing or vendor credit)
06-14389-45433,2026-03-18,UNKNOWN,michiganative,5623409000001829728,207.85,207.85,0.00,0.00,0.00,0.00,1,5623409000002756361,06-14389-45433,overdue,187.50,0.00,,187.50,-20.35,UNDERBILLED_PARTIAL,Bill total is lower than PO total by 20.35 (partial receive/billing or vendor credit)
04-14392-08669,2026-03-18,UNKNOWN,goodwillvsb,5623409000001829458,567.90,567.90,0.00,0.00,0.00,0.00,0,,,UNBILLED,0.00,0.00,,0.00,0.00,UNBILLED,PO has no linked bills in Zoho
14-14377-54447,2026-03-18,UNKNOWN,goodwillvsb,5623409000001829359,59.99,59.99,0.00,0.00,0.00,0.00,0,,,UNBILLED,0.00,0.00,,0.00,0.00,UNBILLED,PO has no linked bills in Zoho
01-14396-84978,2026-03-18,UNKNOWN,goodwillvsb,5623409000001829260,32.82,32.82,0.00,0.00,0.00,0.00,0,,,UNBILLED,0.00,0.00,,0.00,0.00,UNBILLED,PO has no linked bills in Zoho
17-14373-01038,2026-03-18,UNKNOWN,goodwillvsb,5623409000001829161,52.49,52.49,0.00,0.00,0.00,0.00,0,,,UNBILLED,0.00,0.00,,0.00,0.00,UNBILLED,PO has no linked bills in Zoho
13-14379-10152,2026-03-18,UNKNOWN,goodwillvsb,5623409000001829028,26.20,26.20,0.00,0.00,0.00,0.00,0,,,UNBILLED,0.00,0.00,,0.00,0.00,UNBILLED,PO has no linked bills in Zoho
113-2908724-1694637,2026-03-17,UNKNOWN,PC Micro Store,5623409000001826013,61.35,61.35,0.00,0.00,0.00,0.00,1,5623409000002425932,113-2908724-1694637,overdue,58.36,0.00,,58.36,-2.99,UNDERBILLED_PARTIAL,Bill total is lower than PO total by 2.99 (partial receive/billing or vendor credit)
20-14368-65673,2026-03-18,UNKNOWN,snappysales67,5623409000001824311,66.68,66.68,0.00,0.00,0.00,0.00,1,5623409000002759114,20-14368-65673,overdue,30.95,0.00,,30.95,-35.73,UNDERBILLED_PARTIAL,Bill total is lower than PO total by 35.73 (partial receive/billing or vendor credit)
10-14382-76415,2026-03-18,UNKNOWN,tech-world43228,5623409000001824107,58.00,58.00,0.00,0.00,0.00,0.00,0,,,UNBILLED,0.00,0.00,,0.00,0.00,UNBILLED,PO has no linked bills in Zoho
21-14366-23757,2026-03-18,UNKNOWN,rentto-0,5623409000001815799,508.00,508.00,0.00,0.00,0.00,0.00,0,,,UNBILLED,0.00,0.00,,0.00,0.00,UNBILLED,PO has no linked bills in Zoho
25-14360-62506,2026-03-18,UNKNOWN,adre_4051,5623409000001815686,84.03,84.03,0.00,0.00,0.00,0.00,1,5623409000002759148,25-14360-62506,overdue,55.02,0.00,,55.02,-29.01,UNDERBILLED_PARTIAL,Bill total is lower than PO total by 29.01 (partial receive/billing or vendor credit)
10-14382-00811,2026-03-18,UNKNOWN,tech-world43228,5623409000001815181,111.99,111.99,0.00,0.00,0.00,0.00,0,,,UNBILLED,0.00,0.00,,0.00,0.00,UNBILLED,PO has no linked bills in Zoho
14-14376-40763,2026-03-18,UNKNOWN,tech-world43228,5623409000001815082,47.99,47.99,0.00,0.00,0.00,0.00,1,5623409000002756429,14-14376-40763,overdue,53.99,0.00,,53.99,6.00,OVERBILLED_LINE_DIFF,Bill total exceeds PO total by 6.00 with 0 bill adjustment (check line item quantities/rates)
21-14365-85931,2026-03-18,UNKNOWN,tor-3558,5623409000001814001,84.81,84.81,0.00,0.00,0.00,0.00,1,5623409000002758200,21-14365-85931,overdue,75.00,0.00,,75.00,-9.81,UNDERBILLED_PARTIAL,Bill total is lower than PO total by 9.81 (partial receive/billing or vendor credit)
11-14380-56357,2026-03-18,UNKNOWN,sebastion12012,5623409000001807515,450.00,450.00,0.00,0.00,0.00,0.00,0,,,UNBILLED,0.00,0.00,,0.00,0.00,UNBILLED,PO has no linked bills in Zoho
23-14363-33447,2026-03-18,UNKNOWN,shoeflypdx,5623409000001807289,79.98,79.98,0.00,0.00,0.00,0.00,0,,,UNBILLED,0.00,0.00,,0.00,0.00,UNBILLED,PO has no linked bills in Zoho
15-14374-70320,2026-03-18,UNKNOWN,cassieceleste,5623409000001807176,82.80,82.80,0.00,0.00,0.00,0.00,1,5623409000002756448,15-14374-70320,overdue,69.99,0.00,,69.99,-12.81,UNDERBILLED_PARTIAL,Bill total is lower than PO total by 12.81 (partial receive/billing or vendor credit)
10-14381-81926,2026-03-18,UNKNOWN,steffwithanf,5623409000001807063,82.94,82.94,0.00,0.00,0.00,0.00,1,5623409000002759182,10-14381-81926,overdue,70.00,0.00,,70.00,-12.94,UNDERBILLED_PARTIAL,Bill total is lower than PO total by 12.94 (partial receive/billing or vendor credit)
LCPU Cody,2026-03-17,UNKNOWN,LCPU Cody,5623409000001800853,875.00,875.00,0.00,0.00,0.00,0.00,0,,,UNBILLED,0.00,0.00,,0.00,0.00,UNBILLED,PO has no linked bills in Zoho
01-14394-16382,2026-03-18,UNKNOWN,thedealdepotco,5623409000001804357,76.64,76.64,0.00,0.00,0.00,0.00,0,,,UNBILLED,0.00,0.00,,0.00,0.00,UNBILLED,PO has no linked bills in Zoho
26-14356-27669,2026-03-17,UNKNOWN,romo-resellers,5623409000001804014,379.38,379.38,0.00,0.00,0.00,0.00,1,5623409000002760187,26-14356-27669,overdue,315.75,0.00,,315.75,-63.63,UNDERBILLED_PARTIAL,Bill total is lower than PO total by 63.63 (partial receive/billing or vendor credit)
16-14369-75432,2026-03-17,UNKNOWN,josstru75,5623409000001801792,32.50,32.50,0.00,0.00,0.00,0.00,1,5623409000002759201,16-14369-75432,overdue,25.00,0.00,,25.00,-7.50,UNDERBILLED_PARTIAL,Bill total is lower than PO total by 7.50 (partial receive/billing or vendor credit)
11-14375-95961,2026-03-17,UNKNOWN,lestesokol,5623409000001801475,83.29,83.29,0.00,0.00,0.00,0.00,0,,,UNBILLED,0.00,0.00,,0.00,0.00,UNBILLED,PO has no linked bills in Zoho
25-14353-81322,2026-03-16,UNKNOWN,goodwillsocalshop,5623409000001735145,27.49,27.49,0.00,0.00,0.00,0.00,1,5623409000002760231,25-14353-81322,overdue,19.49,0.00,,19.49,-8.00,UNDERBILLED_PARTIAL,Bill total is lower than PO total by 8.00 (partial receive/billing or vendor credit)
14-14369-42529,2026-03-16,UNKNOWN,nataliiazvir,5623409000001735032,79.33,79.33,0.00,0.00,0.00,0.00,1,5623409000002756482,14-14369-42529,overdue,69.00,0.00,,69.00,-10.33,UNDERBILLED_PARTIAL,Bill total is lower than PO total by 10.33 (partial receive/billing or vendor credit)
08-14377-40806,2026-03-16,UNKNOWN,bel-5205,5623409000001733905,400.08,400.08,0.00,0.00,0.00,0.00,0,,,UNBILLED,0.00,0.00,,0.00,0.00,UNBILLED,PO has no linked bills in Zoho
15-14367-17909,2026-03-16,UNKNOWN,realvintage831,5623409000001733778,156.29,156.29,0.00,0.00,0.00,0.00,0,,,UNBILLED,0.00,0.00,,0.00,0.00,UNBILLED,PO has no linked bills in Zoho
20-14359-97963,2026-03-16,UNKNOWN,flatearth,5623409000001733665,166.98,166.98,0.00,0.00,0.00,0.00,1,5623409000002757220,20-14359-97963,overdue,154.98,0.00,,154.98,-12.00,UNDERBILLED_PARTIAL,Bill total is lower than PO total by 12.00 (partial receive/billing or vendor credit)
07-14378-88245,2026-03-16,UNKNOWN,flatearth,5623409000001733516,210.00,210.00,0.00,0.00,0.00,0.00,0,,,UNBILLED,0.00,0.00,,0.00,0.00,UNBILLED,PO has no linked bills in Zoho
10-14373-95902,2026-03-16,UNKNOWN,bunkerjunkers,5623409000001733393,80.00,80.00,0.00,0.00,0.00,0.00,0,,,UNBILLED,0.00,0.00,,0.00,0.00,UNBILLED,PO has no linked bills in Zoho
14-14368-43416,2026-03-16,UNKNOWN,qmisterq,5623409000001733280,52.51,52.51,0.00,0.00,0.00,0.00,0,,,UNBILLED,0.00,0.00,,0.00,0.00,UNBILLED,PO has no linked bills in Zoho
04-14382-75846,2026-03-16,UNKNOWN,rucian0,5623409000001733058,171.00,171.00,0.00,0.00,0.00,0.00,0,,,UNBILLED,0.00,0.00,,0.00,0.00,UNBILLED,PO has no linked bills in Zoho
14-14367-16893,2026-03-16,UNKNOWN,2lose1,5623409000001728931,424.70,424.70,0.00,0.00,0.00,0.00,0,,,UNBILLED,0.00,0.00,,0.00,0.00,UNBILLED,PO has no linked bills in Zoho
15-14363-85060,2026-03-16,UNKNOWN,joesif,5623409000001728810,80.00,80.00,0.00,0.00,0.00,0.00,1,5623409000002757239,15-14363-85060,overdue,70.00,0.00,,70.00,-10.00,UNDERBILLED_PARTIAL,Bill total is lower than PO total by 10.00 (partial receive/billing or vendor credit)
17-14360-41052,2026-03-16,UNKNOWN,agsells000,5623409000001728697,76.73,76.73,0.00,0.00,0.00,0.00,0,,,UNBILLED,0.00,0.00,,0.00,0.00,UNBILLED,PO has no linked bills in Zoho
02-14382-03057,2026-03-15,UNKNOWN,texasangler,5623409000001728584,60.50,60.50,0.00,0.00,0.00,0.00,0,,,UNBILLED,0.00,0.00,,0.00,0.00,UNBILLED,PO has no linked bills in Zoho
08-14372-87587,2026-03-15,UNKNOWN,my_dream,5623409000001728471,61.38,61.38,0.00,0.00,0.00,0.00,1,5623409000002757258,08-14372-87587,overdue,39.99,0.00,,39.99,-21.39,UNDERBILLED_PARTIAL,Bill total is lower than PO total by 21.39 (partial receive/billing or vendor credit)
10-14370-00444,2026-03-15,UNKNOWN,jerbak7,5623409000001728358,82.95,82.95,0.00,0.00,0.00,0.00,0,,,UNBILLED,0.00,0.00,,0.00,0.00,UNBILLED,PO has no linked bills in Zoho
01-14383-78627,2026-03-15,UNKNOWN,s-mart2686,5623409000001728136,79.00,79.00,0.00,0.00,0.00,0.00,0,,,UNBILLED,0.00,0.00,,0.00,0.00,UNBILLED,PO has no linked bills in Zoho
15-14362-89333,2026-03-15,UNKNOWN,don_jopa,5623409000001728015,76.82,76.82,0.00,0.00,0.00,0.00,1,5623409000002759235,15-14362-89333,overdue,69.99,0.00,,69.99,-6.83,UNDERBILLED_PARTIAL,Bill total is lower than PO total by 6.83 (partial receive/billing or vendor credit)
18-14340-45893,2026-03-11,UNKNOWN,tech-world43228,5623409000001674232,55.99,55.99,0.00,0.00,0.00,0.00,1,5623409000002759254,18-14340-45893,overdue,62.99,0.00,,62.99,7.00,OVERBILLED_LINE_DIFF,Bill total exceeds PO total by 7.00 with 0 bill adjustment (check line item quantities/rates)
12-14354-03300,2026-03-12,UNKNOWN,ceaderandstone,5623409000001674175,359.07,359.07,0.00,0.00,0.00,0.00,1,5623409000002759273,12-14354-03300,overdue,294.99,0.00,,294.99,-64.08,UNDERBILLED_PARTIAL,Bill total is lower than PO total by 64.08 (partial receive/billing or vendor credit)
24-14351-40186,2026-03-12,UNKNOWN,josh0844,5623409000001674092,466.05,466.05,0.00,0.00,0.00,0.00,1,5623409000002759292,24-14351-40186,overdue,425.00,0.00,,425.00,-41.05,UNDERBILLED_PARTIAL,Bill total is lower than PO total by 41.05 (partial receive/billing or vendor credit)
257472598,2026-03-11,UNKNOWN,"Goodwill Industries of Middle Tennessee, Inc.",5623409000001663428,35.42,35.42,0.00,0.00,0.00,0.00,0,,,UNBILLED,0.00,0.00,,0.00,0.00,UNBILLED,PO has no linked bills in Zoho
02-14365-09152,2026-03-12,UNKNOWN,adeyler,5623409000001663357,350.08,350.08,0.00,0.00,0.00,0.00,1,5623409000002757277,02-14365-09152,overdue,300.00,0.00,,300.00,-50.08,UNDERBILLED_PARTIAL,Bill total is lower than PO total by 50.08 (partial receive/billing or vendor credit)
16-14343-34590,2026-03-11,UNKNOWN,baby_abreu,5623409000001663110,62.00,62.00,0.00,0.00,0.00,0.00,1,5623409000002759317,16-14343-34590,overdue,44.00,0.00,,44.00,-18.00,UNDERBILLED_PARTIAL,Bill total is lower than PO total by 18.00 (partial receive/billing or vendor credit)
25-14330-39605,2026-03-11,UNKNOWN,wyo_thrift,5623409000001663041,50.20,50.20,0.00,0.00,0.00,0.00,1,5623409000002757342,25-14330-39605,overdue,39.99,0.00,,39.99,-10.21,UNDERBILLED_PARTIAL,Bill total is lower than PO total by 10.21 (partial receive/billing or vendor credit)
05-14358-04117,2026-03-11,UNKNOWN,alltheway_99,5623409000001660003,440.97,440.97,0.00,0.00,0.00,0.00,1,5623409000002758362,05-14358-04117,overdue,380.00,0.00,,380.00,-60.97,UNDERBILLED_PARTIAL,Bill total is lower than PO total by 60.97 (partial receive/billing or vendor credit)
22-14331-84445,2026-03-11,UNKNOWN,jdmarkuson,5623409000001649283,65.55,65.55,0.00,0.00,0.00,0.00,1,5623409000002760333,22-14331-84445,overdue,49.95,0.00,,49.95,-15.60,UNDERBILLED_PARTIAL,Bill total is lower than PO total by 15.60 (partial receive/billing or vendor credit)
257428525,2026-03-11,UNKNOWN,Goodwill of North Central Wisconsin,5623409000001649255,32.25,32.25,0.00,0.00,0.00,0.00,0,,,UNBILLED,0.00,0.00,,0.00,0.00,UNBILLED,PO has no linked bills in Zoho
12-14344-74041,2026-03-10,UNKNOWN,equil.hecto,5623409000001642801,439.10,439.10,0.00,0.00,0.00,0.00,0,,,UNBILLED,0.00,0.00,,0.00,0.00,UNBILLED,PO has no linked bills in Zoho
24-14340-19044,2026-03-10,UNKNOWN,themidwestexchanger,5623409000001642107,96.26,96.26,0.00,0.00,0.00,0.00,1,5623409000002755823,24-14340-19044,overdue,79.95,0.00,,79.95,-16.31,UNDERBILLED_PARTIAL,Bill total is lower than PO total by 16.31 (partial receive/billing or vendor credit)
257255974,2026-03-10,UNKNOWN,Goodwill-Easter Seals MN,5623409000001642038,38.32,38.32,0.00,0.00,0.00,0.00,0,,,UNBILLED,0.00,0.00,,0.00,0.00,UNBILLED,PO has no linked bills in Zoho
13-14340-08780,2026-03-10,UNKNOWN,ratnay89,5623409000001631701,73.24,73.24,0.00,0.00,0.00,0.00,1,5623409000002757361,13-14340-08780,overdue,59.99,0.00,,59.99,-13.25,UNDERBILLED_PARTIAL,Bill total is lower than PO total by 13.25 (partial receive/billing or vendor credit)
61068269,2026-03-09,UNKNOWN,Goodwill,5623409000001631568,68.21,68.21,0.00,0.00,0.00,0.00,0,,,UNBILLED,0.00,0.00,,0.00,0.00,UNBILLED,PO has no linked bills in Zoho
257520293,2026-03-09,UNKNOWN,Goodwill Industries of North Florida,5623409000001631539,87.32,87.32,0.00,0.00,0.00,0.00,1,5623409000002821554,257520293,overdue,56.00,31.32,Shipping Fee + Tax + Handling Fee,87.32,0.00,MATCH_WITH_ADJ,"Bill total matches PO total, but has adjustment=31.32"
61067961,2026-03-09,UNKNOWN,Goodwill,5623409000001631525,32.32,32.32,0.00,0.00,0.00,0.00,1,5623409000002760367,61067961,overdue,27.00,0.00,,27.00,-5.32,UNDERBILLED_PARTIAL,Bill total is lower than PO total by 5.32 (partial receive/billing or vendor credit)
257283429,2026-03-09,UNKNOWN,Goodwill Industries of Lane & South Coast Counties,5623409000001631511,144.35,144.35,0.00,0.00,0.00,0.00,1,5623409000002821519,257283429,overdue,120.00,24.35,Shipping Fee + Tax + Handling Fee,144.35,0.00,MATCH_WITH_ADJ,"Bill total matches PO total, but has adjustment=24.35"
TK8492,2026-03-09,UNKNOWN,Joel Fontaine,5623409000001631469,100.00,100.00,0.00,0.00,0.00,0.00,0,,,UNBILLED,0.00,0.00,,0.00,0.00,UNBILLED,PO has no linked bills in Zoho
10-14341-86065,2026-03-09,UNKNOWN,sutterhome,5623409000001631377,38.17,38.17,0.00,0.00,0.00,0.00,1,5623409000002756516,10-14341-86065,overdue,29.87,0.00,,29.87,-8.30,UNDERBILLED_PARTIAL,Bill total is lower than PO total by 8.30 (partial receive/billing or vendor credit)
07-14346-45384,2026-03-09,UNKNOWN,ez-tech2,5623409000001631234,160.71,160.71,0.00,0.00,0.00,0.00,1,5623409000002755857,07-14346-45384,overdue,139.97,0.00,,139.97,-20.74,UNDERBILLED_PARTIAL,Bill total is lower than PO total by 20.74 (partial receive/billing or vendor credit)
18-14330-56774,2026-03-09,UNKNOWN,almightylexus,5623409000001631165,147.01,147.01,0.00,0.00,0.00,0.00,1,5623409000002760401,18-14330-56774,overdue,130.00,0.00,,130.00,-17.01,UNDERBILLED_PARTIAL,Bill total is lower than PO total by 17.01 (partial receive/billing or vendor credit)
26-14319-00092,2026-03-09,UNKNOWN,saltcitysecondhand,5623409000001631082,164.95,164.95,0.00,0.00,0.00,0.00,1,5623409000002755888,26-14319-00092,overdue,149.99,0.00,,149.99,-14.96,UNDERBILLED_PARTIAL,Bill total is lower than PO total by 14.96 (partial receive/billing or vendor credit)
14-14336-09202,2026-03-09,UNKNOWN,greensale99,5623409000001631011,239.98,239.98,0.00,0.00,0.00,0.00,0,,,UNBILLED,0.00,0.00,,0.00,0.00,UNBILLED,PO has no linked bills in Zoho
14-14335-43811,2026-03-09,UNKNOWN,la-40056545,5623409000001627110,83.83,83.83,0.00,0.00,0.00,0.00,1,5623409000002759336,14-14335-43811,overdue,75.00,0.00,,75.00,-8.83,UNDERBILLED_PARTIAL,Bill total is lower than PO total by 8.83 (partial receive/billing or vendor credit)
21-14322-86859,2026-03-09,UNKNOWN,haner_sales,5623409000001622951,47.56,47.56,0.00,0.00,0.00,0.00,1,5623409000002755943,21-14322-86859,overdue,32.56,0.00,,32.56,-15.00,UNDERBILLED_PARTIAL,Bill total is lower than PO total by 15.00 (partial receive/billing or vendor credit)
LCPU-TUAN-022426,2026-02-24,UNKNOWN,TUANUSAV,5623409000001613534,0.00,0.00,0.00,0.00,0.00,0.00,0,,,UNBILLED,0.00,0.00,,0.00,0.00,UNBILLED,PO has no linked bills in Zoho
LCPU-IAAN-022826,2026-02-28,UNKNOWN,IAan,5623409000001613321,0.00,0.00,0.00,0.00,0.00,0.00,0,,,UNBILLED,0.00,0.00,,0.00,0.00,UNBILLED,PO has no linked bills in Zoho
LCPU-TAN-030526,2026-03-08,UNKNOWN,TAN,5623409000001613190,1420.39,1420.39,0.00,0.00,0.00,0.00,0,,,UNBILLED,0.00,0.00,,0.00,0.00,UNBILLED,PO has no linked bills in Zoho
0026,2026-02-27,UNKNOWN,P.R. CHINA,5623409000001620548,3800.00,3800.00,0.00,0.00,0.00,0.00,0,,,UNBILLED,0.00,0.00,,0.00,0.00,UNBILLED,PO has no linked bills in Zoho
60943443,2026-03-03,UNKNOWN,Goodwill,5623409000001620289,48.34,48.34,0.00,0.00,0.00,0.00,0,,,UNBILLED,0.00,0.00,,0.00,0.00,UNBILLED,PO has no linked bills in Zoho
60944286,2026-03-03,UNKNOWN,Goodwill,5623409000001620208,80.57,80.57,0.00,0.00,0.00,0.00,0,,,UNBILLED,0.00,0.00,,0.00,0.00,UNBILLED,PO has no linked bills in Zoho
61013028,2026-03-06,UNKNOWN,Goodwill,5623409000001614498,25.22,25.22,0.00,0.00,0.00,0.00,1,5623409000002760454,61013028,overdue,8.99,0.00,,8.99,-16.23,UNDERBILLED_PARTIAL,Bill total is lower than PO total by 16.23 (partial receive/billing or vendor credit)
257043340,2026-03-07,UNKNOWN,Goodwill Industries of Northern Illinois	,5623409000001614484,41.84,41.84,0.00,0.00,0.00,0.00,1,5623409000002821484,257043340,overdue,21.00,20.84,Shipping Fee + Tax + Handling Fee,41.84,0.00,MATCH_WITH_ADJ,"Bill total matches PO total, but has adjustment=20.84"
09-14329-07908,2026-03-06,UNKNOWN,scpol3888,5623409000001614074,75.94,75.94,0.00,0.00,0.00,0.00,1,5623409000002759393,09-14329-07908,overdue,65.00,0.00,,65.00,-10.94,UNDERBILLED_PARTIAL,Bill total is lower than PO total by 10.94 (partial receive/billing or vendor credit)
16-14316-15861,2026-03-05,UNKNOWN,doctorjtd,5623409000001599399,70.00,70.00,0.00,0.00,0.00,0.00,1,5623409000002821415,16-14316-15861,overdue,50.00,20.00,Shipping Fee + Tax + Handling Fee,70.00,0.00,MATCH_WITH_ADJ,"Bill total matches PO total, but has adjustment=20.00"
60993549,2026-03-05,UNKNOWN,Goodwill,5623409000001599369,23.83,23.83,0.00,0.00,0.00,0.00,1,5623409000002757395,60993549,overdue,12.95,0.00,,12.95,-10.88,UNDERBILLED_PARTIAL,Bill total is lower than PO total by 10.88 (partial receive/billing or vendor credit)
14-14318-18086,2026-03-05,UNKNOWN,fusle07,5623409000001599277,59.85,59.85,0.00,0.00,0.00,0.00,1,5623409000002757414,14-14318-18086,overdue,47.00,0.00,,47.00,-12.85,UNDERBILLED_PARTIAL,Bill total is lower than PO total by 12.85 (partial receive/billing or vendor credit)
13-14318-99085,2026-03-05,UNKNOWN,misscaro1975-8,5623409000001587816,412.20,412.20,0.00,0.00,0.00,0.00,1,5623409000002821844,13-14318-99085,overdue,388.70,23.50,Shipping Fee + Tax + Handling Fee,412.20,0.00,MATCH_WITH_ADJ,"Bill total matches PO total, but has adjustment=23.50"
22-14305-65760,2026-03-05,UNKNOWN,gm_martinezsa,5623409000001587684,72.95,72.95,0.00,0.00,0.00,0.00,1,5623409000002821380,22-14305-65760,overdue,60.00,12.95,Shipping Fee + Tax + Handling Fee,72.95,0.00,MATCH_WITH_ADJ,"Bill total matches PO total, but has adjustment=12.95"
16-14314-27157,2026-03-05,UNKNOWN,slot_4105,5623409000001587615,56.71,56.71,0.00,0.00,0.00,0.00,1,5623409000002821345,16-14314-27157,overdue,49.95,6.76,Shipping Fee + Tax + Handling Fee,56.71,0.00,MATCH_WITH_ADJ,"Bill total matches PO total, but has adjustment=6.76"
02-14333-23236,2026-03-05,UNKNOWN,2forg,5623409000001587583,70.00,70.00,0.00,0.00,0.00,0.00,1,5623409000002425016,02-14333-23236,paid,60.00,10.00,Shipping Fee + Tax + Handling Fee,70.00,0.00,MATCH_WITH_ADJ,"Bill total matches PO total, but has adjustment=10.00"
60968032,2026-03-04,UNKNOWN,Goodwill of Orange County,5623409000001587522,23.50,23.50,0.00,0.00,0.00,0.00,1,5623409000002429436,60968032,overdue,21.00,0.00,,21.00,-2.50,UNDERBILLED_PARTIAL,Bill total is lower than PO total by 2.50 (partial receive/billing or vendor credit)
60967958,2026-03-04,UNKNOWN,Goodwill,5623409000001587508,55.17,55.17,0.00,0.00,0.00,0.00,1,5623409000002756664,60967958,overdue,24.28,0.00,,24.28,-30.89,UNDERBILLED_PARTIAL,Bill total is lower than PO total by 30.89 (partial receive/billing or vendor credit)
10-14320-53099,2026-03-04,UNKNOWN,35chevymaster,5623409000001587263,389.08,389.08,0.00,0.00,0.00,0.00,1,5623409000002821299,10-14320-53099,overdue,325.00,64.08,Shipping Fee + Tax + Handling Fee,389.08,0.00,MATCH_WITH_ADJ,"Bill total matches PO total, but has adjustment=64.08"
12-14316-25880,2026-03-04,UNKNOWN,coditrans08,5623409000001587194,57.00,57.00,0.00,0.00,0.00,0.00,1,5623409000002431060,12-14316-25880,overdue,48.00,0.00,,48.00,-9.00,UNDERBILLED_PARTIAL,Bill total is lower than PO total by 9.00 (partial receive/billing or vendor credit)
08-14321-33291,2026-03-04,UNKNOWN,monte970970,5623409000001587101,376.79,376.79,0.00,0.00,0.00,0.00,1,5623409000002756683,08-14321-33291,overdue,349.99,0.00,,349.99,-26.80,UNDERBILLED_PARTIAL,Bill total is lower than PO total by 26.80 (partial receive/billing or vendor credit)
21-14302-57011,2026-03-04,UNKNOWN,thetechterminal,5623409000001587032,43.20,43.20,0.00,0.00,0.00,0.00,1,5623409000002756708,21-14302-57011,overdue,38.00,0.00,,38.00,-5.20,UNDERBILLED_PARTIAL,Bill total is lower than PO total by 5.20 (partial receive/billing or vendor credit)
03-14326-36705,2026-03-04,UNKNOWN,jjc2-aurora,5623409000001580344,59.05,59.05,0.00,0.00,0.00,0.00,0,,,UNBILLED,0.00,0.00,,0.00,0.00,UNBILLED,PO has no linked bills in Zoho
12-14312-58812,2026-03-03,UNKNOWN,jvmoffers,5623409000001580211,80.00,80.00,0.00,0.00,0.00,0.00,0,,,UNBILLED,0.00,0.00,,0.00,0.00,UNBILLED,PO has no linked bills in Zoho
17-14305-21945,2026-03-03,UNKNOWN,sweetnypower,5623409000001580129,72.99,72.99,0.00,0.00,0.00,0.00,0,,,UNBILLED,0.00,0.00,,0.00,0.00,UNBILLED,PO has no linked bills in Zoho
111-4272747-3433862,2026-03-03,UNKNOWN,VONIKO,5623409000001580038,40.84,40.84,0.00,0.00,0.00,0.00,0,,,UNBILLED,0.00,0.00,,0.00,0.00,UNBILLED,PO has no linked bills in Zoho
07-14318-17694,2026-03-03,UNKNOWN,nicholas7811,5623409000001574140,66.00,66.00,0.00,0.00,0.00,0.00,0,,,UNBILLED,0.00,0.00,,0.00,0.00,UNBILLED,PO has no linked bills in Zoho
24-14308-33251,2026-03-03,UNKNOWN,retro_pops,5623409000001574085,75.26,75.26,0.00,0.00,0.00,0.00,1,5623409000002410482,24-14308-33251,paid,69.00,6.26,Shipping Fee + Tax + Handling Fee,75.26,0.00,MATCH_WITH_ADJ,"Bill total matches PO total, but has adjustment=6.26"
07-14318-06957,2026-03-03,UNKNOWN,aaronis04,5623409000001574030,66.90,66.90,0.00,0.00,0.00,0.00,0,,,UNBILLED,0.00,0.00,,0.00,0.00,UNBILLED,PO has no linked bills in Zoho
60915636,2026-03-02,UNKNOWN,Goodwill,5623409000001569408,61.36,61.36,0.00,0.00,0.00,0.00,0,,,UNBILLED,0.00,0.00,,0.00,0.00,UNBILLED,PO has no linked bills in Zoho
60915182,2026-03-02,UNKNOWN,Goodwill,5623409000001569390,51.74,51.74,0.00,0.00,0.00,0.00,0,,,UNBILLED,0.00,0.00,,0.00,0.00,UNBILLED,PO has no linked bills in Zoho
60915065,2026-03-02,UNKNOWN,Goodwill,5623409000001569361,158.09,158.09,0.00,0.00,0.00,0.00,0,,,UNBILLED,0.00,0.00,,0.00,0.00,UNBILLED,PO has no linked bills in Zoho
20-14295-25779,2026-03-02,UNKNOWN,vmtreasurefinders,5623409000001569168,33.59,33.59,0.00,0.00,0.00,0.00,0,,,UNBILLED,0.00,0.00,,0.00,0.00,UNBILLED,PO has no linked bills in Zoho
16-14300-92635,2026-03-02,UNKNOWN,bestadvantage,5623409000001569099,28.49,28.49,0.00,0.00,0.00,0.00,0,,,UNBILLED,0.00,0.00,,0.00,0.00,UNBILLED,PO has no linked bills in Zoho
60895762,2026-03-01,UNKNOWN,Goodwill,5623409000001571342,138.92,138.92,0.00,0.00,0.00,0.00,0,,,UNBILLED,0.00,0.00,,0.00,0.00,UNBILLED,PO has no linked bills in Zoho
60895737,2026-03-01,UNKNOWN,Goodwill,5623409000001571328,52.23,52.23,0.00,0.00,0.00,0.00,0,,,UNBILLED,0.00,0.00,,0.00,0.00,UNBILLED,PO has no linked bills in Zoho
60919013,2026-03-02,UNKNOWN,Goodwill,5623409000001571095,211.86,211.86,0.00,0.00,0.00,0.00,1,5623409000002423718,60919013,overdue,174.00,0.00,,174.00,-37.86,UNDERBILLED_PARTIAL,Bill total is lower than PO total by 37.86 (partial receive/billing or vendor credit)
60892792,2026-03-01,UNKNOWN,Goodwill,5623409000001571081,22.04,22.04,0.00,0.00,0.00,0.00,0,,,UNBILLED,0.00,0.00,,0.00,0.00,UNBILLED,PO has no linked bills in Zoho
23-14284-85259,2026-03-01,UNKNOWN,johnevans1970,5623409000001570476,458.95,458.95,0.00,0.00,0.00,0.00,0,,,UNBILLED,0.00,0.00,,0.00,0.00,UNBILLED,PO has no linked bills in Zoho
04-14312-01743,2026-03-01,UNKNOWN,collectorscorner72,5623409000001570409,23.99,23.99,0.00,0.00,0.00,0.00,0,,,UNBILLED,0.00,0.00,,0.00,0.00,UNBILLED,PO has no linked bills in Zoho
26-14280-43789,2026-03-01,UNKNOWN,a5659r,5623409000001570340,25.78,25.78,0.00,0.00,0.00,0.00,0,,,UNBILLED,0.00,0.00,,0.00,0.00,UNBILLED,PO has no linked bills in Zoho
60877690,2026-02-28,UNKNOWN,Goodwill,5623409000001570253,27.39,27.39,0.00,0.00,0.00,0.00,1,5623409000002418914,60877690,overdue,13.00,0.00,,13.00,-14.39,UNDERBILLED_PARTIAL,Bill total is lower than PO total by 14.39 (partial receive/billing or vendor credit)
24-14295-81843,2026-02-28,UNKNOWN,c6_sg353,5623409000001570187,60.82,60.82,0.00,0.00,0.00,0.00,1,5623409000002424063,24-14295-81843,paid,50.49,10.33,Shipping Fee + Tax + Handling Fee,60.82,0.00,MATCH_WITH_ADJ,"Bill total matches PO total, but has adjustment=10.33"
18-14289-67531,2026-02-28,UNKNOWN,e-diedrecycling,5623409000001570118,72.00,72.00,0.00,0.00,0.00,0.00,1,5623409000002424791,18-14289-67531,overdue,65.00,0.00,,65.00,-7.00,UNDERBILLED_PARTIAL,Bill total is lower than PO total by 7.00 (partial receive/billing or vendor credit)
24-14294-33403,2026-02-28,UNKNOWN,toyz4all,5623409000001570038,74.43,74.43,0.00,0.00,0.00,0.00,1,5623409000002425783,24-14294-33403,overdue,59.48,0.00,,59.48,-14.95,UNDERBILLED_PARTIAL,Bill total is lower than PO total by 14.95 (partial receive/billing or vendor credit)
10-14298-98942,2026-02-28,UNKNOWN,john_b4,5623409000001564383,389.99,389.99,0.00,0.00,0.00,0.00,0,,,UNBILLED,0.00,0.00,,0.00,0.00,UNBILLED,PO has no linked bills in Zoho
18-14284-18047,2026-02-27,UNKNOWN,sftk633,5623409000001564295,17.49,17.49,0.00,0.00,0.00,0.00,1,5623409000002424695,18-14284-18047,overdue,12.00,0.00,,12.00,-5.49,UNDERBILLED_PARTIAL,Bill total is lower than PO total by 5.49 (partial receive/billing or vendor credit)
27-14271-44478,2026-02-27,UNKNOWN,ken_burch,5623409000001564226,19.54,19.54,0.00,0.00,0.00,0.00,1,5623409000002429222,27-14271-44478,overdue,10.99,0.00,,10.99,-8.55,UNDERBILLED_PARTIAL,Bill total is lower than PO total by 8.55 (partial receive/billing or vendor credit)
22-14277-62430,2026-02-27,UNKNOWN,thecrankyparrot,5623409000001556537,31.00,31.00,0.00,0.00,0.00,0.00,1,5623409000002423526,22-14277-62430,overdue,20.00,0.00,,20.00,-11.00,UNDERBILLED_PARTIAL,Bill total is lower than PO total by 11.00 (partial receive/billing or vendor credit)
12-14291-97701,2026-02-27,UNKNOWN,surethriftsalot,5623409000001556468,52.66,52.66,0.00,0.00,0.00,0.00,1,5623409000002423560,12-14291-97701,overdue,42.00,0.00,,42.00,-10.66,UNDERBILLED_PARTIAL,Bill total is lower than PO total by 10.66 (partial receive/billing or vendor credit)
01-14308-14131,2026-02-27,UNKNOWN,antbau-35,5623409000001556413,51.67,51.67,0.00,0.00,0.00,0.00,1,5623409000002425620,01-14308-14131,overdue,44.99,0.00,,44.99,-6.68,UNDERBILLED_PARTIAL,Bill total is lower than PO total by 6.68 (partial receive/billing or vendor credit)
17-14284-61803,2026-02-27,UNKNOWN,shaggyboutabag,5623409000001556344,53.87,53.87,0.00,0.00,0.00,0.00,1,5623409000002429241,17-14284-61803,overdue,40.00,0.00,,40.00,-13.87,UNDERBILLED_PARTIAL,Bill total is lower than PO total by 13.87 (partial receive/billing or vendor credit)
15-14287-47720,2026-02-27,UNKNOWN,tech-world43228,5623409000001556275,95.98,95.98,0.00,0.00,0.00,0.00,1,5623409000002424735,15-14287-47720,overdue,107.98,0.00,,107.98,12.00,OVERBILLED_LINE_DIFF,Bill total exceeds PO total by 12.00 with 0 bill adjustment (check line item quantities/rates)
07-14299-13512,2026-02-27,UNKNOWN,leblanvi11,5623409000001556220,47.99,47.99,0.00,0.00,0.00,0.00,1,5623409000002423591,07-14299-13512,overdue,53.99,0.00,,53.99,6.00,OVERBILLED_LINE_DIFF,Bill total exceeds PO total by 6.00 with 0 bill adjustment (check line item quantities/rates)
24-14288-90865,2026-02-27,UNKNOWN,soundream,5623409000001556031,270.00,270.00,0.00,0.00,0.00,0.00,0,,,UNBILLED,0.00,0.00,,0.00,0.00,UNBILLED,PO has no linked bills in Zoho
05-14301-15438,2026-02-27,UNKNOWN,acedynamic,5623409000001553188,173.95,173.95,0.00,0.00,0.00,0.00,1,5623409000002422980,05-14301-15438,overdue,170.00,0.00,,170.00,-3.95,UNDERBILLED_PARTIAL,Bill total is lower than PO total by 3.95 (partial receive/billing or vendor credit)
17-14283-23116,2026-02-27,UNKNOWN,tech-world43228,5623409000001553133,127.99,127.99,0.00,0.00,0.00,0.00,1,5623409000002425717,17-14283-23116,overdue,143.99,0.00,,143.99,16.00,OVERBILLED_LINE_DIFF,Bill total exceeds PO total by 16.00 with 0 bill adjustment (check line item quantities/rates)
21-14277-26659,2026-02-27,UNKNOWN,randall_3023,5623409000001553078,61.30,61.30,0.00,0.00,0.00,0.00,1,5623409000002429306,21-14277-26659,overdue,56.00,0.00,,56.00,-5.30,UNDERBILLED_PARTIAL,Bill total is lower than PO total by 5.30 (partial receive/billing or vendor credit)
60911039,2026-03-02,UNKNOWN,Goodwill,5623409000001553046,58.15,58.15,0.00,0.00,0.00,0.00,0,,,UNBILLED,0.00,0.00,,0.00,0.00,UNBILLED,PO has no linked bills in Zoho
09-14292-20707,2026-02-26,UNKNOWN,acedynamic,5623409000001548444,13.60,13.60,0.00,0.00,0.00,0.00,1,5623409000002418781,09-14292-20707,overdue,18.60,0.00,,18.60,5.00,OVERBILLED_LINE_DIFF,Bill total exceeds PO total by 5.00 with 0 bill adjustment (check line item quantities/rates)
22-14273-69517,2026-02-26,UNKNOWN,northernmichigan,5623409000001548389,47.28,47.28,0.00,0.00,0.00,0.00,1,5623409000002423448,22-14273-69517,overdue,40.00,0.00,,40.00,-7.28,UNDERBILLED_PARTIAL,Bill total is lower than PO total by 7.28 (partial receive/billing or vendor credit)
04-14299-48638,2026-02-26,UNKNOWN,shippedfast69,5623409000001548322,62.99,62.99,0.00,0.00,0.00,0.00,0,,,UNBILLED,0.00,0.00,,0.00,0.00,UNBILLED,PO has no linked bills in Zoho
07-14295-25915,2026-02-26,UNKNOWN,haddonfieldfinds,5623409000001548253,47.94,47.94,0.00,0.00,0.00,0.00,1,5623409000002425557,07-14295-25915,overdue,38.95,0.00,,38.95,-8.99,UNDERBILLED_PARTIAL,Bill total is lower than PO total by 8.99 (partial receive/billing or vendor credit)
17-14280-69015,2026-02-26,UNKNOWN,goodwillsocalshop,5623409000001548173,126.00,126.00,0.00,0.00,0.00,0.00,1,5623409000002422879,17-14280-69015,overdue,118.00,0.00,,118.00,-8.00,UNDERBILLED_PARTIAL,Bill total is lower than PO total by 8.00 (partial receive/billing or vendor credit)
18-14279-35797,2026-02-26,UNKNOWN,thinkpan,5623409000001548118,41.56,41.56,0.00,0.00,0.00,0.00,1,5623409000002423467,18-14279-35797,overdue,46.76,0.00,,46.76,5.20,OVERBILLED_LINE_DIFF,Bill total exceeds PO total by 5.20 with 0 bill adjustment (check line item quantities/rates)
01-14303-66477,2026-02-26,UNKNOWN,eminenttreasures4u,5623409000001550103,74.15,74.15,0.00,0.00,0.00,0.00,1,5623409000002424657,01-14303-66477,overdue,56.00,0.00,,56.00,-18.15,UNDERBILLED_PARTIAL,Bill total is lower than PO total by 18.15 (partial receive/billing or vendor credit)
08-14292-88749,2026-02-26,UNKNOWN,adjstore,5623409000001550034,81.59,81.59,0.00,0.00,0.00,0.00,1,5623409000002429188,08-14292-88749,overdue,65.99,0.00,,65.99,-15.60,UNDERBILLED_PARTIAL,Bill total is lower than PO total by 15.60 (partial receive/billing or vendor credit)
60809207,2026-02-25,UNKNOWN,Goodwill,5623409000001551212,29.56,29.56,0.00,0.00,0.00,0.00,1,5623409000002425456,60809207,overdue,15.99,0.00,,15.99,-13.57,UNDERBILLED_PARTIAL,Bill total is lower than PO total by 13.57 (partial receive/billing or vendor credit)
60809131,2026-02-25,UNKNOWN,Goodwill,5623409000001551190,42.22,42.22,0.00,0.00,0.00,0.00,0,,,UNBILLED,0.00,0.00,,0.00,0.00,UNBILLED,PO has no linked bills in Zoho
60892987,2026-03-01,UNKNOWN,Goodwill,5623409000001551163,271.36,271.36,0.00,0.00,0.00,0.00,1,5623409000002418979,60892987,overdue,242.01,0.00,,242.01,-29.35,UNDERBILLED_PARTIAL,Bill total is lower than PO total by 29.35 (partial receive/billing or vendor credit)
60809016,2026-02-25,UNKNOWN,Goodwill,5623409000001551149,34.97,34.97,0.00,0.00,0.00,0.00,1,5623409000002418657,60809016,overdue,18.99,0.00,,18.99,-15.98,UNDERBILLED_PARTIAL,Bill total is lower than PO total by 15.98 (partial receive/billing or vendor credit)
60808917,2026-02-25,UNKNOWN,Goodwill,5623409000001551093,35.57,35.57,0.00,0.00,0.00,0.00,1,5623409000002424553,60808917,overdue,33.00,0.00,,33.00,-2.57,UNDERBILLED_PARTIAL,Bill total is lower than PO total by 2.57 (partial receive/billing or vendor credit)
60808901,2026-02-25,UNKNOWN,Goodwill,5623409000001551079,28.28,28.28,0.00,0.00,0.00,0.00,1,5623409000002425475,60808901,overdue,12.99,0.00,,12.99,-15.29,UNDERBILLED_PARTIAL,Bill total is lower than PO total by 15.29 (partial receive/billing or vendor credit)
60763491,2026-02-24,UNKNOWN,Goodwill,5623409000001536263,47.57,47.57,0.00,0.00,0.00,0.00,1,5623409000002422634,60763491,overdue,27.00,0.00,,27.00,-20.57,UNDERBILLED_PARTIAL,Bill total is lower than PO total by 20.57 (partial receive/billing or vendor credit)
60763472,2026-02-24,UNKNOWN,Goodwill,5623409000001536206,40.14,40.14,0.00,0.00,0.00,0.00,1,5623409000002418547,60763472,overdue,19.00,0.00,,19.00,-21.14,UNDERBILLED_PARTIAL,Bill total is lower than PO total by 21.14 (partial receive/billing or vendor credit)
60798006,2026-02-25,UNKNOWN,Goodwill,5623409000001536184,39.55,39.55,0.00,0.00,0.00,0.00,1,5623409000002418686,60798006,overdue,24.95,0.00,,24.95,-14.60,UNDERBILLED_PARTIAL,Bill total is lower than PO total by 14.60 (partial receive/billing or vendor credit)
60797983,2026-02-25,UNKNOWN,Goodwill,5623409000001536170,36.61,36.61,0.00,0.00,0.00,0.00,1,5623409000002423407,60797983,overdue,9.99,0.00,,9.99,-26.62,UNDERBILLED_PARTIAL,Bill total is lower than PO total by 26.62 (partial receive/billing or vendor credit)
60797837,2026-02-25,UNKNOWN,Goodwill,5623409000001536156,59.53,59.53,0.00,0.00,0.00,0.00,1,5623409000002422745,60797837,overdue,19.99,0.00,,19.99,-39.54,UNDERBILLED_PARTIAL,Bill total is lower than PO total by 39.54 (partial receive/billing or vendor credit)
07-14290-74875,2026-02-25,UNKNOWN,thetrophyroom,5623409000001536071,40.19,40.19,0.00,0.00,0.00,0.00,1,5623409000002425509,07-14290-74875,overdue,17.49,0.00,,17.49,-22.70,UNDERBILLED_PARTIAL,Bill total is lower than PO total by 22.70 (partial receive/billing or vendor credit)
60788358,2026-02-25,UNKNOWN,Goodwill,5623409000001540125,52.92,52.92,0.00,0.00,0.00,0.00,1,5623409000002429087,60788358,overdue,33.00,0.00,,33.00,-19.92,UNDERBILLED_PARTIAL,Bill total is lower than PO total by 19.92 (partial receive/billing or vendor credit)
60808971,2026-02-25,UNKNOWN,Goodwill,5623409000001540107,91.86,91.86,0.00,0.00,0.00,0.00,1,5623409000002422770,60808971,overdue,57.00,0.00,,57.00,-34.86,UNDERBILLED_PARTIAL,Bill total is lower than PO total by 34.86 (partial receive/billing or vendor credit)
24-14280-11670,2026-02-25,UNKNOWN,chawn-873,5623409000001537995,80.00,80.00,0.00,0.00,0.00,0.00,1,5623409000002422792,24-14280-11670,overdue,65.00,0.00,,65.00,-15.00,UNDERBILLED_PARTIAL,Bill total is lower than PO total by 15.00 (partial receive/billing or vendor credit)
25-14263-99876,2026-02-25,UNKNOWN,noiseproprietor,5623409000001537926,87.00,87.00,0.00,0.00,0.00,0.00,1,5623409000002429106,25-14263-99876,overdue,70.00,0.00,,70.00,-17.00,UNDERBILLED_PARTIAL,Bill total is lower than PO total by 17.00 (partial receive/billing or vendor credit)
14-14278-05351,2026-02-25,UNKNOWN,imthenats,5623409000001537806,80.80,80.80,0.00,0.00,0.00,0.00,1,5623409000002429131,14-14278-05351,overdue,69.99,0.00,,69.99,-10.81,UNDERBILLED_PARTIAL,Bill total is lower than PO total by 10.81 (partial receive/billing or vendor credit)
60770795,2026-02-24,UNKNOWN,Goodwill,5623409000001537388,60.80,60.80,0.00,0.00,0.00,0.00,1,5623409000002416891,60770795,overdue,37.00,0.00,,37.00,-23.80,UNDERBILLED_PARTIAL,Bill total is lower than PO total by 23.80 (partial receive/billing or vendor credit)
60763293,2026-02-24,UNKNOWN,Goodwill,5623409000001537331,55.63,55.63,0.00,0.00,0.00,0.00,1,5623409000002416910,60763293,overdue,37.00,0.00,,37.00,-18.63,UNDERBILLED_PARTIAL,Bill total is lower than PO total by 18.63 (partial receive/billing or vendor credit)
60762792,2026-02-24,UNKNOWN,Goodwill,5623409000001537274,159.68,159.68,0.00,0.00,0.00,0.00,1,5623409000002424410,60762792,overdue,135.00,0.00,,135.00,-24.68,UNDERBILLED_PARTIAL,Bill total is lower than PO total by 24.68 (partial receive/billing or vendor credit)
13-14278-40081,2026-02-24,UNKNOWN,woodysjunkandotherhardfinds,5623409000001537194,148.09,148.09,0.00,0.00,0.00,0.00,1,5623409000002423359,13-14278-40081,overdue,120.00,0.00,,120.00,-28.09,UNDERBILLED_PARTIAL,Bill total is lower than PO total by 28.09 (partial receive/billing or vendor credit)
14-14275-70477,2026-02-24,UNKNOWN,veraubor_71,5623409000001537028,81.23,81.23,0.00,0.00,0.00,0.00,1,5623409000002423384,14-14275-70477,overdue,70.00,0.00,,70.00,-11.23,UNDERBILLED_PARTIAL,Bill total is lower than PO total by 11.23 (partial receive/billing or vendor credit)
22-14262-21094,2026-02-24,UNKNOWN,jmkanz97,5623409000001535773,80.94,80.94,0.00,0.00,0.00,0.00,1,5623409000002416978,22-14262-21094,overdue,70.00,0.00,,70.00,-10.94,UNDERBILLED_PARTIAL,Bill total is lower than PO total by 10.94 (partial receive/billing or vendor credit)
17-14270-68765,2026-02-24,UNKNOWN,collection_of_cool_things,5623409000001535694,69.78,69.78,0.00,0.00,0.00,0.00,1,5623409000002424447,17-14270-68765,overdue,58.49,0.00,,58.49,-11.29,UNDERBILLED_PARTIAL,Bill total is lower than PO total by 11.29 (partial receive/billing or vendor credit)
18-14269-36834,2026-02-24,UNKNOWN,the-second-wave,5623409000001535625,68.74,68.74,0.00,0.00,0.00,0.00,0,,,UNBILLED,0.00,0.00,,0.00,0.00,UNBILLED,PO has no linked bills in Zoho
13-14275-27278,2026-02-24,UNKNOWN,lasvegass-11,5623409000001535554,75.59,75.59,0.00,0.00,0.00,0.00,1,5623409000002424470,13-14275-27278,overdue,64.99,0.00,,64.99,-10.60,UNDERBILLED_PARTIAL,Bill total is lower than PO total by 10.60 (partial receive/billing or vendor credit)
60751350,2026-02-23,UNKNOWN,Goodwill,5623409000001535492,290.03,290.03,0.00,0.00,0.00,0.00,1,5623409000002416774,60751350,overdue,247.00,0.00,,247.00,-43.03,UNDERBILLED_PARTIAL,Bill total is lower than PO total by 43.03 (partial receive/billing or vendor credit)
60751132,2026-02-23,UNKNOWN,Goodwill,5623409000001535478,157.61,157.61,0.00,0.00,0.00,0.00,1,5623409000002423289,60751132,overdue,129.00,0.00,,129.00,-28.61,UNDERBILLED_PARTIAL,Bill total is lower than PO total by 28.61 (partial receive/billing or vendor credit)
60788071,2026-02-25,UNKNOWN,Goodwill,5623409000001535464,177.78,177.78,0.00,0.00,0.00,0.00,1,5623409000002418750,60788071,overdue,142.99,0.00,,142.99,-34.79,UNDERBILLED_PARTIAL,Bill total is lower than PO total by 34.79 (partial receive/billing or vendor credit)
60750566,2026-02-23,UNKNOWN,Goodwill,5623409000001535442,162.51,162.51,0.00,0.00,0.00,0.00,1,5623409000002425284,60750566,overdue,129.00,0.00,,129.00,-33.51,UNDERBILLED_PARTIAL,Bill total is lower than PO total by 33.51 (partial receive/billing or vendor credit)
23-14259-49935,2026-02-23,UNKNOWN,californiadeluxe,5623409000001532999,365.55,365.55,0.00,0.00,0.00,0.00,1,5623409000002425307,23-14259-49935,overdue,350.00,0.00,,350.00,-15.55,UNDERBILLED_PARTIAL,Bill total is lower than PO total by 15.55 (partial receive/billing or vendor credit)
16-14268-86746,2026-02-23,UNKNOWN,cargolargo,5623409000001532917,2349.53,2349.53,0.00,0.00,0.00,0.00,1,5623409000002416807,16-14268-86746,overdue,2260.00,0.00,,2260.00,-89.53,UNDERBILLED_PARTIAL,Bill total is lower than PO total by 89.53 (partial receive/billing or vendor credit)
35677,2026-02-23,UNKNOWN,FastMetals,5623409000001532858,213.26,213.26,0.00,0.00,0.00,0.00,1,5623409000002425336,35677,overdue,194.23,0.00,,194.23,-19.03,UNDERBILLED_PARTIAL,Bill total is lower than PO total by 19.03 (partial receive/billing or vendor credit)
m38215935208,2026-02-23,UNKNOWN,MERCARI,5623409000001532671,66.58,66.58,0.00,0.00,0.00,0.00,0,,,UNBILLED,0.00,0.00,,0.00,0.00,UNBILLED,PO has no linked bills in Zoho
14-14270-65676,2026-02-23,UNKNOWN,hawksnestprime,5623409000001532227,86.15,86.15,0.00,0.00,0.00,0.00,1,5623409000002423308,14-14270-65676,overdue,70.00,0.00,,70.00,-16.15,UNDERBILLED_PARTIAL,Bill total is lower than PO total by 16.15 (partial receive/billing or vendor credit)
19-14261-50500,2026-02-23,UNKNOWN,kwmstuf,5623409000001527688,152.00,152.00,0.00,0.00,0.00,0.00,1,5623409000002416860,19-14261-50500,overdue,130.00,0.00,,130.00,-22.00,UNDERBILLED_PARTIAL,Bill total is lower than PO total by 22.00 (partial receive/billing or vendor credit)
27-14249-80338,2026-02-23,UNKNOWN,whitebrownie,5623409000001527627,75.00,75.00,0.00,0.00,0.00,0.00,1,5623409000002424346,27-14249-80338,overdue,65.00,0.00,,65.00,-10.00,UNDERBILLED_PARTIAL,Bill total is lower than PO total by 10.00 (partial receive/billing or vendor credit)
01-14286-06541,2026-02-22,UNKNOWN,nextdayseller1,5623409000001527558,85.76,85.76,0.00,0.00,0.00,0.00,1,5623409000002418355,01-14286-06541,overdue,71.24,0.00,,71.24,-14.52,UNDERBILLED_PARTIAL,Bill total is lower than PO total by 14.52 (partial receive/billing or vendor credit)
17-14261-05706,2026-02-22,UNKNOWN,goodwillsocalshop,5623409000001527410,77.00,77.00,0.00,0.00,0.00,0.00,1,5623409000002416699,17-14261-05706,overdue,69.00,0.00,,69.00,-8.00,UNDERBILLED_PARTIAL,Bill total is lower than PO total by 8.00 (partial receive/billing or vendor credit)
24-14265-86181,2026-02-22,UNKNOWN,jo128343,5623409000001527341,156.24,156.24,0.00,0.00,0.00,0.00,1,5623409000002418389,24-14265-86181,overdue,129.99,0.00,,129.99,-26.25,UNDERBILLED_PARTIAL,Bill total is lower than PO total by 26.25 (partial receive/billing or vendor credit)
09-14272-39685,2026-02-22,UNKNOWN,missj_fc,5623409000001528114,80.44,80.44,0.00,0.00,0.00,0.00,1,5623409000002416724,09-14272-39685,overdue,72.00,0.00,,72.00,-8.44,UNDERBILLED_PARTIAL,Bill total is lower than PO total by 8.44 (partial receive/billing or vendor credit)
01-14284-13829,2026-02-22,UNKNOWN,dolfan2002,5623409000001528045,393.53,393.53,0.00,0.00,0.00,0.00,1,5623409000002416749,01-14284-13829,overdue,375.00,0.00,,375.00,-18.53,UNDERBILLED_PARTIAL,Bill total is lower than PO total by 18.53 (partial receive/billing or vendor credit)
m58309723317,2026-02-22,UNKNOWN,MERCARI,5623409000001533291,70.00,70.00,0.00,0.00,0.00,0.00,0,,,UNBILLED,0.00,0.00,,0.00,0.00,UNBILLED,PO has no linked bills in Zoho
01-14283-27305,2026-02-22,UNKNOWN,zh_550856,5623409000001533234,80.28,80.28,0.00,0.00,0.00,0.00,1,5623409000002425261,01-14283-27305,overdue,69.95,0.00,,69.95,-10.33,UNDERBILLED_PARTIAL,Bill total is lower than PO total by 10.33 (partial receive/billing or vendor credit)
CAS-20260202-1575550,2026-02-20,UNKNOWN,EcoFlow US,5623409000001533109,0.00,0.00,0.00,0.00,0.00,0.00,0,,,UNBILLED,0.00,0.00,,0.00,0.00,UNBILLED,PO has no linked bills in Zoho
10-14264-39346,2026-02-20,UNKNOWN,famfutr,5623409000001526994,47.42,47.42,0.00,0.00,0.00,0.00,1,5623409000002418262,10-14264-39346,overdue,51.28,0.00,,51.28,3.86,OVERBILLED_LINE_DIFF,Bill total exceeds PO total by 3.86 with 0 bill adjustment (check line item quantities/rates)
18-14253-11023,2026-02-20,UNKNOWN,goodwillsocalshop,5623409000001526939,76.00,76.00,0.00,0.00,0.00,0.00,1,5623409000002423146,18-14253-11023,overdue,68.00,0.00,,68.00,-8.00,UNDERBILLED_PARTIAL,Bill total is lower than PO total by 8.00 (partial receive/billing or vendor credit)
05-14271-42581,2026-02-20,UNKNOWN,discountlandwho-0,5623409000001526557,48.65,48.65,0.00,0.00,0.00,0.00,1,5623409000002425177,05-14271-42581,overdue,40.00,0.00,,40.00,-8.65,UNDERBILLED_PARTIAL,Bill total is lower than PO total by 8.65 (partial receive/billing or vendor credit)
07-14268-03289,2026-02-20,UNKNOWN,smiley8235,5623409000001526488,40.24,40.24,0.00,0.00,0.00,0.00,1,5623409000002424294,07-14268-03289,overdue,24.99,0.00,,24.99,-15.25,UNDERBILLED_PARTIAL,Bill total is lower than PO total by 15.25 (partial receive/billing or vendor credit)
14-14257-45997,2026-02-20,UNKNOWN,surethriftsalot,5623409000001527138,85.37,85.37,0.00,0.00,0.00,0.00,1,5623409000002424313,14-14257-45997,overdue,76.00,0.00,,76.00,-9.37,UNDERBILLED_PARTIAL,Bill total is lower than PO total by 9.37 (partial receive/billing or vendor credit)
08-14265-70668,2026-02-20,UNKNOWN,olekvetch,5623409000001527069,68.85,68.85,0.00,0.00,0.00,0.00,1,5623409000002422491,08-14265-70668,overdue,60.00,0.00,,60.00,-8.85,UNDERBILLED_PARTIAL,Bill total is lower than PO total by 8.85 (partial receive/billing or vendor credit)
B003907553,2026-02-19,UNKNOWN,Bose Corporation,5623409000001505229,1548.37,1548.37,0.00,0.00,0.00,0.00,1,5623409000002404989,B003907553,overdue,1437.00,0.00,,1437.00,-111.37,UNDERBILLED_PARTIAL,Bill total is lower than PO total by 111.37 (partial receive/billing or vendor credit)
25-14240-09927,2026-02-20,UNKNOWN,bud1music,5623409000001505039,85.98,85.98,0.00,0.00,0.00,0.00,1,5623409000002418336,25-14240-09927,overdue,75.99,0.00,,75.99,-9.99,UNDERBILLED_PARTIAL,Bill total is lower than PO total by 9.99 (partial receive/billing or vendor credit)
60675758,2026-02-19,UNKNOWN,Goodwill,5623409000001505014,12.92,12.92,0.00,0.00,0.00,0.00,1,5623409000002754963,60675758,overdue,9.99,2.93,Shipping Fee + Tax + Handling Fee,12.92,0.00,MATCH_WITH_ADJ,"Bill total matches PO total, but has adjustment=2.93"
11-14258-27196,2026-02-19,UNKNOWN,soundream,5623409000001496337,983.96,983.96,0.00,0.00,0.00,0.00,1,5623409000002411031,11-14258-27196,overdue,1091.96,0.00,,1091.96,108.00,OVERBILLED_LINE_DIFF,Bill total exceeds PO total by 108.00 with 0 bill adjustment (check line item quantities/rates)
20-14245-33699,2026-02-19,UNKNOWN,thejanitor5,5623409000001496282,83.40,83.40,0.00,0.00,0.00,0.00,1,5623409000002407803,20-14245-33699,overdue,76.00,0.00,,76.00,-7.40,UNDERBILLED_PARTIAL,Bill total is lower than PO total by 7.40 (partial receive/billing or vendor credit)
18-14248-14355,2026-02-19,UNKNOWN,famfutr,5623409000001496213,66.15,66.15,0.00,0.00,0.00,0.00,1,5623409000002407828,18-14248-14355,overdue,74.43,0.00,,74.43,8.28,OVERBILLED_LINE_DIFF,Bill total exceeds PO total by 8.28 with 0 bill adjustment (check line item quantities/rates)
03-14268-59988,2026-02-19,UNKNOWN,carlospin1974,5623409000001503722,73.70,73.70,0.00,0.00,0.00,0.00,1,5623409000002410193,03-14268-59988,overdue,58.99,0.00,,58.99,-14.71,UNDERBILLED_PARTIAL,Bill total is lower than PO total by 14.71 (partial receive/billing or vendor credit)
27-14234-51267,2026-02-19,UNKNOWN,fonziefinds,5623409000001503653,73.85,73.85,0.00,0.00,0.00,0.00,1,5623409000002411075,27-14234-51267,overdue,65.00,0.00,,65.00,-8.85,UNDERBILLED_PARTIAL,Bill total is lower than PO total by 8.85 (partial receive/billing or vendor credit)
06-14264-48399,2026-02-19,UNKNOWN,ijustfl79,5623409000001503584,85.00,85.00,0.00,0.00,0.00,0.00,1,5623409000002411094,06-14264-48399,overdue,73.00,0.00,,73.00,-12.00,UNDERBILLED_PARTIAL,Bill total is lower than PO total by 12.00 (partial receive/billing or vendor credit)
08-14260-61204,2026-02-19,UNKNOWN,itsvintagethyme,5623409000001503434,74.10,74.10,0.00,0.00,0.00,0.00,1,5623409000002423110,08-14260-61204,overdue,50.00,0.00,,50.00,-24.10,UNDERBILLED_PARTIAL,Bill total is lower than PO total by 24.10 (partial receive/billing or vendor credit)
60650781,2026-02-18,UNKNOWN,Goodwill,5623409000001502345,70.25,70.25,0.00,0.00,0.00,0.00,1,5623409000002409290,60650781,overdue,45.44,0.00,,45.44,-24.81,UNDERBILLED_PARTIAL,Bill total is lower than PO total by 24.81 (partial receive/billing or vendor credit)
60650772,2026-02-18,UNKNOWN,Goodwill,5623409000001502323,54.92,54.92,0.00,0.00,0.00,0.00,1,5623409000002406731,60650772,overdue,41.00,0.00,,41.00,-13.92,UNDERBILLED_PARTIAL,Bill total is lower than PO total by 13.92 (partial receive/billing or vendor credit)
60650743,2026-02-18,UNKNOWN,Goodwill,5623409000001502293,73.09,73.09,0.00,0.00,0.00,0.00,1,5623409000002407703,60650743,overdue,49.55,0.00,,49.55,-23.54,UNDERBILLED_PARTIAL,Bill total is lower than PO total by 23.54 (partial receive/billing or vendor credit)
60650716,2026-02-18,UNKNOWN,Goodwill,5623409000001502279,61.63,61.63,0.00,0.00,0.00,0.00,1,5623409000002407728,60650716,overdue,42.92,0.00,,42.92,-18.71,UNDERBILLED_PARTIAL,Bill total is lower than PO total by 18.71 (partial receive/billing or vendor credit)
60650699,2026-02-18,UNKNOWN,Goodwill,5623409000001502257,137.04,137.04,0.00,0.00,0.00,0.00,1,5623409000002409309,60650699,overdue,113.00,0.00,,113.00,-24.04,UNDERBILLED_PARTIAL,Bill total is lower than PO total by 24.04 (partial receive/billing or vendor credit)
15-14249-56537,2026-02-19,UNKNOWN,odd_duck_picker,5623409000001502202,86.15,86.15,0.00,0.00,0.00,0.00,1,5623409000002424151,15-14249-56537,overdue,70.00,0.00,,70.00,-16.15,UNDERBILLED_PARTIAL,Bill total is lower than PO total by 16.15 (partial receive/billing or vendor credit)
26-14233-46825,2026-02-19,UNKNOWN,cargolargo,5623409000001502131,632.30,632.30,0.00,0.00,0.00,0.00,1,5623409000002424174,26-14233-46825,overdue,610.00,0.00,,610.00,-22.30,UNDERBILLED_PARTIAL,Bill total is lower than PO total by 22.30 (partial receive/billing or vendor credit)
12-14253-46770,2026-02-19,UNKNOWN,merkairos,5623409000001502092,53.65,53.65,0.00,0.00,0.00,0.00,1,5623409000002422379,12-14253-46770,overdue,45.00,0.00,,45.00,-8.65,UNDERBILLED_PARTIAL,Bill total is lower than PO total by 8.65 (partial receive/billing or vendor credit)
11-14254-58612,2026-02-19,UNKNOWN,barstomcreativeconcepts2010,5623409000001500866,57.43,57.43,0.00,0.00,0.00,0.00,1,5623409000002416604,11-14254-58612,overdue,31.44,0.00,,31.44,-25.99,UNDERBILLED_PARTIAL,Bill total is lower than PO total by 25.99 (partial receive/billing or vendor credit)
26-14233-14465,2026-02-19,UNKNOWN,new_and_used_md,5623409000001500797,55.48,55.48,0.00,0.00,0.00,0.00,1,5623409000002425099,26-14233-14465,overdue,40.49,0.00,,40.49,-14.99,UNDERBILLED_PARTIAL,Bill total is lower than PO total by 14.99 (partial receive/billing or vendor credit)
14-14250-35487,2026-02-19,UNKNOWN,smarterdealresellers,5623409000001500728,56.00,56.00,0.00,0.00,0.00,0.00,1,5623409000002425118,14-14250-35487,overdue,40.00,0.00,,40.00,-16.00,UNDERBILLED_PARTIAL,Bill total is lower than PO total by 16.00 (partial receive/billing or vendor credit)
12-14253-27201,2026-02-19,UNKNOWN,modernr_30,5623409000001500659,57.44,57.44,0.00,0.00,0.00,0.00,1,5623409000002418154,12-14253-27201,overdue,51.99,0.00,,51.99,-5.45,UNDERBILLED_PARTIAL,Bill total is lower than PO total by 5.45 (partial receive/billing or vendor credit)
01-14269-40916,2026-02-19,UNKNOWN,jbeckonline,5623409000001500590,53.74,53.74,0.00,0.00,0.00,0.00,1,5623409000002418173,01-14269-40916,overdue,44.99,0.00,,44.99,-8.75,UNDERBILLED_PARTIAL,Bill total is lower than PO total by 8.75 (partial receive/billing or vendor credit)
12-14253-11773,2026-02-18,UNKNOWN,desgirard,5623409000001500454,200.99,200.99,0.00,0.00,0.00,0.00,1,5623409000002408296,12-14253-11773,overdue,175.00,0.00,,175.00,-25.99,UNDERBILLED_PARTIAL,Bill total is lower than PO total by 25.99 (partial receive/billing or vendor credit)
11-14254-41921,2026-02-18,UNKNOWN,fltlvlcfii,5623409000001500281,274.07,274.07,0.00,0.00,0.00,0.00,1,5623409000002545031,11-14254-41921,overdue,302.48,24.99,Shipping Fee + Tax + Handling Fee,327.47,53.40,OVERBILLED_CUSTOM_ADJ,"Bill total exceeds PO total by 53.40 (bill adjustment=24.99, charges=0.00)"
16-14247-31323,2026-02-18,UNKNOWN,iwantluc,5623409000001500193,607.56,607.56,0.00,0.00,0.00,0.00,1,5623409000002410089,16-14247-31323,overdue,549.99,0.00,,549.99,-57.57,UNDERBILLED_PARTIAL,Bill total is lower than PO total by 57.57 (partial receive/billing or vendor credit)
24-14250-16876,2026-02-18,UNKNOWN,tech-world43228,5623409000001500124,239.99,239.99,0.00,0.00,0.00,0.00,1,5623409000002408325,24-14250-16876,overdue,269.99,0.00,,269.99,30.00,OVERBILLED_LINE_DIFF,Bill total exceeds PO total by 30.00 with 0 bill adjustment (check line item quantities/rates)
24-14249-26533,2026-02-18,UNKNOWN,thinkpan,5623409000001500069,31.17,31.17,0.00,0.00,0.00,0.00,1,5623409000002406810,24-14249-26533,overdue,35.07,0.00,,35.07,3.90,OVERBILLED_LINE_DIFF,Bill total exceeds PO total by 3.90 with 0 bill adjustment (check line item quantities/rates)
08-14256-87955,2026-02-18,UNKNOWN,adl2usa,5623409000001492131,84.62,84.62,0.00,0.00,0.00,0.00,1,5623409000002409375,08-14256-87955,overdue,77.00,0.00,,77.00,-7.62,UNDERBILLED_PARTIAL,Bill total is lower than PO total by 7.62 (partial receive/billing or vendor credit)
27-14230-00261,2026-02-18,UNKNOWN,marrakeshtrader,5623409000001492076,84.00,84.00,0.00,0.00,0.00,0.00,1,5623409000002410127,27-14230-00261,overdue,73.00,0.00,,73.00,-11.00,UNDERBILLED_PARTIAL,Bill total is lower than PO total by 11.00 (partial receive/billing or vendor credit)
03-14260-94766,2026-02-17,UNKNOWN,mal-911474,5623409000001484489,71.99,71.99,0.00,0.00,0.00,0.00,1,5623409000002404831,03-14260-94766,overdue,59.99,0.00,,59.99,-12.00,UNDERBILLED_PARTIAL,Bill total is lower than PO total by 12.00 (partial receive/billing or vendor credit)
06-14256-87956,2026-02-17,UNKNOWN,grovyle35,5623409000001484420,78.85,78.85,0.00,0.00,0.00,0.00,1,5623409000002403964,06-14256-87956,overdue,70.00,0.00,,70.00,-8.85,UNDERBILLED_PARTIAL,Bill total is lower than PO total by 8.85 (partial receive/billing or vendor credit)
15-14243-78072,2026-02-17,UNKNOWN,tech-world43228,5623409000001484351,51.99,51.99,0.00,0.00,0.00,0.00,1,5623409000002409201,15-14243-78072,overdue,58.49,0.00,,58.49,6.50,OVERBILLED_LINE_DIFF,Bill total exceeds PO total by 6.50 with 0 bill adjustment (check line item quantities/rates)
22-14233-79740,2026-02-17,UNKNOWN,spederek1,5623409000001484296,710.70,710.70,0.00,0.00,0.00,0.00,1,5623409000002406613,22-14233-79740,overdue,588.00,0.00,,588.00,-122.70,UNDERBILLED_PARTIAL,Bill total is lower than PO total by 122.70 (partial receive/billing or vendor credit)
21-14234-78310,2026-02-17,UNKNOWN,easy-peezy1,5623409000001484227,757.49,757.49,0.00,0.00,0.00,0.00,1,5623409000002406658,21-14234-78310,overdue,807.49,0.00,,807.49,50.00,OVERBILLED_LINE_DIFF,Bill total exceeds PO total by 50.00 with 0 bill adjustment (check line item quantities/rates)
112-0216748-2232229,2026-02-17,UNKNOWN,Shenqiuxianjilishangmaoyouxiangongsi,5623409000001484136,73.19,73.19,0.00,0.00,0.00,0.00,0,,,UNBILLED,0.00,0.00,,0.00,0.00,UNBILLED,PO has no linked bills in Zoho
60623470,2026-02-17,UNKNOWN,Goodwill,5623409000001484082,28.77,28.77,0.00,0.00,0.00,0.00,1,5623409000002409227,60623470,overdue,7.99,0.00,,7.99,-20.78,UNDERBILLED_PARTIAL,Bill total is lower than PO total by 20.78 (partial receive/billing or vendor credit)
60623422,2026-02-17,UNKNOWN,Goodwill,5623409000001484068,31.91,31.91,0.00,0.00,0.00,0.00,1,5623409000002409246,60623422,overdue,14.99,0.00,,14.99,-16.92,UNDERBILLED_PARTIAL,Bill total is lower than PO total by 16.92 (partial receive/billing or vendor credit)
60817518,2026-02-26,UNKNOWN,Goodwill,5623409000001484052,92.66,92.66,0.00,0.00,0.00,0.00,0,,,UNBILLED,0.00,0.00,,0.00,0.00,UNBILLED,PO has no linked bills in Zoho
18-14236-85929,2026-02-17,UNKNOWN,denverboy24,5623409000001485448,84.96,84.96,0.00,0.00,0.00,0.00,1,5623409000002404890,18-14236-85929,overdue,75.00,0.00,,75.00,-9.96,UNDERBILLED_PARTIAL,Bill total is lower than PO total by 9.96 (partial receive/billing or vendor credit)
04-14255-12767,2026-02-16,UNKNOWN,agedandwired,5623409000001485379,80.14,80.14,0.00,0.00,0.00,0.00,1,5623409000002404715,04-14255-12767,overdue,72.00,0.00,,72.00,-8.14,UNDERBILLED_PARTIAL,Bill total is lower than PO total by 8.14 (partial receive/billing or vendor credit)
08-14249-72963,2026-02-16,UNKNOWN,greensale99,5623409000001485266,586.92,586.92,0.00,0.00,0.00,0.00,1,5623409000002406367,08-14249-72963,overdue,384.96,0.00,,384.96,-201.96,UNDERBILLED_PARTIAL,Bill total is lower than PO total by 201.96 (partial receive/billing or vendor credit)
27-14222-32696,2026-02-16,UNKNOWN,abhay2,5623409000001485021,320.00,320.00,0.00,0.00,0.00,0.00,1,5623409000002406421,27-14222-32696,overdue,270.00,0.00,,270.00,-50.00,UNDERBILLED_PARTIAL,Bill total is lower than PO total by 50.00 (partial receive/billing or vendor credit)
60596555,2026-02-16,UNKNOWN,Goodwill,5623409000001482040,39.26,39.26,0.00,0.00,0.00,0.00,1,5623409000002409045,60596555,overdue,17.01,0.00,,17.01,-22.25,UNDERBILLED_PARTIAL,Bill total is lower than PO total by 22.25 (partial receive/billing or vendor credit)
60596521,2026-02-16,UNKNOWN,Goodwill,5623409000001482016,68.65,68.65,0.00,0.00,0.00,0.00,1,5623409000002409064,60596521,overdue,40.99,0.00,,40.99,-27.66,UNDERBILLED_PARTIAL,Bill total is lower than PO total by 27.66 (partial receive/billing or vendor credit)
60596355,2026-02-16,UNKNOWN,Goodwill,5623409000001476990,68.55,68.55,0.00,0.00,0.00,0.00,1,5623409000002406473,60596355,overdue,43.00,0.00,,43.00,-25.55,UNDERBILLED_PARTIAL,Bill total is lower than PO total by 25.55 (partial receive/billing or vendor credit)
60596317,2026-02-16,UNKNOWN,Goodwill,5623409000001476968,135.98,135.98,0.00,0.00,0.00,0.00,1,5623409000002407548,60596317,overdue,94.00,0.00,,94.00,-41.98,UNDERBILLED_PARTIAL,Bill total is lower than PO total by 41.98 (partial receive/billing or vendor credit)
19-14232-24462,2026-02-16,UNKNOWN,whitetrinity123,5623409000001474456,84.99,84.99,0.00,0.00,0.00,0.00,1,5623409000002406527,19-14232-24462,overdue,69.99,0.00,,69.99,-15.00,UNDERBILLED_PARTIAL,Bill total is lower than PO total by 15.00 (partial receive/billing or vendor credit)
25-14224-30583,2026-02-16,UNKNOWN,jadavi1735,5623409000001474387,85.00,85.00,0.00,0.00,0.00,0.00,1,5623409000002409138,25-14224-30583,overdue,83.00,0.00,,83.00,-2.00,UNDERBILLED_PARTIAL,Bill total is lower than PO total by 2.00 (partial receive/billing or vendor credit)
25-14221-90767,2026-02-16,UNKNOWN,circularlogicrecords,5623409000001474240,78.00,78.00,0.00,0.00,0.00,0.00,1,5623409000002404797,25-14221-90767,overdue,68.00,0.00,,68.00,-10.00,UNDERBILLED_PARTIAL,Bill total is lower than PO total by 10.00 (partial receive/billing or vendor credit)
14-14236-46660,2026-02-15,UNKNOWN,elitewilloutlet,5623409000001474063,215.99,215.99,0.00,0.00,0.00,0.00,1,5623409000002402898,14-14236-46660,overdue,239.99,0.00,,239.99,24.00,OVERBILLED_LINE_DIFF,Bill total exceeds PO total by 24.00 with 0 bill adjustment (check line item quantities/rates)
60580506,2026-02-16,UNKNOWN,Goodwill,5623409000001474022,251.71,251.71,0.00,0.00,0.00,0.00,1,5623409000002403941,60580506,overdue,174.00,0.00,,174.00,-77.71,UNDERBILLED_PARTIAL,Bill total is lower than PO total by 77.71 (partial receive/billing or vendor credit)
111-8186883-9594658,2026-02-13,UNKNOWN,ABB Logistics,5623409000001465621,296.28,296.28,0.00,0.00,0.00,0.00,1,5623409000002401954,111-8186883-9594658,overdue,338.40,0.00,,338.40,42.12,OVERBILLED_LINE_DIFF,Bill total exceeds PO total by 42.12 with 0 bill adjustment (check line item quantities/rates)
8209198767888387,2026-02-14,UNKNOWN,Shop1102923917 Store,5623409000001465504,40.57,40.57,0.00,0.00,0.00,0.00,1,5623409000002754916,8209198767888387,overdue,37.50,3.07,Shipping Fee + Tax + Handling Fee,40.57,0.00,MATCH_WITH_ADJ,"Bill total matches PO total, but has adjustment=3.07"
8209448853058387,2026-02-14,UNKNOWN,Rafford Store,5623409000001465451,1.08,1.08,0.00,0.00,0.00,0.00,1,5623409000002404648,8209448853058387,overdue,0.99,0.00,,0.99,-0.09,UNDERBILLED_PARTIAL,Bill total is lower than PO total by 0.09 (partial receive/billing or vendor credit)
8209198767848387,2026-02-14,UNKNOWN,YISONIC Store,5623409000001465424,7.51,7.51,0.00,0.00,0.00,0.00,1,5623409000002754892,8209198767848387,overdue,6.94,0.57,Shipping Fee + Tax + Handling Fee,7.51,0.00,MATCH_WITH_ADJ,"Bill total matches PO total, but has adjustment=0.57"
8209448853018387,2026-02-14,UNKNOWN,Futo Tech Store,5623409000001465371,8.76,8.76,0.00,0.00,0.00,0.00,1,5623409000002407405,8209448853018387,overdue,7.99,0.00,,7.99,-0.77,UNDERBILLED_PARTIAL,Bill total is lower than PO total by 0.77 (partial receive/billing or vendor credit)
8209198767828387,2026-02-14,UNKNOWN,Shop1104344393 Store,5623409000001465318,12.95,12.95,0.00,0.00,0.00,0.00,1,5623409000002408039,8209198767828387,overdue,11.97,0.00,,11.97,-0.98,UNDERBILLED_PARTIAL,Bill total is lower than PO total by 0.98 (partial receive/billing or vendor credit)
8209198767868387,2026-02-14,UNKNOWN,Vbestlife Homy Tool Store,5623409000001465252,40.52,40.52,0.00,0.00,0.00,0.00,1,5623409000002403752,8209198767868387,overdue,37.80,0.00,,37.80,-2.72,UNDERBILLED_PARTIAL,Bill total is lower than PO total by 2.72 (partial receive/billing or vendor credit)
8209643511698387,2026-02-13,UNKNOWN,Cruel Summer Store,5623409000001465199,4.42,4.42,0.00,0.00,0.00,0.00,1,5623409000002404522,8209643511698387,overdue,4.10,0.00,,4.10,-0.32,UNDERBILLED_PARTIAL,Bill total is lower than PO total by 0.32 (partial receive/billing or vendor credit)
8209198767908387,2026-02-14,UNKNOWN,友谊旗舰店 Store,5623409000001465133,107.40,107.40,0.00,0.00,0.00,0.00,1,5623409000002402833,8209198767908387,overdue,100.20,0.00,,100.20,-7.20,UNDERBILLED_PARTIAL,Bill total is lower than PO total by 7.20 (partial receive/billing or vendor credit)
8209448853038387,2026-02-14,UNKNOWN,YISONIC Store,5623409000001465080,7.75,7.75,0.00,0.00,0.00,0.00,1,5623409000002402879,8209448853038387,overdue,7.19,0.00,,7.19,-0.56,UNDERBILLED_PARTIAL,Bill total is lower than PO total by 0.56 (partial receive/billing or vendor credit)
8209643511738387,2026-02-13,UNKNOWN,Anordsem Official Store,5623409000001465014,9.59,9.59,0.00,0.00,0.00,0.00,1,5623409000002406299,8209643511738387,overdue,9.10,0.00,,9.10,-0.49,UNDERBILLED_PARTIAL,Bill total is lower than PO total by 0.49 (partial receive/billing or vendor credit)
60557381,2026-02-15,UNKNOWN,Goodwill,5623409000001458961,27.36,27.36,0.00,0.00,0.00,0.00,1,5623409000002407446,60557381,overdue,10.00,0.00,,10.00,-17.36,UNDERBILLED_PARTIAL,Bill total is lower than PO total by 17.36 (partial receive/billing or vendor credit)
60557373,2026-02-15,UNKNOWN,Goodwill,5623409000001458947,54.39,54.39,0.00,0.00,0.00,0.00,1,5623409000002402932,60557373,overdue,24.00,0.00,,24.00,-30.39,UNDERBILLED_PARTIAL,Bill total is lower than PO total by 30.39 (partial receive/billing or vendor credit)
60544824,2026-02-14,UNKNOWN,Goodwill,5623409000001458925,253.18,253.18,0.00,0.00,0.00,0.00,1,5623409000002423091,60544824,overdue,221.00,0.00,,221.00,-32.18,UNDERBILLED_PARTIAL,Bill total is lower than PO total by 32.18 (partial receive/billing or vendor credit)
21-14220-80341,2026-02-14,UNKNOWN,salin1969,5623409000001458623,68.05,68.05,0.00,0.00,0.00,0.00,1,5623409000002402779,21-14220-80341,overdue,51.00,0.00,,51.00,-17.05,UNDERBILLED_PARTIAL,Bill total is lower than PO total by 17.05 (partial receive/billing or vendor credit)
03-14246-48616,2026-02-14,UNKNOWN,pnwvintagesales,5623409000001458587,83.94,83.94,0.00,0.00,0.00,0.00,1,5623409000002407347,03-14246-48616,overdue,73.00,0.00,,73.00,-10.94,UNDERBILLED_PARTIAL,Bill total is lower than PO total by 10.94 (partial receive/billing or vendor credit)
20-14222-17681,2026-02-14,UNKNOWN,alst_7319,5623409000001458518,48.99,48.99,0.00,0.00,0.00,0.00,1,5623409000002408009,20-14222-17681,overdue,40.00,0.00,,40.00,-8.99,UNDERBILLED_PARTIAL,Bill total is lower than PO total by 8.99 (partial receive/billing or vendor credit)
05-14244-07959,2026-02-14,UNKNOWN,fremontholdings,5623409000001458449,343.00,343.00,0.00,0.00,0.00,0.00,1,5623409000002402802,05-14244-07959,overdue,325.00,0.00,,325.00,-18.00,UNDERBILLED_PARTIAL,Bill total is lower than PO total by 18.00 (partial receive/billing or vendor credit)
24-14228-91554,2026-02-13,UNKNOWN,luxurys4lessmonies,5623409000001458347,442.24,442.24,0.00,0.00,0.00,0.00,1,5623409000002404463,24-14228-91554,overdue,425.00,0.00,,425.00,-17.24,UNDERBILLED_PARTIAL,Bill total is lower than PO total by 17.24 (partial receive/billing or vendor credit)
25-14212-56156,2026-02-13,UNKNOWN,soundream,5623409000001458211,982.77,982.77,0.00,0.00,0.00,0.00,1,5623409000002404482,25-14212-56156,overdue,1076.37,0.00,,1076.37,93.60,OVERBILLED_LINE_DIFF,Bill total exceeds PO total by 93.60 with 0 bill adjustment (check line item quantities/rates)
01-14247-14603,2026-02-13,UNKNOWN,pabe0711,5623409000001458091,476.00,476.00,0.00,0.00,0.00,0.00,1,5623409000002403650,01-14247-14603,overdue,456.00,0.00,,456.00,-20.00,UNDERBILLED_PARTIAL,Bill total is lower than PO total by 20.00 (partial receive/billing or vendor credit)
08-14235-78133,2026-02-13,UNKNOWN,nericw,5623409000001456154,250.00,250.00,0.00,0.00,0.00,0.00,1,5623409000002403675,08-14235-78133,overdue,168.00,0.00,,168.00,-82.00,UNDERBILLED_PARTIAL,Bill total is lower than PO total by 82.00 (partial receive/billing or vendor credit)
16-14223-98980,2026-02-13,UNKNOWN,andrew-cole,5623409000001456028,37.56,37.56,0.00,0.00,0.00,0.00,1,5623409000002406269,16-14223-98980,overdue,29.99,0.00,,29.99,-7.57,UNDERBILLED_PARTIAL,Bill total is lower than PO total by 7.57 (partial receive/billing or vendor credit)
47109809,2026-02-12,UNKNOWN,ULINE,5623409000001447090,1210.36,1210.36,0.00,0.00,0.00,0.00,1,5623409000002402460,47109809,overdue,1093.15,0.00,,1093.15,-117.21,UNDERBILLED_PARTIAL,Bill total is lower than PO total by 117.21 (partial receive/billing or vendor credit)
60515014,2026-02-12,UNKNOWN,Goodwill,5623409000001447001,41.47,41.47,0.00,0.00,0.00,0.00,1,5623409000002407111,60515014,overdue,38.48,0.00,,38.48,-2.99,UNDERBILLED_PARTIAL,Bill total is lower than PO total by 2.99 (partial receive/billing or vendor credit)
60514079,2026-02-12,UNKNOWN,Goodwill,5623409000001442442,223.94,223.94,0.00,0.00,0.00,0.00,1,5623409000002407134,60514079,overdue,143.88,0.00,,143.88,-80.06,UNDERBILLED_PARTIAL,Bill total is lower than PO total by 80.06 (partial receive/billing or vendor credit)
60513970,2026-02-12,UNKNOWN,Goodwill,5623409000001444282,259.05,259.05,0.00,0.00,0.00,0.00,1,5623409000002406148,60513970,overdue,228.00,0.00,,228.00,-31.05,UNDERBILLED_PARTIAL,Bill total is lower than PO total by 31.05 (partial receive/billing or vendor credit)
60512740,2026-02-12,UNKNOWN,Goodwill,5623409000001444266,348.93,348.93,0.00,0.00,0.00,0.00,1,5623409000002404373,60512740,overdue,303.00,0.00,,303.00,-45.93,UNDERBILLED_PARTIAL,Bill total is lower than PO total by 45.93 (partial receive/billing or vendor credit)
26-14206-08107,2026-02-12,UNKNOWN,coditrans08,5623409000001444203,39.00,39.00,0.00,0.00,0.00,0.00,1,5623409000002402581,26-14206-08107,overdue,32.00,0.00,,32.00,-7.00,UNDERBILLED_PARTIAL,Bill total is lower than PO total by 7.00 (partial receive/billing or vendor credit)
01-14242-29652,2026-02-12,UNKNOWN,electro-store4u,5623409000001444148,193.70,193.70,0.00,0.00,0.00,0.00,1,5623409000002403556,01-14242-29652,overdue,215.00,0.00,,215.00,21.30,OVERBILLED_LINE_DIFF,Bill total exceeds PO total by 21.30 with 0 bill adjustment (check line item quantities/rates)
09-14229-78818,2026-02-12,UNKNOWN,alva6651,5623409000001444038,45.19,45.19,0.00,0.00,0.00,0.00,1,5623409000002404407,09-14229-78818,overdue,38.00,0.00,,38.00,-7.19,UNDERBILLED_PARTIAL,Bill total is lower than PO total by 7.19 (partial receive/billing or vendor credit)
19-14215-62311,2026-02-12,UNKNOWN,fisher_flips,5623409000001443181,33.94,33.94,0.00,0.00,0.00,0.00,1,5623409000002402621,19-14215-62311,overdue,24.97,0.00,,24.97,-8.97,UNDERBILLED_PARTIAL,Bill total is lower than PO total by 8.97 (partial receive/billing or vendor credit)
21-14212-38549,2026-02-12,UNKNOWN,alha5052,5623409000001443112,83.29,83.29,0.00,0.00,0.00,0.00,1,5623409000002403594,21-14212-38549,overdue,72.00,0.00,,72.00,-11.29,UNDERBILLED_PARTIAL,Bill total is lower than PO total by 11.29 (partial receive/billing or vendor credit)
25-14207-03539,2026-02-12,UNKNOWN,jem_pickers,5623409000001443041,81.47,81.47,0.00,0.00,0.00,0.00,1,5623409000002401916,25-14207-03539,overdue,76.66,0.00,,76.66,-4.81,UNDERBILLED_PARTIAL,Bill total is lower than PO total by 4.81 (partial receive/billing or vendor credit)
25-14205-49945,2026-02-12,UNKNOWN,247flips,5623409000001436963,399.99,399.99,0.00,0.00,0.00,0.00,1,5623409000002407265,25-14205-49945,overdue,365.00,0.00,,365.00,-34.99,UNDERBILLED_PARTIAL,Bill total is lower than PO total by 34.99 (partial receive/billing or vendor credit)
60442895,2026-02-09,UNKNOWN,Goodwill,5623409000001436712,209.10,209.10,0.00,0.00,0.00,0.00,1,5623409000002403115,60442895,overdue,178.60,0.00,,178.60,-30.50,UNDERBILLED_PARTIAL,Bill total is lower than PO total by 30.50 (partial receive/billing or vendor credit)
60492218,2026-02-11,UNKNOWN,Goodwill,5623409000001436015,59.41,59.41,0.00,0.00,0.00,0.00,1,5623409000002402309,60492218,overdue,37.99,0.00,,37.99,-21.42,UNDERBILLED_PARTIAL,Bill total is lower than PO total by 21.42 (partial receive/billing or vendor credit)
60492000,2026-02-11,UNKNOWN,Goodwill,5623409000001436001,76.37,76.37,0.00,0.00,0.00,0.00,1,5623409000002403361,60492000,overdue,47.26,0.00,,47.26,-29.11,UNDERBILLED_PARTIAL,Bill total is lower than PO total by 29.11 (partial receive/billing or vendor credit)
60491908,2026-02-11,UNKNOWN,Goodwill,5623409000001435795,225.98,225.98,0.00,0.00,0.00,0.00,1,5623409000002399928,60491908,overdue,201.00,0.00,,201.00,-24.98,UNDERBILLED_PARTIAL,Bill total is lower than PO total by 24.98 (partial receive/billing or vendor credit)
60491503,2026-02-11,UNKNOWN,Goodwill,5623409000001435779,41.93,41.93,0.00,0.00,0.00,0.00,1,5623409000002400960,60491503,overdue,24.00,0.00,,24.00,-17.93,UNDERBILLED_PARTIAL,Bill total is lower than PO total by 17.93 (partial receive/billing or vendor credit)
60557387,2026-02-15,UNKNOWN,Goodwill,5623409000001435752,111.93,111.93,0.00,0.00,0.00,0.00,1,5623409000002402966,60557387,overdue,103.86,0.00,,103.86,-8.07,UNDERBILLED_PARTIAL,Bill total is lower than PO total by 8.07 (partial receive/billing or vendor credit)
60491297,2026-02-11,UNKNOWN,Goodwill,5623409000001435730,53.29,53.29,0.00,0.00,0.00,0.00,1,5623409000002400979,60491297,overdue,36.00,0.00,,36.00,-17.29,UNDERBILLED_PARTIAL,Bill total is lower than PO total by 17.29 (partial receive/billing or vendor credit)
60491071,2026-02-11,UNKNOWN,Goodwill,5623409000001435716,145.64,145.64,0.00,0.00,0.00,0.00,1,5623409000002400998,60491071,overdue,121.00,0.00,,121.00,-24.64,UNDERBILLED_PARTIAL,Bill total is lower than PO total by 24.64 (partial receive/billing or vendor credit)
PO-WARRANTY-DELTA-26021,2026-02-11,UNKNOWN,EcoFlow US,5623409000001435580,0.00,0.00,0.00,0.00,0.00,0.00,0,,,UNBILLED,0.00,0.00,,0.00,0.00,UNBILLED,PO has no linked bills in Zoho
26-14202-90456,2026-02-11,UNKNOWN,gugli-2951,5623409000001435483,74.85,74.85,0.00,0.00,0.00,0.00,1,5623409000002402364,26-14202-90456,overdue,59.00,0.00,,59.00,-15.85,UNDERBILLED_PARTIAL,Bill total is lower than PO total by 15.85 (partial receive/billing or vendor credit)
15-14217-13501,2026-02-11,UNKNOWN,hannishops,5623409000001435414,85.00,85.00,0.00,0.00,0.00,0.00,1,5623409000002401652,15-14217-13501,overdue,66.70,0.00,,66.70,-18.30,UNDERBILLED_PARTIAL,Bill total is lower than PO total by 18.30 (partial receive/billing or vendor credit)
19-14211-92840,2026-02-11,UNKNOWN,totr1863,5623409000001435375,329.00,329.00,0.00,0.00,0.00,0.00,0,,,UNBILLED,0.00,0.00,,0.00,0.00,UNBILLED,PO has no linked bills in Zoho
11-14222-83401,2026-02-11,UNKNOWN,centervilleantiques,5623409000001435249,82.10,82.10,0.00,0.00,0.00,0.00,1,5623409000002402383,11-14222-83401,overdue,32.00,0.00,,32.00,-50.10,UNDERBILLED_PARTIAL,Bill total is lower than PO total by 50.10 (partial receive/billing or vendor credit)
27-14200-22242,2026-02-11,UNKNOWN,carpe.diem.goods,5623409000001435180,84.65,84.65,0.00,0.00,0.00,0.00,1,5623409000002403417,27-14200-22242,overdue,67.00,0.00,,67.00,-17.65,UNDERBILLED_PARTIAL,Bill total is lower than PO total by 17.65 (partial receive/billing or vendor credit)
09-14225-51242,2026-02-11,UNKNOWN,unafurtivalagrima,5623409000001435111,84.95,84.95,0.00,0.00,0.00,0.00,1,5623409000002406033,09-14225-51242,overdue,70.00,0.00,,70.00,-14.95,UNDERBILLED_PARTIAL,Bill total is lower than PO total by 14.95 (partial receive/billing or vendor credit)
25-14202-80848,2026-02-11,UNKNOWN,faithfarmboyntonbeach,5623409000001435042,219.50,219.50,0.00,0.00,0.00,0.00,1,5623409000002401709,25-14202-80848,overdue,192.50,0.00,,192.50,-27.00,UNDERBILLED_PARTIAL,Bill total is lower than PO total by 27.00 (partial receive/billing or vendor credit)
08-14226-63539,2026-02-11,UNKNOWN,consmil47,5623409000001434934,69.79,69.79,0.00,0.00,0.00,0.00,1,5623409000002404255,08-14226-63539,overdue,34.79,0.00,,34.79,-35.00,UNDERBILLED_PARTIAL,Bill total is lower than PO total by 35.00 (partial receive/billing or vendor credit)
26-14199-92228,2026-02-11,UNKNOWN,avfdes_39,5623409000001434626,65.99,65.99,0.00,0.00,0.00,0.00,1,5623409000002403504,26-14199-92228,overdue,55.99,0.00,,55.99,-10.00,UNDERBILLED_PARTIAL,Bill total is lower than PO total by 10.00 (partial receive/billing or vendor credit)
15-14215-58642,2026-02-11,UNKNOWN,99_needful_things,5623409000001434557,47.75,47.75,0.00,0.00,0.00,0.00,1,5623409000002401763,15-14215-58642,overdue,20.25,0.00,,20.25,-27.50,UNDERBILLED_PARTIAL,Bill total is lower than PO total by 27.50 (partial receive/billing or vendor credit)
26-14199-55654,2026-02-11,UNKNOWN,outofthebox-2,5623409000001434518,60.00,60.00,0.00,0.00,0.00,0.00,1,5623409000002402435,26-14199-55654,overdue,50.00,0.00,,50.00,-10.00,UNDERBILLED_PARTIAL,Bill total is lower than PO total by 10.00 (partial receive/billing or vendor credit)
60469960,2026-02-11,UNKNOWN,Goodwill,5623409000001434490,34.77,34.77,0.00,0.00,0.00,0.00,1,5623409000002407067,60469960,overdue,9.99,0.00,,9.99,-24.78,UNDERBILLED_PARTIAL,Bill total is lower than PO total by 24.78 (partial receive/billing or vendor credit)
60469945,2026-02-11,UNKNOWN,Goodwill,5623409000001434476,56.81,56.81,0.00,0.00,0.00,0.00,1,5623409000002401786,60469945,overdue,43.55,0.00,,43.55,-13.26,UNDERBILLED_PARTIAL,Bill total is lower than PO total by 13.26 (partial receive/billing or vendor credit)
60469922,2026-02-10,UNKNOWN,Goodwill,5623409000001434462,395.00,395.00,0.00,0.00,0.00,0.00,1,5623409000002400864,60469922,overdue,301.00,0.00,,301.00,-94.00,UNDERBILLED_PARTIAL,Bill total is lower than PO total by 94.00 (partial receive/billing or vendor credit)
60469894,2026-02-10,UNKNOWN,Goodwill,5623409000001434419,96.15,96.15,0.00,0.00,0.00,0.00,1,5623409000002401518,60469894,overdue,50.00,0.00,,50.00,-46.15,UNDERBILLED_PARTIAL,Bill total is lower than PO total by 46.15 (partial receive/billing or vendor credit)
60469878,2026-02-10,UNKNOWN,Goodwill,5623409000001434405,62.51,62.51,0.00,0.00,0.00,0.00,1,5623409000002404060,60469878,overdue,8.99,0.00,,8.99,-53.52,UNDERBILLED_PARTIAL,Bill total is lower than PO total by 53.52 (partial receive/billing or vendor credit)
60469860,2026-02-10,UNKNOWN,Goodwill,5623409000001434391,45.92,45.92,0.00,0.00,0.00,0.00,1,5623409000002403190,60469860,overdue,29.00,0.00,,29.00,-16.92,UNDERBILLED_PARTIAL,Bill total is lower than PO total by 16.92 (partial receive/billing or vendor credit)
60469756,2026-02-10,UNKNOWN,Goodwill,5623409000001434377,116.00,116.00,0.00,0.00,0.00,0.00,1,5623409000002403209,60469756,overdue,75.90,0.00,,75.90,-40.10,UNDERBILLED_PARTIAL,Bill total is lower than PO total by 40.10 (partial receive/billing or vendor credit)
60460793,2026-02-10,UNKNOWN,Goodwill,5623409000001434350,51.50,51.50,0.00,0.00,0.00,0.00,1,5623409000002403240,60460793,overdue,29.11,0.00,,29.11,-22.39,UNDERBILLED_PARTIAL,Bill total is lower than PO total by 22.39 (partial receive/billing or vendor credit)
60469722,2026-02-10,UNKNOWN,Goodwill,5623409000001434336,27.01,27.01,0.00,0.00,0.00,0.00,1,5623409000002402257,60469722,overdue,9.99,0.00,,9.99,-17.02,UNDERBILLED_PARTIAL,Bill total is lower than PO total by 17.02 (partial receive/billing or vendor credit)
16-14211-96719,2026-02-10,UNKNOWN,greensale99,5623409000001434055,377.76,377.76,0.00,0.00,0.00,0.00,1,5623409000002401579,16-14211-96719,overdue,338.88,0.00,,338.88,-38.88,UNDERBILLED_PARTIAL,Bill total is lower than PO total by 38.88 (partial receive/billing or vendor credit)
60449631,2026-02-10,UNKNOWN,Goodwill,5623409000001424651,65.31,65.31,0.00,0.00,0.00,0.00,1,5623409000002402276,60449631,overdue,29.22,0.00,,29.22,-36.09,UNDERBILLED_PARTIAL,Bill total is lower than PO total by 36.09 (partial receive/billing or vendor credit)
60449316,2026-02-10,UNKNOWN,Goodwill,5623409000001424625,173.15,173.15,0.00,0.00,0.00,0.00,1,5623409000002401602,60449316,overdue,142.00,0.00,,142.00,-31.15,UNDERBILLED_PARTIAL,Bill total is lower than PO total by 31.15 (partial receive/billing or vendor credit)
60440310,2026-02-09,UNKNOWN,Goodwill,5623409000001424580,185.34,185.34,0.00,0.00,0.00,0.00,1,5623409000002397900,60440310,overdue,169.00,0.00,,169.00,-16.34,UNDERBILLED_PARTIAL,Bill total is lower than PO total by 16.34 (partial receive/billing or vendor credit)
60440182,2026-02-09,UNKNOWN,Goodwill,5623409000001424544,53.85,53.85,0.00,0.00,0.00,0.00,1,5623409000002754593,60440182,overdue,29.99,23.86,Shipping Fee + Tax + Handling Fee,53.85,0.00,MATCH_WITH_ADJ,"Bill total matches PO total, but has adjustment=23.86"
60438597,2026-02-09,UNKNOWN,Goodwill,5623409000001424427,32.72,32.72,0.00,0.00,0.00,0.00,1,5623409000002400798,60438597,overdue,16.41,0.00,,16.41,-16.31,UNDERBILLED_PARTIAL,Bill total is lower than PO total by 16.31 (partial receive/billing or vendor credit)
TK 8137,2026-02-09,UNKNOWN,VIETNAM,5623409000001424318,7279.00,7279.00,0.00,0.00,0.00,0.00,1,5623409000002754617,TK 8137,overdue,6796.00,483.00,Shipping Fee + Tax + Handling Fee,7279.00,0.00,MATCH_WITH_ADJ,"Bill total matches PO total, but has adjustment=483.00"
25-14194-50415,2026-02-09,UNKNOWN,realvintage831,5623409000001424198,83.29,83.29,0.00,0.00,0.00,0.00,1,5623409000002402176,25-14194-50415,overdue,76.00,0.00,,76.00,-7.29,UNDERBILLED_PARTIAL,Bill total is lower than PO total by 7.29 (partial receive/billing or vendor credit)
60420003,2026-02-08,UNKNOWN,Goodwill,5623409000001430947,68.64,68.64,0.00,0.00,0.00,0.00,1,5623409000002399746,60420003,overdue,43.00,0.00,,43.00,-25.64,UNDERBILLED_PARTIAL,Bill total is lower than PO total by 25.64 (partial receive/billing or vendor credit)
60438723,2026-02-09,UNKNOWN,Goodwill,5623409000001430857,116.82,116.82,0.00,0.00,0.00,0.00,1,5623409000002400827,60438723,overdue,73.97,0.00,,73.97,-42.85,UNDERBILLED_PARTIAL,Bill total is lower than PO total by 42.85 (partial receive/billing or vendor credit)
60419678,2026-02-08,UNKNOWN,Goodwill,5623409000001430843,27.53,27.53,0.00,0.00,0.00,0.00,1,5623409000002754569,60419678,overdue,9.97,17.56,Shipping Fee + Tax + Handling Fee,27.53,0.00,MATCH_WITH_ADJ,"Bill total matches PO total, but has adjustment=17.56"
60419217,2026-02-08,UNKNOWN,Goodwill,5623409000001430823,132.60,132.60,0.00,0.00,0.00,0.00,1,5623409000002403011,60419217,overdue,102.88,0.00,,102.88,-29.72,UNDERBILLED_PARTIAL,Bill total is lower than PO total by 29.72 (partial receive/billing or vendor credit)
03-14219-87246,2026-02-08,UNKNOWN,benjamincardco,5623409000001430768,75.35,75.35,0.00,0.00,0.00,0.00,1,5623409000002397791,03-14219-87246,overdue,59.50,0.00,,59.50,-15.85,UNDERBILLED_PARTIAL,Bill total is lower than PO total by 15.85 (partial receive/billing or vendor credit)
08-14212-57300,2026-02-08,UNKNOWN,anastigmatf64,5623409000001430685,80.00,80.00,0.00,0.00,0.00,0.00,1,5623409000002403048,08-14212-57300,overdue,65.00,0.00,,65.00,-15.00,UNDERBILLED_PARTIAL,Bill total is lower than PO total by 15.00 (partial receive/billing or vendor credit)
26-14187-12833,2026-02-08,UNKNOWN,crescentandhub,5623409000001430614,68.40,68.40,0.00,0.00,0.00,0.00,1,5623409000002400683,26-14187-12833,overdue,62.99,0.00,,62.99,-5.41,UNDERBILLED_PARTIAL,Bill total is lower than PO total by 5.41 (partial receive/billing or vendor credit)
15-14201-60875,2026-02-08,UNKNOWN,nadsf_51,5623409000001430532,73.99,73.99,0.00,0.00,0.00,0.00,1,5623409000002402063,15-14201-60875,overdue,59.99,0.00,,59.99,-14.00,UNDERBILLED_PARTIAL,Bill total is lower than PO total by 14.00 (partial receive/billing or vendor credit)
16-14199-87444,2026-02-08,UNKNOWN,nadsf_51,5623409000001430463,454.99,454.99,0.00,0.00,0.00,0.00,1,5623409000002401392,16-14199-87444,overdue,424.99,0.00,,424.99,-30.00,UNDERBILLED_PARTIAL,Bill total is lower than PO total by 30.00 (partial receive/billing or vendor credit)
60417096,2026-02-08,UNKNOWN,Goodwill,5623409000001430394,36.04,36.04,0.00,0.00,0.00,0.00,1,5623409000002397844,60417096,overdue,19.99,0.00,,19.99,-16.05,UNDERBILLED_PARTIAL,Bill total is lower than PO total by 16.05 (partial receive/billing or vendor credit)
60410997,2026-02-08,UNKNOWN,Goodwill,5623409000001430012,43.05,43.05,0.00,0.00,0.00,0.00,1,5623409000002397869,60410997,overdue,29.99,0.00,,29.99,-13.06,UNDERBILLED_PARTIAL,Bill total is lower than PO total by 13.06 (partial receive/billing or vendor credit)
60410846,2026-02-08,UNKNOWN,Goodwill,5623409000001422994,85.55,85.55,0.00,0.00,0.00,0.00,1,5623409000002402105,60410846,overdue,61.00,0.00,,61.00,-24.55,UNDERBILLED_PARTIAL,Bill total is lower than PO total by 24.55 (partial receive/billing or vendor credit)
60410699,2026-02-08,UNKNOWN,Goodwill,5623409000001422951,87.48,87.48,0.00,0.00,0.00,0.00,1,5623409000002399804,60410699,overdue,55.00,0.00,,55.00,-32.48,UNDERBILLED_PARTIAL,Bill total is lower than PO total by 32.48 (partial receive/billing or vendor credit)
27-14179-96874,2026-02-07,UNKNOWN,chaneyspp,5623409000001422162,23.85,23.85,0.00,0.00,0.00,0.00,1,5623409000002399712,27-14179-96874,overdue,14.00,0.00,,14.00,-9.85,UNDERBILLED_PARTIAL,Bill total is lower than PO total by 9.85 (partial receive/billing or vendor credit)
22-14185-92753,2026-02-06,UNKNOWN,katiep1149,5623409000001412046,84.29,84.29,0.00,0.00,0.00,0.00,1,5623409000002397708,22-14185-92753,overdue,73.00,0.00,,73.00,-11.29,UNDERBILLED_PARTIAL,Bill total is lower than PO total by 11.29 (partial receive/billing or vendor credit)
60370093,2026-02-05,UNKNOWN,Goodwill,5623409000001398731,79.13,79.13,0.00,0.00,0.00,0.00,1,5623409000002400473,60370093,overdue,34.00,0.00,,34.00,-45.13,UNDERBILLED_PARTIAL,Bill total is lower than PO total by 45.13 (partial receive/billing or vendor credit)
60370082,2026-02-05,UNKNOWN,Goodwill,5623409000001398717,25.32,25.32,0.00,0.00,0.00,0.00,1,5623409000002397619,60370082,overdue,15.00,0.00,,15.00,-10.32,UNDERBILLED_PARTIAL,Bill total is lower than PO total by 10.32 (partial receive/billing or vendor credit)
60370022,2026-02-05,UNKNOWN,Goodwill,5623409000001398703,72.99,72.99,0.00,0.00,0.00,0.00,1,5623409000002399538,60370022,overdue,34.55,0.00,,34.55,-38.44,UNDERBILLED_PARTIAL,Bill total is lower than PO total by 38.44 (partial receive/billing or vendor credit)
60370010,2026-02-05,UNKNOWN,Goodwill,5623409000001398679,32.42,32.42,0.00,0.00,0.00,0.00,1,5623409000002400518,60370010,overdue,14.99,0.00,,14.99,-17.43,UNDERBILLED_PARTIAL,Bill total is lower than PO total by 17.43 (partial receive/billing or vendor credit)
60365215,2026-02-05,UNKNOWN,Goodwill,5623409000001398663,533.24,533.24,0.00,0.00,0.00,0.00,1,5623409000002396857,60365215,overdue,492.00,0.00,,492.00,-41.24,UNDERBILLED_PARTIAL,Bill total is lower than PO total by 41.24 (partial receive/billing or vendor credit)
60365128,2026-02-05,UNKNOWN,Goodwill,5623409000001398647,213.48,213.48,0.00,0.00,0.00,0.00,1,5623409000002398869,60365128,overdue,158.00,0.00,,158.00,-55.48,UNDERBILLED_PARTIAL,Bill total is lower than PO total by 55.48 (partial receive/billing or vendor credit)
20-14185-76523,2026-02-06,UNKNOWN,mykbaut0,5623409000001398590,69.98,69.98,0.00,0.00,0.00,0.00,1,5623409000002399674,20-14185-76523,overdue,39.99,0.00,,39.99,-29.99,UNDERBILLED_PARTIAL,Bill total is lower than PO total by 29.99 (partial receive/billing or vendor credit)
60359739,2026-02-05,UNKNOWN,Goodwill of Orange County,5623409000001398370,14.99,14.99,0.00,0.00,0.00,0.00,1,5623409000002422321,60359739,overdue,9.99,0.00,,9.99,-5.00,UNDERBILLED_PARTIAL,Bill total is lower than PO total by 5.00 (partial receive/billing or vendor credit)
22-14180-43871,2026-02-05,UNKNOWN,that_guy_11,5623409000001400075,77.93,77.93,0.00,0.00,0.00,0.00,1,5623409000002398906,22-14180-43871,overdue,69.99,0.00,,69.99,-7.94,UNDERBILLED_PARTIAL,Bill total is lower than PO total by 7.94 (partial receive/billing or vendor credit)
60346729,2026-02-04,UNKNOWN,Goodwill,5623409000001396901,58.71,58.71,0.00,0.00,0.00,0.00,1,5623409000002396764,60346729,overdue,44.61,0.00,,44.61,-14.10,UNDERBILLED_PARTIAL,Bill total is lower than PO total by 14.10 (partial receive/billing or vendor credit)
60346668,2026-02-04,UNKNOWN,Goodwill,5623409000001396887,28.40,28.40,0.00,0.00,0.00,0.00,1,5623409000002401040,60346668,overdue,9.99,0.00,,9.99,-18.41,UNDERBILLED_PARTIAL,Bill total is lower than PO total by 18.41 (partial receive/billing or vendor credit)
60346647,2026-02-04,UNKNOWN,Goodwill,5623409000001396852,331.35,331.35,0.00,0.00,0.00,0.00,1,5623409000002401059,60346647,overdue,281.00,0.00,,281.00,-50.35,UNDERBILLED_PARTIAL,Bill total is lower than PO total by 50.35 (partial receive/billing or vendor credit)
01-14209-41015,2026-02-05,UNKNOWN,sommouang-0,5623409000001396805,68.85,68.85,0.00,0.00,0.00,0.00,1,5623409000002399624,01-14209-41015,overdue,60.00,0.00,,60.00,-8.85,UNDERBILLED_PARTIAL,Bill total is lower than PO total by 8.85 (partial receive/billing or vendor credit)
S216079,2026-02-04,UNKNOWN,"Trans-Consolidated Distributors, Inc.",5623409000001396409,739.52,739.52,0.00,0.00,0.00,0.00,1,5623409000002401078,S216079,overdue,677.96,0.00,,677.96,-61.56,UNDERBILLED_PARTIAL,Bill total is lower than PO total by 61.56 (partial receive/billing or vendor credit)
25-14173-35400,2026-02-04,UNKNOWN,costap-74,5623409000001396289,78.25,78.25,0.00,0.00,0.00,0.00,1,5623409000002401103,25-14173-35400,overdue,50.00,0.00,,50.00,-28.25,UNDERBILLED_PARTIAL,Bill total is lower than PO total by 28.25 (partial receive/billing or vendor credit)
25-14172-68493,2026-02-04,UNKNOWN,babyflipss,5623409000001396082,1110.14,1110.14,0.00,0.00,0.00,0.00,1,5623409000002400442,25-14172-68493,overdue,950.00,0.00,,950.00,-160.14,UNDERBILLED_PARTIAL,Bill total is lower than PO total by 160.14 (partial receive/billing or vendor credit)
17-14183-67607,2026-02-04,UNKNOWN,gargr6463,5623409000001396032,69.04,69.04,0.00,0.00,0.00,0.00,1,5623409000002397561,17-14183-67607,overdue,67.99,0.00,,67.99,-1.05,UNDERBILLED_PARTIAL,Bill total is lower than PO total by 1.05 (partial receive/billing or vendor credit)
60322735,2026-02-03,UNKNOWN,Goodwill,5623409000001390961,762.08,762.08,0.00,0.00,0.00,0.00,1,5623409000002398629,60322735,overdue,667.00,0.00,,667.00,-95.08,UNDERBILLED_PARTIAL,Bill total is lower than PO total by 95.08 (partial receive/billing or vendor credit)
60323508,2026-02-03,UNKNOWN,Goodwill,5623409000001390935,116.29,116.29,0.00,0.00,0.00,0.00,1,5623409000002396621,60323508,overdue,99.00,0.00,,99.00,-17.29,UNDERBILLED_PARTIAL,Bill total is lower than PO total by 17.29 (partial receive/billing or vendor credit)
60316610,2026-02-03,UNKNOWN,Goodwill,5623409000001390369,221.25,221.25,0.00,0.00,0.00,0.00,1,5623409000002396640,60316610,overdue,182.53,0.00,,182.53,-38.72,UNDERBILLED_PARTIAL,Bill total is lower than PO total by 38.72 (partial receive/billing or vendor credit)
m67654645577,2026-02-03,UNKNOWN,MERCARI,5623409000001382394,65.54,65.54,0.00,0.00,0.00,0.00,1,5623409000002396659,m67654645577,overdue,48.49,0.00,,48.49,-17.05,UNDERBILLED_PARTIAL,Bill total is lower than PO total by 17.05 (partial receive/billing or vendor credit)
05-14196-21022,2026-02-03,UNKNOWN,evalueexpo,5623409000001382321,63.95,63.95,0.00,0.00,0.00,0.00,1,5623409000002399407,05-14196-21022,overdue,71.95,0.00,,71.95,8.00,OVERBILLED_LINE_DIFF,Bill total exceeds PO total by 8.00 with 0 bill adjustment (check line item quantities/rates)
07-14192-99904,2026-02-03,UNKNOWN,ebattles,5623409000001382252,61.23,61.23,0.00,0.00,0.00,0.00,1,5623409000002396693,07-14192-99904,overdue,40.00,0.00,,40.00,-21.23,UNDERBILLED_PARTIAL,Bill total is lower than PO total by 21.23 (partial receive/billing or vendor credit)
07-14192-99106,2026-02-03,UNKNOWN,jem_pickers,5623409000001382181,57.05,57.05,0.00,0.00,0.00,0.00,1,5623409000002397509,07-14192-99106,overdue,47.45,0.00,,47.45,-9.60,UNDERBILLED_PARTIAL,Bill total is lower than PO total by 9.60 (partial receive/billing or vendor credit)
27-14164-65158,2026-02-03,UNKNOWN,westend-treasures,5623409000001382017,160.00,160.00,0.00,0.00,0.00,0.00,1,5623409000002396720,27-14164-65158,overdue,140.00,0.00,,140.00,-20.00,UNDERBILLED_PARTIAL,Bill total is lower than PO total by 20.00 (partial receive/billing or vendor credit)
60301035,2026-02-03,UNKNOWN,Goodwill,5623409000001370212,56.85,56.85,0.00,0.00,0.00,0.00,1,5623409000002400394,60301035,overdue,36.00,0.00,,36.00,-20.85,UNDERBILLED_PARTIAL,Bill total is lower than PO total by 20.85 (partial receive/billing or vendor credit)
60295685,2026-02-02,UNKNOWN,Goodwill,5623409000001362074,184.90,184.90,0.00,0.00,0.00,0.00,1,5623409000002398331,60295685,overdue,137.00,0.00,,137.00,-47.90,UNDERBILLED_PARTIAL,Bill total is lower than PO total by 47.90 (partial receive/billing or vendor credit)
60293991,2026-02-02,UNKNOWN,Goodwill,5623409000001362036,226.11,226.11,0.00,0.00,0.00,0.00,1,5623409000002398409,60293991,overdue,157.00,0.00,,157.00,-69.11,UNDERBILLED_PARTIAL,Bill total is lower than PO total by 69.11 (partial receive/billing or vendor credit)
60293855,2026-02-02,UNKNOWN,Goodwill,5623409000001362018,160.68,160.68,0.00,0.00,0.00,0.00,1,5623409000002398486,60293855,overdue,130.00,0.00,,130.00,-30.68,UNDERBILLED_PARTIAL,Bill total is lower than PO total by 30.68 (partial receive/billing or vendor credit)
60293377,2026-02-02,UNKNOWN,Goodwill,5623409000001355000,119.80,119.80,0.00,0.00,0.00,0.00,1,5623409000002395721,60293377,overdue,90.00,0.00,,90.00,-29.80,UNDERBILLED_PARTIAL,Bill total is lower than PO total by 29.80 (partial receive/billing or vendor credit)
60293255,2026-02-02,UNKNOWN,Goodwill,5623409000001354973,124.02,124.02,0.00,0.00,0.00,0.00,1,5623409000002398517,60293255,overdue,101.00,0.00,,101.00,-23.02,UNDERBILLED_PARTIAL,Bill total is lower than PO total by 23.02 (partial receive/billing or vendor credit)
25-14164-43759,2026-02-02,UNKNOWN,backontracktrains,5623409000001354872,80.16,80.16,0.00,0.00,0.00,0.00,1,5623409000002396389,25-14164-43759,overdue,56.00,0.00,,56.00,-24.16,UNDERBILLED_PARTIAL,Bill total is lower than PO total by 24.16 (partial receive/billing or vendor credit)
09-14186-43097,2026-02-02,UNKNOWN,eddybeto,5623409000001354715,61.35,61.35,0.00,0.00,0.00,0.00,1,5623409000002397329,09-14186-43097,overdue,38.00,0.00,,38.00,-23.35,UNDERBILLED_PARTIAL,Bill total is lower than PO total by 23.35 (partial receive/billing or vendor credit)
11-14182-88020,2026-02-02,UNKNOWN,details_and_more,5623409000001354524,39.25,39.25,0.00,0.00,0.00,0.00,1,5623409000002398557,11-14182-88020,overdue,33.75,0.00,,33.75,-5.50,UNDERBILLED_PARTIAL,Bill total is lower than PO total by 5.50 (partial receive/billing or vendor credit)
22-14167-28874,2026-02-02,UNKNOWN,thinkpan,5623409000001354455,62.34,62.34,0.00,0.00,0.00,0.00,1,5623409000002397352,22-14167-28874,overdue,70.14,0.00,,70.14,7.80,OVERBILLED_LINE_DIFF,Bill total exceeds PO total by 7.80 with 0 bill adjustment (check line item quantities/rates)
15-14176-85142,2026-02-02,UNKNOWN,themetropopshop,5623409000001354376,85.26,85.26,0.00,0.00,0.00,0.00,1,5623409000002399268,15-14176-85142,overdue,76.00,0.00,,76.00,-9.26,UNDERBILLED_PARTIAL,Bill total is lower than PO total by 9.26 (partial receive/billing or vendor credit)
27-14159-83966,2026-02-02,UNKNOWN,slickpickin77,5623409000001354296,54.91,54.91,0.00,0.00,0.00,0.00,1,5623409000002398577,27-14159-83966,overdue,39.96,0.00,,39.96,-14.95,UNDERBILLED_PARTIAL,Bill total is lower than PO total by 14.95 (partial receive/billing or vendor credit)
04-14192-33271,2026-02-02,UNKNOWN,electrotes01,5623409000001354227,60.00,60.00,0.00,0.00,0.00,0.00,1,5623409000002396497,04-14192-33271,overdue,40.00,0.00,,40.00,-20.00,UNDERBILLED_PARTIAL,Bill total is lower than PO total by 20.00 (partial receive/billing or vendor credit)
01-14196-99578,2026-02-02,UNKNOWN,ericanddanielle,5623409000001354069,405.00,405.00,0.00,0.00,0.00,0.00,1,5623409000002397392,01-14196-99578,overdue,375.00,0.00,,375.00,-30.00,UNDERBILLED_PARTIAL,Bill total is lower than PO total by 30.00 (partial receive/billing or vendor credit)
60280679,2026-02-02,UNKNOWN,Goodwill,5623409000001360211,42.60,42.60,0.00,0.00,0.00,0.00,1,5623409000002398604,60280679,overdue,14.98,0.00,,14.98,-27.62,UNDERBILLED_PARTIAL,Bill total is lower than PO total by 27.62 (partial receive/billing or vendor credit)
60280696,2026-02-02,UNKNOWN,Goodwill,5623409000001360182,42.60,42.60,0.00,0.00,0.00,0.00,1,5623409000002400235,60280696,overdue,14.98,0.00,,14.98,-27.62,UNDERBILLED_PARTIAL,Bill total is lower than PO total by 27.62 (partial receive/billing or vendor credit)
60280601,2026-02-02,UNKNOWN,Goodwill,5623409000001360137,39.37,39.37,0.00,0.00,0.00,0.00,1,5623409000002395826,60280601,overdue,23.22,0.00,,23.22,-16.15,UNDERBILLED_PARTIAL,Bill total is lower than PO total by 16.15 (partial receive/billing or vendor credit)
8208216819568387,2026-02-01,UNKNOWN,Wisdom Interest Store,5623409000001360058,4.54,4.54,0.00,0.00,0.00,0.00,1,5623409000002399183,8208216819568387,overdue,4.19,0.00,,4.19,-0.35,UNDERBILLED_PARTIAL,Bill total is lower than PO total by 0.35 (partial receive/billing or vendor credit)
8208216819548387,2026-02-01,UNKNOWN,Shop1103839682 Store,5623409000001355992,7.48,7.48,0.00,0.00,0.00,0.00,1,5623409000002395673,8208216819548387,overdue,6.79,0.00,,6.79,-0.69,UNDERBILLED_PARTIAL,Bill total is lower than PO total by 0.69 (partial receive/billing or vendor credit)
8208216819508387,2026-02-01,UNKNOWN,YISONIC Store,5623409000001355926,8.23,8.23,0.00,0.00,0.00,0.00,1,5623409000002395641,8208216819508387,overdue,7.59,0.00,,7.59,-0.64,UNDERBILLED_PARTIAL,Bill total is lower than PO total by 0.64 (partial receive/billing or vendor credit)
8208216819528387,2026-02-01,UNKNOWN,Global-Health-Care Store,5623409000001355860,7.44,7.44,0.00,0.00,0.00,0.00,1,5623409000002400048,8208216819528387,overdue,6.78,0.00,,6.78,-0.66,UNDERBILLED_PARTIAL,Bill total is lower than PO total by 0.66 (partial receive/billing or vendor credit)
10-14181-68726,2026-02-02,UNKNOWN,kicking_rad,5623409000001355655,371.78,371.78,0.00,0.00,0.00,0.00,1,5623409000002396558,10-14181-68726,overdue,349.95,0.00,,349.95,-21.83,UNDERBILLED_PARTIAL,Bill total is lower than PO total by 21.83 (partial receive/billing or vendor credit)
13-14175-98471,2026-02-01,UNKNOWN,declanforrester,5623409000001355572,320.00,320.00,0.00,0.00,0.00,0.00,1,5623409000002398206,13-14175-98471,overdue,257.32,0.00,,257.32,-62.68,UNDERBILLED_PARTIAL,Bill total is lower than PO total by 62.68 (partial receive/billing or vendor credit)
24-14174-33280,2026-02-01,UNKNOWN,davtur_69,5623409000001355434,165.53,165.53,0.00,0.00,0.00,0.00,1,5623409000002399111,24-14174-33280,overdue,149.00,0.00,,149.00,-16.53,UNDERBILLED_PARTIAL,Bill total is lower than PO total by 16.53 (partial receive/billing or vendor credit)
8208216819488387,2026-02-01,UNKNOWN,Futo Tech Store,5623409000001355267,7.95,7.95,0.00,0.00,0.00,0.00,1,5623409000002400014,8208216819488387,overdue,7.19,0.00,,7.19,-0.76,UNDERBILLED_PARTIAL,Bill total is lower than PO total by 0.76 (partial receive/billing or vendor credit)
08-14181-10792,2026-02-01,UNKNOWN,casper9253,5623409000001355185,43.84,43.84,0.00,0.00,0.00,0.00,1,5623409000002395547,08-14181-10792,overdue,39.87,0.00,,39.87,-3.97,UNDERBILLED_PARTIAL,Bill total is lower than PO total by 3.97 (partial receive/billing or vendor credit)
24-14173-34897,2026-02-01,UNKNOWN,desert_resale,5623409000001355116,71.95,71.95,0.00,0.00,0.00,0.00,1,5623409000002397144,24-14173-34897,overdue,64.95,0.00,,64.95,-7.00,UNDERBILLED_PARTIAL,Bill total is lower than PO total by 7.00 (partial receive/billing or vendor credit)
03-14188-02254,2026-02-01,UNKNOWN,sandy11230,5623409000001355036,138.31,138.31,0.00,0.00,0.00,0.00,1,5623409000002393871,03-14188-02254,overdue,120.00,0.00,,120.00,-18.31,UNDERBILLED_PARTIAL,Bill total is lower than PO total by 18.31 (partial receive/billing or vendor credit)
TK8191,2026-02-01,UNKNOWN,Douglas Morgan,5623409000001350636,0.00,0.00,0.00,0.00,0.00,0.00,0,,,UNBILLED,0.00,0.00,,0.00,0.00,UNBILLED,PO has no linked bills in Zoho
22-14159-28998,2026-01-31,UNKNOWN,jamtennis2014,5623409000001350567,120.00,120.00,0.00,0.00,0.00,0.00,0,,,UNBILLED,0.00,0.00,,0.00,0.00,UNBILLED,PO has no linked bills in Zoho
01-14189-11072,2026-01-31,UNKNOWN,sroll74,5623409000001350466,545.00,545.00,0.00,0.00,0.00,0.00,1,5623409000002391979,01-14189-11072,overdue,450.00,0.00,,450.00,-95.00,UNDERBILLED_PARTIAL,Bill total is lower than PO total by 95.00 (partial receive/billing or vendor credit)
17-14164-83655,2026-01-31,UNKNOWN,ranger180c,5623409000001350279,563.20,563.20,0.00,0.00,0.00,0.00,1,5623409000002398008,17-14164-83655,overdue,549.95,0.00,,549.95,-13.25,UNDERBILLED_PARTIAL,Bill total is lower than PO total by 13.25 (partial receive/billing or vendor credit)
60263903,2026-02-01,UNKNOWN,Goodwill,5623409000001347923,84.04,84.04,0.00,0.00,0.00,0.00,1,5623409000002398252,60263903,overdue,77.99,0.00,,77.99,-6.05,UNDERBILLED_PARTIAL,Bill total is lower than PO total by 6.05 (partial receive/billing or vendor credit)
60263897,2026-02-01,UNKNOWN,Goodwill,5623409000001347909,47.69,47.69,0.00,0.00,0.00,0.00,1,5623409000002393902,60263897,overdue,31.00,0.00,,31.00,-16.69,UNDERBILLED_PARTIAL,Bill total is lower than PO total by 16.69 (partial receive/billing or vendor credit)
60280632,2026-02-02,UNKNOWN,Goodwill of Orange County,5623409000001347895,93.00,93.00,0.00,0.00,0.00,0.00,1,5623409000002422290,60280632,overdue,88.00,0.00,,88.00,-5.00,UNDERBILLED_PARTIAL,Bill total is lower than PO total by 5.00 (partial receive/billing or vendor credit)
60263814,2026-02-01,UNKNOWN,Goodwill,5623409000001347877,360.97,360.97,0.00,0.00,0.00,0.00,1,5623409000002396261,60263814,overdue,335.00,0.00,,335.00,-25.97,UNDERBILLED_PARTIAL,Bill total is lower than PO total by 25.97 (partial receive/billing or vendor credit)
60263807,2026-02-01,UNKNOWN,Goodwill,5623409000001347476,35.78,35.78,0.00,0.00,0.00,0.00,1,5623409000002393946,60263807,overdue,19.99,0.00,,19.99,-15.79,UNDERBILLED_PARTIAL,Bill total is lower than PO total by 15.79 (partial receive/billing or vendor credit)
60263802,2026-02-01,UNKNOWN,Goodwill,5623409000001347462,50.07,50.07,0.00,0.00,0.00,0.00,1,5623409000002398279,60263802,overdue,19.99,0.00,,19.99,-30.08,UNDERBILLED_PARTIAL,Bill total is lower than PO total by 30.08 (partial receive/billing or vendor credit)
60263797,2026-02-01,UNKNOWN,Goodwill,5623409000001347448,50.07,50.07,0.00,0.00,0.00,0.00,1,5623409000002393969,60263797,overdue,19.99,0.00,,19.99,-30.08,UNDERBILLED_PARTIAL,Bill total is lower than PO total by 30.08 (partial receive/billing or vendor credit)
60263789,2026-02-01,UNKNOWN,Goodwill,5623409000001347434,28.96,28.96,0.00,0.00,0.00,0.00,1,5623409000002397198,60263789,overdue,12.12,0.00,,12.12,-16.84,UNDERBILLED_PARTIAL,Bill total is lower than PO total by 16.84 (partial receive/billing or vendor credit)
60254610,2026-01-31,UNKNOWN,Goodwill of Orange County,5623409000001347379,15.75,15.75,0.00,0.00,0.00,0.00,1,5623409000002416537,60254610,overdue,13.25,0.00,,13.25,-2.50,UNDERBILLED_PARTIAL,Bill total is lower than PO total by 2.50 (partial receive/billing or vendor credit)
60290793,2026-02-02,UNKNOWN,Goodwill,5623409000001343791,28.40,28.40,0.00,0.00,0.00,0.00,1,5623409000002399352,60290793,overdue,9.99,0.00,,9.99,-18.41,UNDERBILLED_PARTIAL,Bill total is lower than PO total by 18.41 (partial receive/billing or vendor credit)
60250641,2026-01-31,UNKNOWN,Goodwill,5623409000001343777,40.97,40.97,0.00,0.00,0.00,0.00,1,5623409000002394968,60250641,overdue,22.01,0.00,,22.01,-18.96,UNDERBILLED_PARTIAL,Bill total is lower than PO total by 18.96 (partial receive/billing or vendor credit)
60250577,2026-01-31,UNKNOWN,Goodwill,5623409000001343763,40.86,40.86,0.00,0.00,0.00,0.00,1,5623409000002394987,60250577,overdue,26.00,0.00,,26.00,-14.86,UNDERBILLED_PARTIAL,Bill total is lower than PO total by 14.86 (partial receive/billing or vendor credit)
60250370,2026-01-31,UNKNOWN,Goodwill,5623409000001343733,30.86,30.86,0.00,0.00,0.00,0.00,1,5623409000002398050,60250370,overdue,18.95,0.00,,18.95,-11.91,UNDERBILLED_PARTIAL,Bill total is lower than PO total by 11.91 (partial receive/billing or vendor credit)
60250339,2026-01-31,UNKNOWN,Goodwill,5623409000001343657,50.03,50.03,0.00,0.00,0.00,0.00,1,5623409000002754472,60250339,overdue,19.95,30.08,Shipping Fee + Tax + Handling Fee,50.03,0.00,MATCH_WITH_ADJ,"Bill total matches PO total, but has adjustment=30.08"
20-14160-36352,2026-01-31,UNKNOWN,bohcheh0,5623409000001343515,85.00,85.00,0.00,0.00,0.00,0.00,1,5623409000002395378,20-14160-36352,overdue,71.17,0.00,,71.17,-13.83,UNDERBILLED_PARTIAL,Bill total is lower than PO total by 13.83 (partial receive/billing or vendor credit)
05-14181-97098,2026-01-31,UNKNOWN,eghatch909,5623409000001343413,85.00,85.00,0.00,0.00,0.00,0.00,1,5623409000002398079,05-14181-97098,overdue,70.00,0.00,,70.00,-15.00,UNDERBILLED_PARTIAL,Bill total is lower than PO total by 15.00 (partial receive/billing or vendor credit)
15-14165-36762,2026-01-31,UNKNOWN,bhi7636,5623409000001343277,84.50,84.50,0.00,0.00,0.00,0.00,1,5623409000002398113,15-14165-36762,overdue,65.00,0.00,,65.00,-19.50,UNDERBILLED_PARTIAL,Bill total is lower than PO total by 19.50 (partial receive/billing or vendor credit)
17-14162-48337,2026-01-31,UNKNOWN,joshvs,5623409000001343141,49.44,49.44,0.00,0.00,0.00,0.00,1,5623409000002398151,17-14162-48337,overdue,41.00,0.00,,41.00,-8.44,UNDERBILLED_PARTIAL,Bill total is lower than PO total by 8.44 (partial receive/billing or vendor credit)
23-14154-10634,2026-01-31,UNKNOWN,fortwaynesgw,5623409000001343070,51.62,51.62,0.00,0.00,0.00,0.00,1,5623409000002399076,23-14154-10634,overdue,42.49,0.00,,42.49,-9.13,UNDERBILLED_PARTIAL,Bill total is lower than PO total by 9.13 (partial receive/billing or vendor credit)
14-14166-84632,2026-01-31,UNKNOWN,hector.0617,5623409000001343015,82.56,82.56,0.00,0.00,0.00,0.00,1,5623409000002397106,14-14166-84632,overdue,69.99,0.00,,69.99,-12.57,UNDERBILLED_PARTIAL,Bill total is lower than PO total by 12.57 (partial receive/billing or vendor credit)
11-14168-78018,2026-01-30,UNKNOWN,sunshine_flippers,5623409000001338459,85.85,85.85,0.00,0.00,0.00,0.00,1,5623409000002396130,11-14168-78018,overdue,70.00,0.00,,70.00,-15.85,UNDERBILLED_PARTIAL,Bill total is lower than PO total by 15.85 (partial receive/billing or vendor credit)
20-14155-96936,2026-01-30,UNKNOWN,anjulia,5623409000001338390,84.78,84.78,0.00,0.00,0.00,0.00,1,5623409000002397016,20-14155-96936,overdue,71.79,0.00,,71.79,-12.99,UNDERBILLED_PARTIAL,Bill total is lower than PO total by 12.99 (partial receive/billing or vendor credit)
01-14183-47142,2026-01-30,UNKNOWN,melvic42,5623409000001338321,31.99,31.99,0.00,0.00,0.00,0.00,1,5623409000002395331,01-14183-47142,overdue,24.00,0.00,,24.00,-7.99,UNDERBILLED_PARTIAL,Bill total is lower than PO total by 7.99 (partial receive/billing or vendor credit)
19-14157-49271,2026-01-30,UNKNOWN,greatproducts27,5623409000001338266,64.92,64.92,0.00,0.00,0.00,0.00,1,5623409000002396153,19-14157-49271,overdue,49.99,0.00,,49.99,-14.93,UNDERBILLED_PARTIAL,Bill total is lower than PO total by 14.93 (partial receive/billing or vendor credit)
06-14174-90659,2026-01-30,UNKNOWN,miltonbose12,5623409000001322016,436.90,436.90,0.00,0.00,0.00,0.00,1,5623409000002394924,06-14174-90659,overdue,380.00,0.00,,380.00,-56.90,UNDERBILLED_PARTIAL,Bill total is lower than PO total by 56.90 (partial receive/billing or vendor credit)
04-14177-21412,2026-01-30,UNKNOWN,dvnprt,5623409000001318363,16.98,16.98,0.00,0.00,0.00,0.00,0,,,UNBILLED,0.00,0.00,,0.00,0.00,UNBILLED,PO has no linked bills in Zoho
60221946,2026-01-29,UNKNOWN,Goodwill,5623409000001318104,295.11,295.11,0.00,0.00,0.00,0.00,1,5623409000002395175,60221946,overdue,257.00,0.00,,257.00,-38.11,UNDERBILLED_PARTIAL,Bill total is lower than PO total by 38.11 (partial receive/billing or vendor credit)
60212808,2026-01-29,UNKNOWN,Goodwill of Orange County,5623409000001318005,121.50,121.50,0.00,0.00,0.00,0.00,1,5623409000002423045,60212808,overdue,114.00,0.00,,114.00,-7.50,UNDERBILLED_PARTIAL,Bill total is lower than PO total by 7.50 (partial receive/billing or vendor credit)
24-14162-41415,2026-01-29,UNKNOWN,tornadofist,5623409000001314747,85.75,85.75,0.00,0.00,0.00,0.00,1,5623409000002394699,24-14162-41415,overdue,60.00,0.00,,60.00,-25.75,UNDERBILLED_PARTIAL,Bill total is lower than PO total by 25.75 (partial receive/billing or vendor credit)
16-14158-34954,2026-01-29,UNKNOWN,alexguinevere,5623409000001314511,84.92,84.92,0.00,0.00,0.00,0.00,1,5623409000002389989,16-14158-34954,overdue,68.00,0.00,,68.00,-16.92,UNDERBILLED_PARTIAL,Bill total is lower than PO total by 16.92 (partial receive/billing or vendor credit)
25-14145-18540,2026-01-29,UNKNOWN,upuc4513,5623409000001314376,57.24,57.24,0.00,0.00,0.00,0.00,1,5623409000002396029,25-14145-18540,overdue,29.00,0.00,,29.00,-28.24,UNDERBILLED_PARTIAL,Bill total is lower than PO total by 28.24 (partial receive/billing or vendor credit)
22-14149-13326,2026-01-29,UNKNOWN,paywe_6199,5623409000001314285,86.00,86.00,0.00,0.00,0.00,0.00,1,5623409000002393663,22-14149-13326,overdue,76.00,0.00,,76.00,-10.00,UNDERBILLED_PARTIAL,Bill total is lower than PO total by 10.00 (partial receive/billing or vendor credit)
05-14173-35418,2026-01-29,UNKNOWN,juto,5623409000001314208,85.45,85.45,0.00,0.00,0.00,0.00,1,5623409000002393682,05-14173-35418,overdue,72.50,0.00,,72.50,-12.95,UNDERBILLED_PARTIAL,Bill total is lower than PO total by 12.95 (partial receive/billing or vendor credit)
01-14179-03480,2026-01-29,UNKNOWN,tech-world43228,5623409000001314139,51.99,51.99,0.00,0.00,0.00,0.00,1,5623409000002394780,01-14179-03480,overdue,58.49,0.00,,58.49,6.50,OVERBILLED_LINE_DIFF,Bill total exceeds PO total by 6.50 with 0 bill adjustment (check line item quantities/rates)
05-14173-36584,2026-01-29,UNKNOWN,gem_state,5623409000001314084,82.58,82.58,0.00,0.00,0.00,0.00,1,5623409000002392951,05-14173-36584,overdue,72.25,0.00,,72.25,-10.33,UNDERBILLED_PARTIAL,Bill total is lower than PO total by 10.33 (partial receive/billing or vendor credit)
01-14179-03778,2026-01-29,UNKNOWN,tech-world43228,5623409000001314007,71.99,71.99,0.00,0.00,0.00,0.00,1,5623409000002395263,01-14179-03778,overdue,80.99,0.00,,80.99,9.00,OVERBILLED_LINE_DIFF,Bill total exceeds PO total by 9.00 with 0 bill adjustment (check line item quantities/rates)
12-14161-66945,2026-01-29,UNKNOWN,blackdiamond.ent.inc,5623409000001304179,81.99,81.99,0.00,0.00,0.00,0.00,1,5623409000002393701,12-14161-66945,overdue,69.99,0.00,,69.99,-12.00,UNDERBILLED_PARTIAL,Bill total is lower than PO total by 12.00 (partial receive/billing or vendor credit)
17-14153-74693,2026-01-29,UNKNOWN,trash-2-treasures99,5623409000001304113,83.75,83.75,0.00,0.00,0.00,0.00,1,5623409000002396052,17-14153-74693,overdue,62.99,0.00,,62.99,-20.76,UNDERBILLED_PARTIAL,Bill total is lower than PO total by 20.76 (partial receive/billing or vendor credit)
60196982,2026-01-28,UNKNOWN,Goodwill,5623409000001303881,37.32,37.32,0.00,0.00,0.00,0.00,1,5623409000002389784,60196982,overdue,24.95,0.00,,24.95,-12.37,UNDERBILLED_PARTIAL,Bill total is lower than PO total by 12.37 (partial receive/billing or vendor credit)
60196969,2026-01-28,UNKNOWN,Goodwill,5623409000001303855,38.97,38.97,0.00,0.00,0.00,0.00,1,5623409000002391836,60196969,overdue,19.99,0.00,,19.99,-18.98,UNDERBILLED_PARTIAL,Bill total is lower than PO total by 18.98 (partial receive/billing or vendor credit)
60196926,2026-01-28,UNKNOWN,Goodwill,5623409000001303819,34.98,34.98,0.00,0.00,0.00,0.00,1,5623409000002394441,60196926,overdue,20.00,0.00,,20.00,-14.98,UNDERBILLED_PARTIAL,Bill total is lower than PO total by 14.98 (partial receive/billing or vendor credit)
60196891,2026-01-28,UNKNOWN,Goodwill,5623409000001303805,336.90,336.90,0.00,0.00,0.00,0.00,1,5623409000002394475,60196891,overdue,299.00,0.00,,299.00,-37.90,UNDERBILLED_PARTIAL,Bill total is lower than PO total by 37.90 (partial receive/billing or vendor credit)
60196856,2026-01-28,UNKNOWN,Goodwill,5623409000001303771,170.25,170.25,0.00,0.00,0.00,0.00,1,5623409000002389833,60196856,overdue,134.00,0.00,,134.00,-36.25,UNDERBILLED_PARTIAL,Bill total is lower than PO total by 36.25 (partial receive/billing or vendor credit)
60196814,2026-01-28,UNKNOWN,Goodwill,5623409000001303749,65.25,65.25,0.00,0.00,0.00,0.00,1,5623409000002389864,60196814,overdue,40.00,0.00,,40.00,-25.25,UNDERBILLED_PARTIAL,Bill total is lower than PO total by 25.25 (partial receive/billing or vendor credit)
60189901,2026-01-28,UNKNOWN,Goodwill,5623409000001303344,179.15,179.15,0.00,0.00,0.00,0.00,1,5623409000002394546,60189901,overdue,128.00,0.00,,128.00,-51.15,UNDERBILLED_PARTIAL,Bill total is lower than PO total by 51.15 (partial receive/billing or vendor credit)
60189930,2026-01-28,UNKNOWN,Goodwill,5623409000001303247,34.41,34.41,0.00,0.00,0.00,0.00,1,5623409000002393473,60189930,overdue,19.25,0.00,,19.25,-15.16,UNDERBILLED_PARTIAL,Bill total is lower than PO total by 15.16 (partial receive/billing or vendor credit)
60188629,2026-01-28,UNKNOWN,Goodwill,5623409000001303134,1161.93,1161.93,0.00,0.00,0.00,0.00,1,5623409000002395099,60188629,overdue,1027.00,0.00,,1027.00,-134.93,UNDERBILLED_PARTIAL,Bill total is lower than PO total by 134.93 (partial receive/billing or vendor credit)
LCPU-122625,2025-12-26,UNKNOWN,local pickup,5623409000001302589,250.00,250.00,0.00,0.00,0.00,0.00,0,,,UNBILLED,0.00,0.00,,0.00,0.00,UNBILLED,PO has no linked bills in Zoho
m71769293177,2026-01-28,UNKNOWN,MERCARI,5623409000001296558,609.70,609.70,0.00,0.00,0.00,0.00,1,5623409000002392798,m71769293177,overdue,495.00,0.00,,495.00,-114.70,UNDERBILLED_PARTIAL,Bill total is lower than PO total by 114.70 (partial receive/billing or vendor credit)
18-14151-42601,2026-01-28,UNKNOWN,soldbyskylar,5623409000001296470,55.30,55.30,0.00,0.00,0.00,0.00,1,5623409000002391874,18-14151-42601,overdue,50.00,0.00,,50.00,-5.30,UNDERBILLED_PARTIAL,Bill total is lower than PO total by 5.30 (partial receive/billing or vendor credit)
14-14156-61640,2026-01-28,UNKNOWN,teqfury,5623409000001296200,53.75,53.75,0.00,0.00,0.00,0.00,1,5623409000002389909,14-14156-61640,overdue,45.00,0.00,,45.00,-8.75,UNDERBILLED_PARTIAL,Bill total is lower than PO total by 8.75 (partial receive/billing or vendor credit)
12-14159-15143,2026-01-28,UNKNOWN,kwmstuf,5623409000001296117,399.00,399.00,0.00,0.00,0.00,0.00,1,5623409000002393554,12-14159-15143,overdue,355.00,0.00,,355.00,-44.00,UNDERBILLED_PARTIAL,Bill total is lower than PO total by 44.00 (partial receive/billing or vendor credit)
07-14165-62283,2026-01-28,UNKNOWN,deekevmattmeg,5623409000001296023,604.00,604.00,0.00,0.00,0.00,0.00,1,5623409000002394680,07-14165-62283,overdue,535.00,0.00,,535.00,-69.00,UNDERBILLED_PARTIAL,Bill total is lower than PO total by 69.00 (partial receive/billing or vendor credit)
60171292,2026-01-27,UNKNOWN,Goodwill,5623409000001276741,40.80,40.80,0.00,0.00,0.00,0.00,1,5623409000002394200,60171292,overdue,24.99,0.00,,24.99,-15.81,UNDERBILLED_PARTIAL,Bill total is lower than PO total by 15.81 (partial receive/billing or vendor credit)
60171221,2026-01-27,UNKNOWN,Goodwill,5623409000001276725,33.07,33.07,0.00,0.00,0.00,0.00,1,5623409000002394219,60171221,overdue,8.99,0.00,,8.99,-24.08,UNDERBILLED_PARTIAL,Bill total is lower than PO total by 24.08 (partial receive/billing or vendor credit)
60169772,2026-01-27,UNKNOWN,Goodwill,5623409000001276690,36.48,36.48,0.00,0.00,0.00,0.00,1,5623409000002392507,60169772,overdue,17.00,0.00,,17.00,-19.48,UNDERBILLED_PARTIAL,Bill total is lower than PO total by 19.48 (partial receive/billing or vendor credit)
60169143,2026-01-27,UNKNOWN,Goodwill of Orange County,5623409000001276676,16.50,16.50,0.00,0.00,0.00,0.00,1,5623409000002422030,60169143,paid,14.00,2.50,Shipping Fee + Tax + Handling Fee,16.50,0.00,MATCH_WITH_ADJ,"Bill total matches PO total, but has adjustment=2.50"
60157979,2026-01-27,UNKNOWN,Goodwill,5623409000001276434,360.53,360.53,0.00,0.00,0.00,0.00,1,5623409000002392541,60157979,overdue,307.00,0.00,,307.00,-53.53,UNDERBILLED_PARTIAL,Bill total is lower than PO total by 53.53 (partial receive/billing or vendor credit)
60163411,2026-01-27,UNKNOWN,Goodwill,5623409000001276412,44.19,44.19,0.00,0.00,0.00,0.00,1,5623409000002390922,60163411,overdue,26.00,0.00,,26.00,-18.19,UNDERBILLED_PARTIAL,Bill total is lower than PO total by 18.19 (partial receive/billing or vendor credit)
60163263,2026-01-27,UNKNOWN,Goodwill,5623409000001276385,32.23,32.23,0.00,0.00,0.00,0.00,1,5623409000002390947,60163263,overdue,14.99,0.00,,14.99,-17.24,UNDERBILLED_PARTIAL,Bill total is lower than PO total by 17.24 (partial receive/billing or vendor credit)
60157713,2026-01-27,UNKNOWN,Goodwill of Orange County,5623409000001276170,39.00,39.00,0.00,0.00,0.00,0.00,1,5623409000002418037,60157713,paid,34.00,5.00,Shipping Fee + Tax + Handling Fee,39.00,0.00,MATCH_WITH_ADJ,"Bill total matches PO total, but has adjustment=5.00"
60162486,2026-01-27,UNKNOWN,Goodwill,5623409000001276156,35.78,35.78,0.00,0.00,0.00,0.00,1,5623409000002393283,60162486,overdue,19.99,0.00,,19.99,-15.79,UNDERBILLED_PARTIAL,Bill total is lower than PO total by 15.79 (partial receive/billing or vendor credit)
60162249,2026-01-27,UNKNOWN,Goodwill,5623409000001276142,155.90,155.90,0.00,0.00,0.00,0.00,1,5623409000002391642,60162249,overdue,107.99,0.00,,107.99,-47.91,UNDERBILLED_PARTIAL,Bill total is lower than PO total by 47.91 (partial receive/billing or vendor credit)
03-14168-30831,2026-01-27,UNKNOWN,elcycle,5623409000001276036,169.98,169.98,0.00,0.00,0.00,0.00,1,5623409000002392579,03-14168-30831,overdue,149.99,0.00,,149.99,-19.99,UNDERBILLED_PARTIAL,Bill total is lower than PO total by 19.99 (partial receive/billing or vendor credit)
12-14155-24378,2026-01-27,UNKNOWN,izzystreasureschest,5623409000001273967,84.05,84.05,0.00,0.00,0.00,0.00,1,5623409000002391682,12-14155-24378,overdue,72.00,0.00,,72.00,-12.05,UNDERBILLED_PARTIAL,Bill total is lower than PO total by 12.05 (partial receive/billing or vendor credit)
11-14156-17027,2026-01-27,UNKNOWN,97devin,5623409000001273718,68.85,68.85,0.00,0.00,0.00,0.00,1,5623409000002391701,11-14156-17027,overdue,50.00,0.00,,50.00,-18.85,UNDERBILLED_PARTIAL,Bill total is lower than PO total by 18.85 (partial receive/billing or vendor credit)
15-14150-47454,2026-01-27,UNKNOWN,mpmf32,5623409000001273649,91.27,91.27,0.00,0.00,0.00,0.00,1,5623409000002391741,15-14150-47454,overdue,64.99,0.00,,64.99,-26.28,UNDERBILLED_PARTIAL,Bill total is lower than PO total by 26.28 (partial receive/billing or vendor credit)
07-14161-96964,2026-01-27,UNKNOWN,august.nine,5623409000001273580,89.89,89.89,0.00,0.00,0.00,0.00,1,5623409000002392623,07-14161-96964,overdue,69.99,0.00,,69.99,-19.90,UNDERBILLED_PARTIAL,Bill total is lower than PO total by 19.90 (partial receive/billing or vendor credit)
20-14143-38977,2026-01-27,UNKNOWN,cncplus,5623409000001273531,71.88,71.88,0.00,0.00,0.00,0.00,1,5623409000002391768,20-14143-38977,overdue,49.99,0.00,,49.99,-21.89,UNDERBILLED_PARTIAL,Bill total is lower than PO total by 21.89 (partial receive/billing or vendor credit)
20-14143-35816,2026-01-27,UNKNOWN,eshangoods,5623409000001273357,103.94,103.94,0.00,0.00,0.00,0.00,1,5623409000002394307,20-14143-35816,overdue,95.99,0.00,,95.99,-7.95,UNDERBILLED_PARTIAL,Bill total is lower than PO total by 7.95 (partial receive/billing or vendor credit)
03-14167-34697,2026-01-27,UNKNOWN,goodwillvsb,5623409000001273274,379.56,379.56,0.00,0.00,0.00,0.00,1,5623409000002394326,03-14167-34697,overdue,359.99,0.00,,359.99,-19.57,UNDERBILLED_PARTIAL,Bill total is lower than PO total by 19.57 (partial receive/billing or vendor credit)
02-14168-99518,2026-01-27,UNKNOWN,aybaral_84,5623409000001273207,85.39,85.39,0.00,0.00,0.00,0.00,1,5623409000002389734,02-14168-99518,overdue,80.00,0.00,,80.00,-5.39,UNDERBILLED_PARTIAL,Bill total is lower than PO total by 5.39 (partial receive/billing or vendor credit)
17-14146-89602,2026-01-27,UNKNOWN,itsvintage88,5623409000001273092,84.95,84.95,0.00,0.00,0.00,0.00,1,5623409000002393363,17-14146-89602,overdue,72.00,0.00,,72.00,-12.95,UNDERBILLED_PARTIAL,Bill total is lower than PO total by 12.95 (partial receive/billing or vendor credit)
60147198,2026-01-27,UNKNOWN,Goodwill,5623409000001271229,138.94,138.94,0.00,0.00,0.00,0.00,1,5623409000002393403,60147198,overdue,111.00,0.00,,111.00,-27.94,UNDERBILLED_PARTIAL,Bill total is lower than PO total by 27.94 (partial receive/billing or vendor credit)
60147185,2026-01-27,UNKNOWN,Goodwill,5623409000001271215,40.56,40.56,0.00,0.00,0.00,0.00,1,5623409000002394397,60147185,overdue,25.99,0.00,,25.99,-14.57,UNDERBILLED_PARTIAL,Bill total is lower than PO total by 14.57 (partial receive/billing or vendor credit)
60147161,2026-01-27,UNKNOWN,Goodwill,5623409000001271199,365.04,365.04,0.00,0.00,0.00,0.00,1,5623409000002395050,60147161,overdue,299.00,0.00,,299.00,-66.04,UNDERBILLED_PARTIAL,Bill total is lower than PO total by 66.04 (partial receive/billing or vendor credit)
60144374,2026-01-26,UNKNOWN,Goodwill,5623409000001271097,315.48,315.48,0.00,0.00,0.00,0.00,1,5623409000002390729,60144374,overdue,267.99,0.00,,267.99,-47.49,UNDERBILLED_PARTIAL,Bill total is lower than PO total by 47.49 (partial receive/billing or vendor credit)
60147083,2026-01-26,UNKNOWN,Goodwill,5623409000001271081,156.17,156.17,0.00,0.00,0.00,0.00,1,5623409000002392361,60147083,overdue,127.00,0.00,,127.00,-29.17,UNDERBILLED_PARTIAL,Bill total is lower than PO total by 29.17 (partial receive/billing or vendor credit)
60147067,2026-01-26,UNKNOWN,Goodwill,5623409000001271065,155.23,155.23,0.00,0.00,0.00,0.00,1,5623409000002394143,60147067,overdue,124.00,0.00,,124.00,-31.23,UNDERBILLED_PARTIAL,Bill total is lower than PO total by 31.23 (partial receive/billing or vendor credit)
18-14142-71649,2026-01-26,UNKNOWN,j.us845,5623409000001264935,83.94,83.94,0.00,0.00,0.00,0.00,1,5623409000002390748,18-14142-71649,overdue,73.00,0.00,,73.00,-10.94,UNDERBILLED_PARTIAL,Bill total is lower than PO total by 10.94 (partial receive/billing or vendor credit)
10-14153-79497,2026-01-26,UNKNOWN,southernhockey101,5623409000001264852,446.67,446.67,0.00,0.00,0.00,0.00,1,5623409000002392402,10-14153-79497,overdue,400.00,0.00,,400.00,-46.67,UNDERBILLED_PARTIAL,Bill total is lower than PO total by 46.67 (partial receive/billing or vendor credit)
10-14153-69396,2026-01-26,UNKNOWN,vasikunc-0,5623409000001264783,565.00,565.00,0.00,0.00,0.00,0.00,1,5623409000002393152,10-14153-69396,overdue,500.00,0.00,,500.00,-65.00,UNDERBILLED_PARTIAL,Bill total is lower than PO total by 65.00 (partial receive/billing or vendor credit)
15-14145-90594,2026-01-26,UNKNOWN,tbz-preciousfinds,5623409000001264614,84.96,84.96,0.00,0.00,0.00,0.00,1,5623409000002391603,15-14145-90594,overdue,69.98,0.00,,69.98,-14.98,UNDERBILLED_PARTIAL,Bill total is lower than PO total by 14.98 (partial receive/billing or vendor credit)
05-14159-76749,2026-01-26,UNKNOWN,keycapcabin,5623409000001264523,84.99,84.99,0.00,0.00,0.00,0.00,1,5623409000002392446,05-14159-76749,overdue,69.99,0.00,,69.99,-15.00,UNDERBILLED_PARTIAL,Bill total is lower than PO total by 15.00 (partial receive/billing or vendor credit)
60123598,2026-01-25,UNKNOWN,Goodwill,5623409000001264261,69.16,69.16,0.00,0.00,0.00,0.00,1,5623409000002392219,60123598,overdue,31.00,0.00,,31.00,-38.16,UNDERBILLED_PARTIAL,Bill total is lower than PO total by 38.16 (partial receive/billing or vendor credit)
60123557,2026-01-25,UNKNOWN,Goodwill,5623409000001264247,35.16,35.16,0.00,0.00,0.00,0.00,1,5623409000002391264,60123557,overdue,18.00,0.00,,18.00,-17.16,UNDERBILLED_PARTIAL,Bill total is lower than PO total by 17.16 (partial receive/billing or vendor credit)
60123530,2026-01-25,UNKNOWN,Goodwill,5623409000001264225,34.64,34.64,0.00,0.00,0.00,0.00,1,5623409000002392238,60123530,overdue,14.99,0.00,,14.99,-19.65,UNDERBILLED_PARTIAL,Bill total is lower than PO total by 19.65 (partial receive/billing or vendor credit)
60123312,2026-01-25,UNKNOWN,Goodwill,5623409000001264211,71.30,71.30,0.00,0.00,0.00,0.00,1,5623409000002390532,60123312,overdue,51.00,0.00,,51.00,-20.30,UNDERBILLED_PARTIAL,Bill total is lower than PO total by 20.30 (partial receive/billing or vendor credit)
60123151,2026-01-25,UNKNOWN,Goodwill,5623409000001264189,52.96,52.96,0.00,0.00,0.00,0.00,1,5623409000002392263,60123151,overdue,32.00,0.00,,32.00,-20.96,UNDERBILLED_PARTIAL,Bill total is lower than PO total by 20.96 (partial receive/billing or vendor credit)
60123060,2026-01-25,UNKNOWN,Goodwill,5623409000001264173,174.23,174.23,0.00,0.00,0.00,0.00,1,5623409000002387888,60123060,overdue,140.00,0.00,,140.00,-34.23,UNDERBILLED_PARTIAL,Bill total is lower than PO total by 34.23 (partial receive/billing or vendor credit)
60122715,2026-01-25,UNKNOWN,Goodwill,5623409000001264157,52.43,52.43,0.00,0.00,0.00,0.00,1,5623409000002387913,60122715,overdue,27.00,0.00,,27.00,-25.43,UNDERBILLED_PARTIAL,Bill total is lower than PO total by 25.43 (partial receive/billing or vendor credit)
60122659,2026-01-25,UNKNOWN,Goodwill,5623409000001264143,30.78,30.78,0.00,0.00,0.00,0.00,1,5623409000002392286,60122659,overdue,17.55,0.00,,17.55,-13.23,UNDERBILLED_PARTIAL,Bill total is lower than PO total by 13.23 (partial receive/billing or vendor credit)
60122583,2026-01-25,UNKNOWN,Goodwill,5623409000001264121,69.14,69.14,0.00,0.00,0.00,0.00,1,5623409000002362983,60122583,overdue,49.99,0.00,,49.99,-19.15,UNDERBILLED_PARTIAL,Bill total is lower than PO total by 19.15 (partial receive/billing or vendor credit)
60122458,2026-01-25,UNKNOWN,Goodwill,5623409000001264093,68.80,68.80,0.00,0.00,0.00,0.00,1,5623409000002373482,60122458,overdue,47.00,0.00,,47.00,-21.80,UNDERBILLED_PARTIAL,Bill total is lower than PO total by 21.80 (partial receive/billing or vendor credit)
60122194,2026-01-25,UNKNOWN,Goodwill,5623409000001264077,74.86,74.86,0.00,0.00,0.00,0.00,1,5623409000002375762,60122194,overdue,56.00,0.00,,56.00,-18.86,UNDERBILLED_PARTIAL,Bill total is lower than PO total by 18.86 (partial receive/billing or vendor credit)
60115030,2026-01-25,UNKNOWN,Goodwill,5623409000001264018,150.62,150.62,0.00,0.00,0.00,0.00,1,5623409000002377322,60115030,overdue,124.00,0.00,,124.00,-26.62,UNDERBILLED_PARTIAL,Bill total is lower than PO total by 26.62 (partial receive/billing or vendor credit)
60121400,2026-01-25,UNKNOWN,Goodwill,5623409000001262808,114.97,114.97,0.00,0.00,0.00,0.00,1,5623409000002380074,60121400,overdue,82.02,0.00,,82.02,-32.95,UNDERBILLED_PARTIAL,Bill total is lower than PO total by 32.95 (partial receive/billing or vendor credit)
60314315,2026-02-03,UNKNOWN,Goodwill,5623409000001262786,368.07,368.07,0.00,0.00,0.00,0.00,1,5623409000002399452,60314315,overdue,316.15,0.00,,316.15,-51.92,UNDERBILLED_PARTIAL,Bill total is lower than PO total by 51.92 (partial receive/billing or vendor credit)
253221410,2026-01-25,UNKNOWN,Richmond - Goodwill of Central & Coastal Virginia,5623409000001262772,26.88,26.88,0.00,0.00,0.00,0.00,1,5623409000002754202,253221410,overdue,9.99,16.89,Shipping Fee + Tax + Handling Fee,26.88,0.00,MATCH_WITH_ADJ,"Bill total matches PO total, but has adjustment=16.89"
60115361,2026-01-25,UNKNOWN,Goodwill,5623409000001262674,71.40,71.40,0.00,0.00,0.00,0.00,1,5623409000002390565,60115361,overdue,51.00,0.00,,51.00,-20.40,UNDERBILLED_PARTIAL,Bill total is lower than PO total by 20.40 (partial receive/billing or vendor credit)
60066395,2026-01-22,UNKNOWN,Goodwill,5623409000001262575,141.00,141.00,0.00,0.00,0.00,0.00,1,5623409000002389107,60066395,overdue,95.00,0.00,,95.00,-46.00,UNDERBILLED_PARTIAL,Bill total is lower than PO total by 46.00 (partial receive/billing or vendor credit)
60115349,2026-01-25,UNKNOWN,Goodwill,5623409000001262492,53.86,53.86,0.00,0.00,0.00,0.00,1,5623409000002390596,60115349,overdue,49.98,0.00,,49.98,-3.88,UNDERBILLED_PARTIAL,Bill total is lower than PO total by 3.88 (partial receive/billing or vendor credit)
60115333,2026-01-25,UNKNOWN,Goodwill,5623409000001262435,97.88,97.88,0.00,0.00,0.00,0.00,1,5623409000002387980,60115333,overdue,57.99,0.00,,57.99,-39.89,UNDERBILLED_PARTIAL,Bill total is lower than PO total by 39.89 (partial receive/billing or vendor credit)
60066315,2026-01-22,UNKNOWN,Goodwill,5623409000001262365,27.96,27.96,0.00,0.00,0.00,0.00,1,5623409000002387475,60066315,overdue,11.99,0.00,,11.99,-15.97,UNDERBILLED_PARTIAL,Bill total is lower than PO total by 15.97 (partial receive/billing or vendor credit)
60115290,2026-01-25,UNKNOWN,Goodwill,5623409000001262265,103.14,103.14,0.00,0.00,0.00,0.00,1,5623409000002389522,60115290,overdue,39.99,0.00,,39.99,-63.15,UNDERBILLED_PARTIAL,Bill total is lower than PO total by 63.15 (partial receive/billing or vendor credit)
60115373,2026-01-25,UNKNOWN,Goodwill,5623409000001262251,63.44,63.44,0.00,0.00,0.00,0.00,1,5623409000002393014,60115373,overdue,12.99,0.00,,12.99,-50.45,UNDERBILLED_PARTIAL,Bill total is lower than PO total by 50.45 (partial receive/billing or vendor credit)
60115273,2026-01-25,UNKNOWN,Goodwill,5623409000001262181,49.32,49.32,0.00,0.00,0.00,0.00,1,5623409000002390640,60115273,overdue,29.99,0.00,,29.99,-19.33,UNDERBILLED_PARTIAL,Bill total is lower than PO total by 19.33 (partial receive/billing or vendor credit)
60058071,2026-01-22,UNKNOWN,Goodwill,5623409000001262124,130.63,130.63,0.00,0.00,0.00,0.00,1,5623409000002383863,60058071,overdue,110.00,0.00,,110.00,-20.63,UNDERBILLED_PARTIAL,Bill total is lower than PO total by 20.63 (partial receive/billing or vendor credit)
60057996,2026-01-22,UNKNOWN,Goodwill,5623409000001262065,59.62,59.62,0.00,0.00,0.00,0.00,1,5623409000002389144,60057996,overdue,13.95,0.00,,13.95,-45.67,UNDERBILLED_PARTIAL,Bill total is lower than PO total by 45.67 (partial receive/billing or vendor credit)
60109383,2026-01-25,UNKNOWN,Goodwill,5623409000001257612,73.87,73.87,0.00,0.00,0.00,0.00,1,5623409000002390665,60109383,overdue,37.99,0.00,,37.99,-35.88,UNDERBILLED_PARTIAL,Bill total is lower than PO total by 35.88 (partial receive/billing or vendor credit)
60109328,2026-01-25,UNKNOWN,Goodwill,5623409000001257571,38.66,38.66,0.00,0.00,0.00,0.00,1,5623409000002393052,60109328,overdue,14.99,0.00,,14.99,-23.67,UNDERBILLED_PARTIAL,Bill total is lower than PO total by 23.67 (partial receive/billing or vendor credit)
60109176,2026-01-25,UNKNOWN,Goodwill,5623409000001257535,211.27,211.27,0.00,0.00,0.00,0.00,1,5623409000002385930,60109176,overdue,172.00,0.00,,172.00,-39.27,UNDERBILLED_PARTIAL,Bill total is lower than PO total by 39.27 (partial receive/billing or vendor credit)
60103461,2026-01-24,UNKNOWN,Goodwill,5623409000001257499,77.65,77.65,0.00,0.00,0.00,0.00,1,5623409000002387780,60103461,overdue,5.99,0.00,,5.99,-71.66,UNDERBILLED_PARTIAL,Bill total is lower than PO total by 71.66 (partial receive/billing or vendor credit)
23-14127-46555,2026-01-25,UNKNOWN,lockinix,5623409000001257232,329.01,329.01,0.00,0.00,0.00,0.00,1,5623409000002393079,23-14127-46555,overdue,300.00,0.00,,300.00,-29.01,UNDERBILLED_PARTIAL,Bill total is lower than PO total by 29.01 (partial receive/billing or vendor credit)
12-14142-45125,2026-01-25,UNKNOWN,lheonlv,5623409000001257163,87.77,87.77,0.00,0.00,0.00,0.00,1,5623409000002390696,12-14142-45125,overdue,80.00,0.00,,80.00,-7.77,UNDERBILLED_PARTIAL,Bill total is lower than PO total by 7.77 (partial receive/billing or vendor credit)
12-14142-44330,2026-01-25,UNKNOWN,jmkanz97,5623409000001257094,85.93,85.93,0.00,0.00,0.00,0.00,1,5623409000002385996,12-14142-44330,overdue,74.99,0.00,,74.99,-10.94,UNDERBILLED_PARTIAL,Bill total is lower than PO total by 10.94 (partial receive/billing or vendor credit)
18-14133-89081,2026-01-24,UNKNOWN,gobrettno1,5623409000001257025,38.43,38.43,0.00,0.00,0.00,0.00,1,5623409000002385772,18-14133-89081,overdue,29.99,0.00,,29.99,-8.44,UNDERBILLED_PARTIAL,Bill total is lower than PO total by 8.44 (partial receive/billing or vendor credit)
01-14154-63447,2026-01-24,UNKNOWN,paywe_6199,5623409000001254711,79.00,79.00,0.00,0.00,0.00,0.00,1,5623409000002389431,01-14154-63447,overdue,70.00,0.00,,70.00,-9.00,UNDERBILLED_PARTIAL,Bill total is lower than PO total by 9.00 (partial receive/billing or vendor credit)
26-14118-41340,2026-01-23,UNKNOWN,aquanut12,5623409000001254609,16.21,16.21,0.00,0.00,0.00,0.00,1,5623409000002390404,26-14118-41340,overdue,8.99,0.00,,8.99,-7.22,UNDERBILLED_PARTIAL,Bill total is lower than PO total by 7.22 (partial receive/billing or vendor credit)
02-14152-69728,2026-01-23,UNKNOWN,jacoengler_0,5623409000001254462,15.61,15.61,0.00,0.00,0.00,0.00,1,5623409000002392053,02-14152-69728,overdue,9.99,0.00,,9.99,-5.62,UNDERBILLED_PARTIAL,Bill total is lower than PO total by 5.62 (partial receive/billing or vendor credit)
13-14137-09450,2026-01-23,UNKNOWN,tk808_flipz,5623409000001254326,13.38,13.38,0.00,0.00,0.00,0.00,1,5623409000002385684,13-14137-09450,overdue,7.49,0.00,,7.49,-5.89,UNDERBILLED_PARTIAL,Bill total is lower than PO total by 5.89 (partial receive/billing or vendor credit)
60090266,2026-01-24,UNKNOWN,Goodwill,5623409000001254298,138.49,138.49,0.00,0.00,0.00,0.00,1,5623409000002385807,60090266,overdue,86.00,0.00,,86.00,-52.49,UNDERBILLED_PARTIAL,Bill total is lower than PO total by 52.49 (partial receive/billing or vendor credit)
60090224,2026-01-24,UNKNOWN,Goodwill,5623409000001254284,25.98,25.98,0.00,0.00,0.00,0.00,1,5623409000002392162,60090224,overdue,9.99,0.00,,9.99,-15.99,UNDERBILLED_PARTIAL,Bill total is lower than PO total by 15.99 (partial receive/billing or vendor credit)
60090216,2026-01-24,UNKNOWN,Goodwill,5623409000001254270,40.77,40.77,0.00,0.00,0.00,0.00,1,5623409000002391235,60090216,overdue,9.99,0.00,,9.99,-30.78,UNDERBILLED_PARTIAL,Bill total is lower than PO total by 30.78 (partial receive/billing or vendor credit)
60090209,2026-01-24,UNKNOWN,Goodwill,5623409000001254248,58.88,58.88,0.00,0.00,0.00,0.00,1,5623409000002385847,60090209,overdue,33.00,0.00,,33.00,-25.88,UNDERBILLED_PARTIAL,Bill total is lower than PO total by 25.88 (partial receive/billing or vendor credit)
60212640,2026-01-29,UNKNOWN,Goodwill,5623409000001254234,31.59,31.59,0.00,0.00,0.00,0.00,1,5623409000002396071,60212640,overdue,14.99,0.00,,14.99,-16.60,UNDERBILLED_PARTIAL,Bill total is lower than PO total by 16.60 (partial receive/billing or vendor credit)
60090184,2026-01-24,UNKNOWN,Goodwill,5623409000001254220,343.17,343.17,0.00,0.00,0.00,0.00,1,5623409000002392185,60090184,overdue,300.00,0.00,,300.00,-43.17,UNDERBILLED_PARTIAL,Bill total is lower than PO total by 43.17 (partial receive/billing or vendor credit)
60090151,2026-01-24,UNKNOWN,Goodwill,5623409000001254198,25.28,25.28,0.00,0.00,0.00,0.00,1,5623409000002387819,60090151,overdue,9.99,0.00,,9.99,-15.29,UNDERBILLED_PARTIAL,Bill total is lower than PO total by 15.29 (partial receive/billing or vendor credit)
06-14146-95109,2026-01-23,UNKNOWN,greenmtnrunner,5623409000001254129,125.00,125.00,0.00,0.00,0.00,0.00,1,5623409000002387706,06-14146-95109,overdue,110.00,0.00,,110.00,-15.00,UNDERBILLED_PARTIAL,Bill total is lower than PO total by 15.00 (partial receive/billing or vendor credit)
20-14126-90520,2026-01-23,UNKNOWN,greenmtnrunner,5623409000001254017,393.90,393.90,0.00,0.00,0.00,0.00,1,5623409000002392080,20-14126-90520,overdue,371.00,0.00,,371.00,-22.90,UNDERBILLED_PARTIAL,Bill total is lower than PO total by 22.90 (partial receive/billing or vendor credit)
07-14145-45503,2026-01-23,UNKNOWN,nextdayseller1,5623409000001248881,90.35,90.35,0.00,0.00,0.00,0.00,1,5623409000002387755,07-14145-45503,overdue,69.99,0.00,,69.99,-20.36,UNDERBILLED_PARTIAL,Bill total is lower than PO total by 20.36 (partial receive/billing or vendor credit)
60081146,2026-01-23,UNKNOWN,Goodwill,5623409000001248639,126.55,126.55,0.00,0.00,0.00,0.00,1,5623409000002389383,60081146,overdue,99.76,0.00,,99.76,-26.79,UNDERBILLED_PARTIAL,Bill total is lower than PO total by 26.79 (partial receive/billing or vendor credit)
13-14133-35663,2026-01-23,UNKNOWN,o2bdiana,5623409000001236618,526.16,526.16,0.00,0.00,0.00,0.00,1,5623409000002389408,13-14133-35663,overdue,515.00,0.00,,515.00,-11.16,UNDERBILLED_PARTIAL,Bill total is lower than PO total by 11.16 (partial receive/billing or vendor credit)
08-14139-53051,2026-01-22,UNKNOWN,gguest123,5623409000001234935,84.65,84.65,0.00,0.00,0.00,0.00,1,5623409000002385524,08-14139-53051,overdue,67.00,0.00,,67.00,-17.65,UNDERBILLED_PARTIAL,Bill total is lower than PO total by 17.65 (partial receive/billing or vendor credit)
22-14119-91668,2026-01-22,UNKNOWN,troxy-llc,5623409000001234866,82.00,82.00,0.00,0.00,0.00,0.00,1,5623409000002389169,22-14119-91668,overdue,70.00,0.00,,70.00,-12.00,UNDERBILLED_PARTIAL,Bill total is lower than PO total by 12.00 (partial receive/billing or vendor credit)
24-14131-53760,2026-01-22,UNKNOWN,latienditareseller,5623409000001234747,70.94,70.94,0.00,0.00,0.00,0.00,1,5623409000002383918,24-14131-53760,overdue,60.00,0.00,,60.00,-10.94,UNDERBILLED_PARTIAL,Bill total is lower than PO total by 10.94 (partial receive/billing or vendor credit)
13-14132-51554,2026-01-22,UNKNOWN,joeldmyers,5623409000001234611,72.71,72.71,0.00,0.00,0.00,0.00,1,5623409000002387532,13-14132-51554,overdue,62.00,0.00,,62.00,-10.71,UNDERBILLED_PARTIAL,Bill total is lower than PO total by 10.71 (partial receive/billing or vendor credit)
24-14130-79606,2026-01-22,UNKNOWN,miltonbose12,5623409000001234528,416.90,416.90,0.00,0.00,0.00,0.00,1,5623409000002389207,24-14130-79606,overdue,360.00,0.00,,360.00,-56.90,UNDERBILLED_PARTIAL,Bill total is lower than PO total by 56.90 (partial receive/billing or vendor credit)
15-14128-60878,2026-01-22,UNKNOWN,greensale99,5623409000001234473,224.76,224.76,0.00,0.00,0.00,0.00,1,5623409000002387555,15-14128-60878,overdue,198.88,0.00,,198.88,-25.88,UNDERBILLED_PARTIAL,Bill total is lower than PO total by 25.88 (partial receive/billing or vendor credit)
09-14135-82130,2026-01-22,UNKNOWN,mtom12345,5623409000001234243,46.99,46.99,0.00,0.00,0.00,0.00,1,5623409000002389232,09-14135-82130,overdue,34.99,0.00,,34.99,-12.00,UNDERBILLED_PARTIAL,Bill total is lower than PO total by 12.00 (partial receive/billing or vendor credit)
04-14142-96038,2026-01-22,UNKNOWN,soundream,5623409000001234054,144.28,144.28,0.00,0.00,0.00,0.00,1,5623409000002390264,04-14142-96038,overdue,160.12,0.00,,160.12,15.84,OVERBILLED_LINE_DIFF,Bill total exceeds PO total by 15.84 with 0 bill adjustment (check line item quantities/rates)
02-14146-00813,2026-01-22,UNKNOWN,mission1086,5623409000001230958,67.00,67.00,0.00,0.00,0.00,0.00,1,5623409000002390283,02-14146-00813,overdue,55.00,0.00,,55.00,-12.00,UNDERBILLED_PARTIAL,Bill total is lower than PO total by 12.00 (partial receive/billing or vendor credit)
26-14111-70513,2026-01-22,UNKNOWN,tianzul-7195,5623409000001230795,109.98,109.98,0.00,0.00,0.00,0.00,1,5623409000002385586,26-14111-70513,overdue,84.99,0.00,,84.99,-24.99,UNDERBILLED_PARTIAL,Bill total is lower than PO total by 24.99 (partial receive/billing or vendor credit)
20-14120-21038,2026-01-22,UNKNOWN,cromulent,5623409000001230651,109.45,109.45,0.00,0.00,0.00,0.00,1,5623409000002385605,20-14120-21038,overdue,84.99,0.00,,84.99,-24.46,UNDERBILLED_PARTIAL,Bill total is lower than PO total by 24.46 (partial receive/billing or vendor credit)
16-14125-92860,2026-01-22,UNKNOWN,my.tiendita,5623409000001230582,27.69,27.69,0.00,0.00,0.00,0.00,1,5623409000002390316,16-14125-92860,overdue,19.99,0.00,,19.99,-7.70,UNDERBILLED_PARTIAL,Bill total is lower than PO total by 7.70 (partial receive/billing or vendor credit)
13-14130-37340,2026-01-22,UNKNOWN,ironhead313,5623409000001230513,91.95,91.95,0.00,0.00,0.00,0.00,1,5623409000002391099,13-14130-37340,overdue,67.50,0.00,,67.50,-24.45,UNDERBILLED_PARTIAL,Bill total is lower than PO total by 24.45 (partial receive/billing or vendor credit)
25-14113-19395,2026-01-22,UNKNOWN,ankobesells,5623409000001230442,23.72,23.72,0.00,0.00,0.00,0.00,1,5623409000002387638,25-14113-19395,overdue,17.99,0.00,,17.99,-5.73,UNDERBILLED_PARTIAL,Bill total is lower than PO total by 5.73 (partial receive/billing or vendor credit)
16-14125-91385,2026-01-22,UNKNOWN,djwandjen_7,5623409000001230295,23.74,23.74,0.00,0.00,0.00,0.00,1,5623409000002389261,16-14125-91385,overdue,18.75,0.00,,18.75,-4.99,UNDERBILLED_PARTIAL,Bill total is lower than PO total by 4.99 (partial receive/billing or vendor credit)
21-14118-52296,2026-01-22,UNKNOWN,denverboy24,5623409000001230226,17.98,17.98,0.00,0.00,0.00,0.00,1,5623409000002389280,21-14118-52296,overdue,12.99,0.00,,12.99,-4.99,UNDERBILLED_PARTIAL,Bill total is lower than PO total by 4.99 (partial receive/billing or vendor credit)
27-14110-47706,2026-01-22,UNKNOWN,jasanch9113,5623409000001230157,70.21,70.21,0.00,0.00,0.00,0.00,1,5623409000002387679,27-14110-47706,overdue,59.99,0.00,,59.99,-10.22,UNDERBILLED_PARTIAL,Bill total is lower than PO total by 10.22 (partial receive/billing or vendor credit)
18-14123-09245,2026-01-22,UNKNOWN,nadsf_51,5623409000001230088,68.99,68.99,0.00,0.00,0.00,0.00,1,5623409000002390366,18-14123-09245,overdue,54.99,0.00,,54.99,-14.00,UNDERBILLED_PARTIAL,Bill total is lower than PO total by 14.00 (partial receive/billing or vendor credit)
21-14118-49819,2026-01-22,UNKNOWN,bud1music,5623409000001230019,108.98,108.98,0.00,0.00,0.00,0.00,1,5623409000002390385,21-14118-49819,overdue,98.99,0.00,,98.99,-9.99,UNDERBILLED_PARTIAL,Bill total is lower than PO total by 9.99 (partial receive/billing or vendor credit)
60044263,2026-01-21,UNKNOWN,Goodwill of North Louisiana,5623409000001225880,132.75,132.75,0.00,0.00,0.00,0.00,1,5623409000002385414,60044263,overdue,110.00,0.00,,110.00,-22.75,UNDERBILLED_PARTIAL,Bill total is lower than PO total by 22.75 (partial receive/billing or vendor credit)
60044221,2026-01-21,UNKNOWN,Goodwill of Colorado,5623409000001225848,433.77,433.77,0.00,0.00,0.00,0.00,1,5623409000002383716,60044221,overdue,388.00,0.00,,388.00,-45.77,UNDERBILLED_PARTIAL,Bill total is lower than PO total by 45.77 (partial receive/billing or vendor credit)
60044204,2026-01-21,UNKNOWN,Goodwill Keystone Area - Reading,5623409000001225824,266.15,266.15,0.00,0.00,0.00,0.00,1,5623409000002387382,60044204,overdue,247.00,0.00,,247.00,-19.15,UNDERBILLED_PARTIAL,Bill total is lower than PO total by 19.15 (partial receive/billing or vendor credit)
60044191,2026-01-21,UNKNOWN,Goodwill Keystone Area - Harrisburg,5623409000001225796,320.03,320.03,0.00,0.00,0.00,0.00,1,5623409000002387416,60044191,overdue,297.00,0.00,,297.00,-23.03,UNDERBILLED_PARTIAL,Bill total is lower than PO total by 23.03 (partial receive/billing or vendor credit)
60044172,2026-01-21,UNKNOWN,Goodwill Industries of the Columbia Willamette,5623409000001225780,32.75,32.75,0.00,0.00,0.00,0.00,1,5623409000002390108,60044172,overdue,16.00,0.00,,16.00,-16.75,UNDERBILLED_PARTIAL,Bill total is lower than PO total by 16.75 (partial receive/billing or vendor credit)
17-14123-57319,2026-01-22,UNKNOWN,miltonbose12,5623409000001225711,416.90,416.90,0.00,0.00,0.00,0.00,1,5623409000002385640,17-14123-57319,overdue,360.00,0.00,,360.00,-56.90,UNDERBILLED_PARTIAL,Bill total is lower than PO total by 56.90 (partial receive/billing or vendor credit)
16-14123-48882,2026-01-21,UNKNOWN,huvo_6516,5623409000001225637,367.67,367.67,0.00,0.00,0.00,0.00,1,5623409000002385450,16-14123-48882,overdue,350.00,0.00,,350.00,-17.67,UNDERBILLED_PARTIAL,Bill total is lower than PO total by 17.67 (partial receive/billing or vendor credit)
09-14133-20962,2026-01-21,UNKNOWN,stellarprices,5623409000001225444,48.99,48.99,0.00,0.00,0.00,0.00,1,5623409000002389054,09-14133-20962,overdue,39.99,0.00,,39.99,-9.00,UNDERBILLED_PARTIAL,Bill total is lower than PO total by 9.00 (partial receive/billing or vendor credit)
25-14110-72503,2026-01-21,UNKNOWN,tech-world43228,5623409000001225306,199.99,199.99,0.00,0.00,0.00,0.00,1,5623409000002389088,25-14110-72503,overdue,224.99,0.00,,224.99,25.00,OVERBILLED_LINE_DIFF,Bill total exceeds PO total by 25.00 with 0 bill adjustment (check line item quantities/rates)
60015792,2026-01-20,UNKNOWN,Goodwill Industries of Southern NJ & Philadelphia,5623409000001225017,70.22,70.22,0.00,0.00,0.00,0.00,1,5623409000002387208,60015792,overdue,49.99,0.00,,49.99,-20.23,UNDERBILLED_PARTIAL,Bill total is lower than PO total by 20.23 (partial receive/billing or vendor credit)
60019268,2026-01-20,UNKNOWN,Goodwill,5623409000001216262,101.42,101.42,0.00,0.00,0.00,0.00,1,5623409000002385349,60019268,overdue,82.50,0.00,,82.50,-18.92,UNDERBILLED_PARTIAL,Bill total is lower than PO total by 18.92 (partial receive/billing or vendor credit)
60019202,2026-01-20,UNKNOWN,Goodwill,5623409000001216246,50.83,50.83,0.00,0.00,0.00,0.00,1,5623409000002382887,60019202,overdue,36.00,0.00,,36.00,-14.83,UNDERBILLED_PARTIAL,Bill total is lower than PO total by 14.83 (partial receive/billing or vendor credit)
60019160,2026-01-20,UNKNOWN,Goodwill,5623409000001216230,35.72,35.72,0.00,0.00,0.00,0.00,1,5623409000002387235,60019160,overdue,16.00,0.00,,16.00,-19.72,UNDERBILLED_PARTIAL,Bill total is lower than PO total by 19.72 (partial receive/billing or vendor credit)
60019097,2026-01-20,UNKNOWN,Goodwill,5623409000001216204,148.71,148.71,0.00,0.00,0.00,0.00,1,5623409000002383590,60019097,overdue,138.00,0.00,,138.00,-10.71,UNDERBILLED_PARTIAL,Bill total is lower than PO total by 10.71 (partial receive/billing or vendor credit)
60019075,2026-01-20,UNKNOWN,Goodwill,5623409000001216176,76.27,76.27,0.00,0.00,0.00,0.00,1,5623409000002380947,60019075,overdue,46.00,0.00,,46.00,-30.27,UNDERBILLED_PARTIAL,Bill total is lower than PO total by 30.27 (partial receive/billing or vendor credit)
60016456,2026-01-20,UNKNOWN,Goodwill,5623409000001216148,31.11,31.11,0.00,0.00,0.00,0.00,1,5623409000002383615,60016456,overdue,12.99,0.00,,12.99,-18.12,UNDERBILLED_PARTIAL,Bill total is lower than PO total by 18.12 (partial receive/billing or vendor credit)
17-14118-42888,2026-01-21,UNKNOWN,samion77,5623409000001208996,364.38,364.38,0.00,0.00,0.00,0.00,1,5623409000002383829,17-14118-42888,overdue,330.00,0.00,,330.00,-34.38,UNDERBILLED_PARTIAL,Bill total is lower than PO total by 34.38 (partial receive/billing or vendor credit)
09-14129-69562,2026-01-21,UNKNOWN,bayarea2000,5623409000001208927,355.00,355.00,0.00,0.00,0.00,0.00,1,5623409000002390159,09-14129-69562,overdue,330.00,0.00,,330.00,-25.00,UNDERBILLED_PARTIAL,Bill total is lower than PO total by 25.00 (partial receive/billing or vendor credit)
08-14129-30331,2026-01-20,UNKNOWN,greensale99,5623409000001208597,315.52,315.52,0.00,0.00,0.00,0.00,1,5623409000002541372,08-14129-30331,overdue,257.76,57.76,Shipping Fee + Tax + Handling Fee,315.52,0.00,MATCH_WITH_ADJ,"Bill total matches PO total, but has adjustment=57.76"
24-14121-37079,2026-01-20,UNKNOWN,bec7793,5623409000001209400,102.00,102.00,0.00,0.00,0.00,0.00,1,5623409000002541332,24-14121-37079,overdue,80.00,22.00,Shipping Fee + Tax + Handling Fee,102.00,0.00,MATCH_WITH_ADJ,"Bill total matches PO total, but has adjustment=22.00"
08-14128-80673,2026-01-20,UNKNOWN,consignnow,5623409000001209320,65.95,65.95,0.00,0.00,0.00,0.00,1,5623409000002380976,08-14128-80673,overdue,56.00,0.00,,56.00,-9.95,UNDERBILLED_PARTIAL,Bill total is lower than PO total by 9.95 (partial receive/billing or vendor credit)
13-14122-18346,2026-01-20,UNKNOWN,bking_32,5623409000001209251,83.95,83.95,0.00,0.00,0.00,0.00,1,5623409000002382937,13-14122-18346,overdue,65.00,0.00,,65.00,-18.95,UNDERBILLED_PARTIAL,Bill total is lower than PO total by 18.95 (partial receive/billing or vendor credit)
25-14104-91823,2026-01-20,UNKNOWN,evelindseyrn5,5623409000001209171,65.30,65.30,0.00,0.00,0.00,0.00,1,5623409000002382962,25-14104-91823,overdue,40.00,0.00,,40.00,-25.30,UNDERBILLED_PARTIAL,Bill total is lower than PO total by 25.30 (partial receive/billing or vendor credit)
05-14133-65640,2026-01-20,UNKNOWN,jakeku0,5623409000001209088,86.29,86.29,0.00,0.00,0.00,0.00,1,5623409000002389003,05-14133-65640,overdue,75.00,0.00,,75.00,-11.29,UNDERBILLED_PARTIAL,Bill total is lower than PO total by 11.29 (partial receive/billing or vendor credit)
05-14133-64298,2026-01-20,UNKNOWN,top_knotch_shop,5623409000001209019,39.99,39.99,0.00,0.00,0.00,0.00,1,5623409000002387317,05-14133-64298,overdue,30.00,0.00,,30.00,-9.99,UNDERBILLED_PARTIAL,Bill total is lower than PO total by 9.99 (partial receive/billing or vendor credit)
03-14134-31979,2026-01-20,UNKNOWN,yfllc1,5623409000001205305,68.36,68.36,0.00,0.00,0.00,0.00,1,5623409000002387340,03-14134-31979,overdue,59.99,0.00,,59.99,-8.37,UNDERBILLED_PARTIAL,Bill total is lower than PO total by 8.37 (partial receive/billing or vendor credit)
20-14110-29505,2026-01-20,UNKNOWN,romuteconline,5623409000001205236,66.23,66.23,0.00,0.00,0.00,0.00,1,5623409000002390005,20-14110-29505,overdue,55.00,0.00,,55.00,-11.23,UNDERBILLED_PARTIAL,Bill total is lower than PO total by 11.23 (partial receive/billing or vendor credit)
111-8427269-8697844,2026-01-19,UNKNOWN,Amazon.com,5623409000001197886,81.88,81.88,0.00,0.00,0.00,0.00,1,5623409000002385290,111-8427269-8697844,overdue,78.89,0.00,,78.89,-2.99,UNDERBILLED_PARTIAL,Bill total is lower than PO total by 2.99 (partial receive/billing or vendor credit)
15-14116-52487,2026-01-20,UNKNOWN,yus5311,5623409000001197746,78.95,78.95,0.00,0.00,0.00,0.00,1,5623409000002390024,15-14116-52487,overdue,66.00,0.00,,66.00,-12.95,UNDERBILLED_PARTIAL,Bill total is lower than PO total by 12.95 (partial receive/billing or vendor credit)
27-14099-63706,2026-01-19,UNKNOWN,excessexpressllc,5623409000001197666,18.45,18.45,0.00,0.00,0.00,0.00,1,5623409000002387117,27-14099-63706,overdue,13.80,0.00,,13.80,-4.65,UNDERBILLED_PARTIAL,Bill total is lower than PO total by 4.65 (partial receive/billing or vendor credit)
17-14113-50243,2026-01-19,UNKNOWN,michaewarcho_1,5623409000001197582,47.51,47.51,0.00,0.00,0.00,0.00,1,5623409000002380804,17-14113-50243,overdue,50.99,0.00,,50.99,3.48,OVERBILLED_LINE_DIFF,Bill total exceeds PO total by 3.48 with 0 bill adjustment (check line item quantities/rates)
07-14127-41306,2026-01-19,UNKNOWN,five-eyes-trading,5623409000001197480,78.94,78.94,0.00,0.00,0.00,0.00,1,5623409000002380823,07-14127-41306,overdue,66.00,0.00,,66.00,-12.94,UNDERBILLED_PARTIAL,Bill total is lower than PO total by 12.94 (partial receive/billing or vendor credit)
12-14120-33354,2026-01-19,UNKNOWN,mikdado_wiz,5623409000001197411,80.40,80.40,0.00,0.00,0.00,0.00,1,5623409000002387136,12-14120-33354,overdue,68.95,0.00,,68.95,-11.45,UNDERBILLED_PARTIAL,Bill total is lower than PO total by 11.45 (partial receive/billing or vendor credit)
07-14127-39980,2026-01-19,UNKNOWN,kaimerch,5623409000001197331,74.98,74.98,0.00,0.00,0.00,0.00,1,5623409000002380842,07-14127-39980,overdue,64.99,0.00,,64.99,-9.99,UNDERBILLED_PARTIAL,Bill total is lower than PO total by 9.99 (partial receive/billing or vendor credit)
15-14115-93417,2026-01-19,UNKNOWN,melvic42,5623409000001197262,74.00,74.00,0.00,0.00,0.00,0.00,1,5623409000002387155,15-14115-93417,overdue,60.00,0.00,,60.00,-14.00,UNDERBILLED_PARTIAL,Bill total is lower than PO total by 14.00 (partial receive/billing or vendor credit)
25-14101-87897,2026-01-19,UNKNOWN,vboss5764,5623409000001197193,72.95,72.95,0.00,0.00,0.00,0.00,1,5623409000002383487,25-14101-87897,overdue,60.00,0.00,,60.00,-12.95,UNDERBILLED_PARTIAL,Bill total is lower than PO total by 12.95 (partial receive/billing or vendor credit)
03-14132-88870,2026-01-19,UNKNOWN,ran_1612,5623409000001197057,81.94,81.94,0.00,0.00,0.00,0.00,1,5623409000002380875,03-14132-88870,overdue,75.00,0.00,,75.00,-6.94,UNDERBILLED_PARTIAL,Bill total is lower than PO total by 6.94 (partial receive/billing or vendor credit)
25-14095-61524,2026-01-18,UNKNOWN,yfllc1,5623409000001202078,78.36,78.36,0.00,0.00,0.00,0.00,1,5623409000002380781,25-14095-61524,overdue,69.99,0.00,,69.99,-8.37,UNDERBILLED_PARTIAL,Bill total is lower than PO total by 8.37 (partial receive/billing or vendor credit)
27-14092-92549,2026-01-18,UNKNOWN,atyourservice711,5623409000001202023,78.12,78.12,0.00,0.00,0.00,0.00,1,5623409000002369851,27-14092-92549,overdue,65.00,0.00,,65.00,-13.12,UNDERBILLED_PARTIAL,Bill total is lower than PO total by 13.12 (partial receive/billing or vendor credit)
23-14096-56792,2026-01-18,UNKNOWN,westcoastlordy,5623409000001195233,280.00,280.00,0.00,0.00,0.00,0.00,1,5623409000002369878,23-14096-56792,overdue,208.09,0.00,,208.09,-71.91,UNDERBILLED_PARTIAL,Bill total is lower than PO total by 71.91 (partial receive/billing or vendor credit)
16-14106-35619,2026-01-18,UNKNOWN,nsal-4469,5623409000001195136,287.98,287.98,0.00,0.00,0.00,0.00,1,5623409000002369903,16-14106-35619,overdue,260.00,0.00,,260.00,-27.98,UNDERBILLED_PARTIAL,Bill total is lower than PO total by 27.98 (partial receive/billing or vendor credit)
07-14116-01437,2026-01-17,UNKNOWN,beyerb1,5623409000001195086,70.59,70.59,0.00,0.00,0.00,0.00,1,5623409000002754073,07-14116-01437,overdue,49.99,20.60,Shipping Fee + Tax + Handling Fee,70.59,0.00,MATCH_WITH_ADJ,"Bill total matches PO total, but has adjustment=20.60"
03-14121-51222,2026-01-17,UNKNOWN,tech-world43228,5623409000001195015,51.99,51.99,0.00,0.00,0.00,0.00,1,5623409000002387045,03-14121-51222,overdue,58.49,0.00,,58.49,6.50,OVERBILLED_LINE_DIFF,Bill total exceeds PO total by 6.50 with 0 bill adjustment (check line item quantities/rates)
8208592145728387,2026-01-17,UNKNOWN,LPY REMOTE CONTROL Store,5623409000001183374,204.24,204.24,0.00,0.00,0.00,0.00,1,5623409000002369832,8208592145728387,overdue,137.50,0.00,,137.50,-66.74,UNDERBILLED_PARTIAL,Bill total is lower than PO total by 66.74 (partial receive/billing or vendor credit)
23-14092-88373,2026-01-17,UNKNOWN,second_chance_treasures77,5623409000001183319,79.99,79.99,0.00,0.00,0.00,0.00,1,5623409000002380762,23-14092-88373,overdue,65.00,0.00,,65.00,-14.99,UNDERBILLED_PARTIAL,Bill total is lower than PO total by 14.99 (partial receive/billing or vendor credit)
09-14110-50683,2026-01-16,UNKNOWN,electro-store4u,5623409000001183056,169.90,169.90,0.00,0.00,0.00,0.00,1,5623409000002380733,09-14110-50683,overdue,191.20,0.00,,191.20,21.30,OVERBILLED_LINE_DIFF,Bill total exceeds PO total by 21.30 with 0 bill adjustment (check line item quantities/rates)
10-14109-04627,2026-01-16,UNKNOWN,coditrans08,5623409000001183001,39.00,39.00,0.00,0.00,0.00,0.00,1,5623409000002369809,10-14109-04627,overdue,32.00,0.00,,32.00,-7.00,UNDERBILLED_PARTIAL,Bill total is lower than PO total by 7.00 (partial receive/billing or vendor credit)
59912740,2026-01-15,UNKNOWN,Goodwill,5623409000001175047,310.92,310.92,0.00,0.00,0.00,0.00,1,5623409000002373991,59912740,overdue,267.66,0.00,,267.66,-43.26,UNDERBILLED_PARTIAL,Bill total is lower than PO total by 43.26 (partial receive/billing or vendor credit)
59920328,2026-01-16,UNKNOWN,Goodwill,5623409000001175011,29.06,29.06,0.00,0.00,0.00,0.00,1,5623409000002383411,59920328,overdue,13.00,0.00,,13.00,-16.06,UNDERBILLED_PARTIAL,Bill total is lower than PO total by 16.06 (partial receive/billing or vendor credit)
59892195,2026-01-15,UNKNOWN,Goodwill,5623409000001160355,175.31,175.31,0.00,0.00,0.00,0.00,1,5623409000002369790,59892195,overdue,141.00,0.00,,141.00,-34.31,UNDERBILLED_PARTIAL,Bill total is lower than PO total by 34.31 (partial receive/billing or vendor credit)
59892183,2026-01-15,UNKNOWN,Goodwill,5623409000001160341,145.05,145.05,0.00,0.00,0.00,0.00,1,5623409000002385239,59892183,overdue,111.00,0.00,,111.00,-34.05,UNDERBILLED_PARTIAL,Bill total is lower than PO total by 34.05 (partial receive/billing or vendor credit)
59888116,2026-01-14,UNKNOWN,Goodwill,5623409000001160317,289.57,289.57,0.00,0.00,0.00,0.00,1,5623409000002373934,59888116,overdue,250.00,0.00,,250.00,-39.57,UNDERBILLED_PARTIAL,Bill total is lower than PO total by 39.57 (partial receive/billing or vendor credit)
59891948,2026-01-14,UNKNOWN,Goodwill,5623409000001160272,64.07,64.07,0.00,0.00,0.00,0.00,1,5623409000002382747,59891948,overdue,46.00,0.00,,46.00,-18.07,UNDERBILLED_PARTIAL,Bill total is lower than PO total by 18.07 (partial receive/billing or vendor credit)
59891912,2026-01-14,UNKNOWN,Goodwill,5623409000001160246,106.97,106.97,0.00,0.00,0.00,0.00,1,5623409000002385124,59891912,overdue,65.00,0.00,,65.00,-41.97,UNDERBILLED_PARTIAL,Bill total is lower than PO total by 41.97 (partial receive/billing or vendor credit)
59886798,2026-01-14,UNKNOWN,Goodwill,5623409000001160230,107.11,107.11,0.00,0.00,0.00,0.00,1,5623409000002385162,59886798,overdue,86.00,0.00,,86.00,-21.11,UNDERBILLED_PARTIAL,Bill total is lower than PO total by 21.11 (partial receive/billing or vendor credit)
59891850,2026-01-14,UNKNOWN,Goodwill,5623409000001160192,283.60,283.60,0.00,0.00,0.00,0.00,1,5623409000002385181,59891850,overdue,250.00,0.00,,250.00,-33.60,UNDERBILLED_PARTIAL,Bill total is lower than PO total by 33.60 (partial receive/billing or vendor credit)
59891839,2026-01-14,UNKNOWN,Goodwill,5623409000001160154,34.21,34.21,0.00,0.00,0.00,0.00,1,5623409000002380667,59891839,overdue,14.99,0.00,,14.99,-19.22,UNDERBILLED_PARTIAL,Bill total is lower than PO total by 19.22 (partial receive/billing or vendor credit)
17-14092-22210,2026-01-15,UNKNOWN,ivyg213,5623409000001160099,71.63,71.63,0.00,0.00,0.00,0.00,1,5623409000002387020,17-14092-22210,overdue,65.00,0.00,,65.00,-6.63,UNDERBILLED_PARTIAL,Bill total is lower than PO total by 6.63 (partial receive/billing or vendor credit)
18-14090-81156,2026-01-15,UNKNOWN,timi6312,5623409000001160030,131.85,131.85,0.00,0.00,0.00,0.00,1,5623409000002382796,18-14090-81156,overdue,109.98,0.00,,109.98,-21.87,UNDERBILLED_PARTIAL,Bill total is lower than PO total by 21.87 (partial receive/billing or vendor credit)
59867396,2026-01-13,UNKNOWN,Goodwill,5623409000001153092,106.88,106.88,0.00,0.00,0.00,0.00,1,5623409000002383206,59867396,overdue,82.00,0.00,,82.00,-24.88,UNDERBILLED_PARTIAL,Bill total is lower than PO total by 24.88 (partial receive/billing or vendor credit)
59867411,2026-01-13,UNKNOWN,Goodwill,5623409000001153078,60.42,60.42,0.00,0.00,0.00,0.00,1,5623409000002383231,59867411,overdue,43.66,0.00,,43.66,-16.76,UNDERBILLED_PARTIAL,Bill total is lower than PO total by 16.76 (partial receive/billing or vendor credit)
21-14083-65710,2026-01-14,UNKNOWN,tailsfromthethrift,5623409000001150415,64.99,64.99,0.00,0.00,0.00,0.00,1,5623409000002383332,21-14083-65710,overdue,54.99,0.00,,54.99,-10.00,UNDERBILLED_PARTIAL,Bill total is lower than PO total by 10.00 (partial receive/billing or vendor credit)
15-14091-77059,2026-01-14,UNKNOWN,rlfinds,5623409000001150226,71.58,71.58,0.00,0.00,0.00,0.00,1,5623409000002383351,15-14091-77059,overdue,66.49,0.00,,66.49,-5.09,UNDERBILLED_PARTIAL,Bill total is lower than PO total by 5.09 (partial receive/billing or vendor credit)
04-14107-37968,2026-01-14,UNKNOWN,offergirl,5623409000001150157,67.29,67.29,0.00,0.00,0.00,0.00,1,5623409000002369763,04-14107-37968,overdue,55.87,0.00,,55.87,-11.42,UNDERBILLED_PARTIAL,Bill total is lower than PO total by 11.42 (partial receive/billing or vendor credit)
05-14106-41545,2026-01-14,UNKNOWN,yeahwellsoisyourface,5623409000001150088,72.00,72.00,0.00,0.00,0.00,0.00,1,5623409000002383374,05-14106-41545,overdue,60.00,0.00,,60.00,-12.00,UNDERBILLED_PARTIAL,Bill total is lower than PO total by 12.00 (partial receive/billing or vendor credit)
TK 8004,2026-01-13,UNKNOWN,Kara Sobieski,5623409000001148966,0.00,0.00,0.00,0.00,0.00,0.00,0,,,UNBILLED,0.00,0.00,,0.00,0.00,UNBILLED,PO has no linked bills in Zoho
46836225,2026-01-13,UNKNOWN,ULINE,5623409000001148658,851.03,851.03,0.00,0.00,0.00,0.00,1,5623409000002382645,46836225,overdue,761.40,0.00,,761.40,-89.63,UNDERBILLED_PARTIAL,Bill total is lower than PO total by 89.63 (partial receive/billing or vendor credit)
24734398,2026-01-13,UNKNOWN,Monoprice,5623409000001148536,506.77,506.77,0.00,0.00,0.00,0.00,1,5623409000002375724,24734398,overdue,408.00,0.00,,408.00,-98.77,UNDERBILLED_PARTIAL,Bill total is lower than PO total by 98.77 (partial receive/billing or vendor credit)
16-14087-61417,2026-01-13,UNKNOWN,dmpcollector,5623409000001148440,84.00,84.00,0.00,0.00,0.00,0.00,1,5623409000002362960,16-14087-61417,overdue,64.00,0.00,,64.00,-20.00,UNDERBILLED_PARTIAL,Bill total is lower than PO total by 20.00 (partial receive/billing or vendor credit)
23-14077-05166,2026-01-13,UNKNOWN,joanc_85,5623409000001154142,82.20,82.20,0.00,0.00,0.00,0.00,1,5623409000002383258,23-14077-05166,overdue,70.00,0.00,,70.00,-12.20,UNDERBILLED_PARTIAL,Bill total is lower than PO total by 12.20 (partial receive/billing or vendor credit)
25-14073-38609,2026-01-13,UNKNOWN,acedynamic,5623409000001154073,8.60,8.60,0.00,0.00,0.00,0.00,1,5623409000002373852,25-14073-38609,overdue,13.60,0.00,,13.60,5.00,OVERBILLED_LINE_DIFF,Bill total exceeds PO total by 5.00 with 0 bill adjustment (check line item quantities/rates)
08-14097-07339,2026-01-13,UNKNOWN,acedynamic,5623409000001154018,8.60,8.60,0.00,0.00,0.00,0.00,1,5623409000002373871,08-14097-07339,overdue,13.60,0.00,,13.60,5.00,OVERBILLED_LINE_DIFF,Bill total exceeds PO total by 5.00 with 0 bill adjustment (check line item quantities/rates)
15-14086-97235,2026-01-13,UNKNOWN,look4structure,5623409000001148295,73.90,73.90,0.00,0.00,0.00,0.00,1,5623409000002383293,15-14086-97235,overdue,60.00,0.00,,60.00,-13.90,UNDERBILLED_PARTIAL,Bill total is lower than PO total by 13.90 (partial receive/billing or vendor credit)
01-14107-27305,2026-01-13,UNKNOWN,maxarstore,5623409000001148226,75.29,75.29,0.00,0.00,0.00,0.00,1,5623409000002373890,01-14107-27305,overdue,64.99,0.00,,64.99,-10.30,UNDERBILLED_PARTIAL,Bill total is lower than PO total by 10.30 (partial receive/billing or vendor credit)
12-14091-06338,2026-01-13,UNKNOWN,acedynamic,5623409000001148157,8.60,8.60,0.00,0.00,0.00,0.00,1,5623409000002373915,12-14091-06338,overdue,13.60,0.00,,13.60,5.00,OVERBILLED_LINE_DIFF,Bill total exceeds PO total by 5.00 with 0 bill adjustment (check line item quantities/rates)
25-14072-65154,2026-01-13,UNKNOWN,acedynamic,5623409000001148102,8.60,8.60,0.00,0.00,0.00,0.00,1,5623409000002385091,25-14072-65154,overdue,13.60,0.00,,13.60,5.00,OVERBILLED_LINE_DIFF,Bill total exceeds PO total by 5.00 with 0 bill adjustment (check line item quantities/rates)
59844480,2026-01-13,UNKNOWN,Goodwill,5623409000001148064,254.50,254.50,0.00,0.00,0.00,0.00,1,5623409000002382716,59844480,overdue,201.00,0.00,,201.00,-53.50,UNDERBILLED_PARTIAL,Bill total is lower than PO total by 53.50 (partial receive/billing or vendor credit)
59843309,2026-01-12,UNKNOWN,Goodwill,5623409000001148038,138.02,138.02,0.00,0.00,0.00,0.00,1,5623409000002377874,59843309,overdue,86.00,0.00,,86.00,-52.02,UNDERBILLED_PARTIAL,Bill total is lower than PO total by 52.02 (partial receive/billing or vendor credit)
59840052,2026-01-12,UNKNOWN,Goodwill,5623409000001144287,76.10,76.10,0.00,0.00,0.00,0.00,1,5623409000002382597,59840052,overdue,56.00,0.00,,56.00,-20.10,UNDERBILLED_PARTIAL,Bill total is lower than PO total by 20.10 (partial receive/billing or vendor credit)
59838588,2026-01-12,UNKNOWN,Goodwill,5623409000001144273,352.35,352.35,0.00,0.00,0.00,0.00,1,5623409000002369696,59838588,overdue,327.00,0.00,,327.00,-25.35,UNDERBILLED_PARTIAL,Bill total is lower than PO total by 25.35 (partial receive/billing or vendor credit)
16-14082-88911,2026-01-12,UNKNOWN,ngagnebin,5623409000001144032,85.28,85.28,0.00,0.00,0.00,0.00,1,5623409000002380584,16-14082-88911,overdue,68.00,0.00,,68.00,-17.28,UNDERBILLED_PARTIAL,Bill total is lower than PO total by 17.28 (partial receive/billing or vendor credit)
07-14093-79508,2026-01-12,UNKNOWN,artiotrade,5623409000001142611,82.99,82.99,0.00,0.00,0.00,0.00,1,5623409000002377919,07-14093-79508,overdue,70.00,0.00,,70.00,-12.99,UNDERBILLED_PARTIAL,Bill total is lower than PO total by 12.99 (partial receive/billing or vendor credit)
23-14070-96869,2026-01-12,UNKNOWN,telbouy916,5623409000001142475,170.00,170.00,0.00,0.00,0.00,0.00,1,5623409000002377938,23-14070-96869,overdue,150.00,0.00,,150.00,-20.00,UNDERBILLED_PARTIAL,Bill total is lower than PO total by 20.00 (partial receive/billing or vendor credit)
24-14083-11990,2026-01-12,UNKNOWN,whizwhite,5623409000001142379,190.50,190.50,0.00,0.00,0.00,0.00,1,5623409000002377957,24-14083-11990,overdue,173.50,0.00,,173.50,-17.00,UNDERBILLED_PARTIAL,Bill total is lower than PO total by 17.00 (partial receive/billing or vendor credit)
59826729,2026-01-12,UNKNOWN,Goodwill,5623409000001142319,210.36,210.36,0.00,0.00,0.00,0.00,1,5623409000002382620,59826729,overdue,176.00,0.00,,176.00,-34.36,UNDERBILLED_PARTIAL,Bill total is lower than PO total by 34.36 (partial receive/billing or vendor credit)
59809988,2026-01-11,UNKNOWN,Goodwill,5623409000001133027,185.61,185.61,0.00,0.00,0.00,0.00,1,5623409000002382572,59809988,overdue,158.00,0.00,,158.00,-27.61,UNDERBILLED_PARTIAL,Bill total is lower than PO total by 27.61 (partial receive/billing or vendor credit)
59809892,2026-01-11,UNKNOWN,Goodwill,5623409000001133005,62.34,62.34,0.00,0.00,0.00,0.00,1,5623409000002377851,59809892,overdue,22.00,0.00,,22.00,-40.34,UNDERBILLED_PARTIAL,Bill total is lower than PO total by 40.34 (partial receive/billing or vendor credit)
111-4128751-5726653,2026-01-09,UNKNOWN,Amazon,5623409000001123109,71.20,71.20,0.00,0.00,0.00,0.00,1,5623409000002382537,111-4128751-5726653,overdue,107.77,0.00,,107.77,36.57,OVERBILLED_LINE_DIFF,Bill total exceeds PO total by 36.57 with 0 bill adjustment (check line item quantities/rates)
25-14059-16764,2026-01-10,UNKNOWN,fercog,5623409000001115294,180.00,180.00,0.00,0.00,0.00,0.00,1,5623409000002383153,25-14059-16764,overdue,150.00,0.00,,150.00,-30.00,UNDERBILLED_PARTIAL,Bill total is lower than PO total by 30.00 (partial receive/billing or vendor credit)
59773093,2026-01-09,UNKNOWN,Goodwill,5623409000001112647,42.35,42.35,0.00,0.00,0.00,0.00,1,5623409000002377832,59773093,overdue,28.00,0.00,,28.00,-14.35,UNDERBILLED_PARTIAL,Bill total is lower than PO total by 14.35 (partial receive/billing or vendor credit)
59826764,2026-01-12,UNKNOWN,Goodwill,5623409000001112599,220.70,220.70,0.00,0.00,0.00,0.00,1,5623409000002377976,59826764,overdue,180.99,0.00,,180.99,-39.71,UNDERBILLED_PARTIAL,Bill total is lower than PO total by 39.71 (partial receive/billing or vendor credit)
08-14077-71408,2026-01-08,UNKNOWN,waynmegil_0,5623409000001112090,147.50,147.50,0.00,0.00,0.00,0.00,1,5623409000002373769,08-14077-71408,overdue,127.50,0.00,,127.50,-20.00,UNDERBILLED_PARTIAL,Bill total is lower than PO total by 20.00 (partial receive/billing or vendor credit)
11-14070-88103,2026-01-08,UNKNOWN,tallgir_19,5623409000001115083,79.30,79.30,0.00,0.00,0.00,0.00,1,5623409000002380490,11-14070-88103,overdue,65.00,0.00,,65.00,-14.30,UNDERBILLED_PARTIAL,Bill total is lower than PO total by 14.30 (partial receive/billing or vendor credit)
03-14082-10770,2026-01-08,UNKNOWN,kingschristmas,5623409000001115028,63.30,63.30,0.00,0.00,0.00,0.00,1,5623409000002383109,03-14082-10770,overdue,49.99,0.00,,49.99,-13.31,UNDERBILLED_PARTIAL,Bill total is lower than PO total by 13.31 (partial receive/billing or vendor credit)
08-14074-85790,2026-01-08,UNKNOWN,tallgir_19,5623409000001111926,96.52,96.52,0.00,0.00,0.00,0.00,1,5623409000002382514,08-14074-85790,overdue,79.99,0.00,,79.99,-16.53,UNDERBILLED_PARTIAL,Bill total is lower than PO total by 16.53 (partial receive/billing or vendor credit)
59752822,2026-01-07,UNKNOWN,Goodwill,5623409000001113021,26.31,26.31,0.00,0.00,0.00,0.00,1,5623409000002382381,59752822,overdue,9.99,0.00,,9.99,-16.32,UNDERBILLED_PARTIAL,Bill total is lower than PO total by 16.32 (partial receive/billing or vendor credit)
59563816,2025-12-29,UNKNOWN,"Goodwill Industries - Big Bend, Inc.",5623409000001114122,64.58,64.58,0.00,3.25,0.00,3.25,1,5623409000001114144,59563816,overdue,39.00,22.33,S&H,64.58,0.00,MATCH_WITH_ADJ,"Bill total matches PO total, but has adjustment=22.33"
12-14066-96288,2026-01-07,UNKNOWN,the_bay_supply,5623409000001114043,83.50,83.50,0.00,0.00,0.00,0.00,1,5623409000002375982,12-14066-96288,overdue,70.00,0.00,,70.00,-13.50,UNDERBILLED_PARTIAL,Bill total is lower than PO total by 13.50 (partial receive/billing or vendor credit)
16-14060-91293,2026-01-07,UNKNOWN,harrietannajoynes,5623409000001111831,167.94,167.94,0.00,0.00,0.00,0.00,1,5623409000002383001,16-14060-91293,overdue,150.00,0.00,,150.00,-17.94,UNDERBILLED_PARTIAL,Bill total is lower than PO total by 17.94 (partial receive/billing or vendor credit)
26-14046-73483,2026-01-07,UNKNOWN,seyfferk,5623409000001111762,84.36,84.36,0.00,0.00,0.00,0.00,1,5623409000002369506,26-14046-73483,overdue,72.00,0.00,,72.00,-12.36,UNDERBILLED_PARTIAL,Bill total is lower than PO total by 12.36 (partial receive/billing or vendor credit)
26-14046-59116,2026-01-07,UNKNOWN,mattmang,5623409000001111531,75.00,75.00,0.00,0.00,0.00,0.00,1,5623409000002380372,26-14046-59116,overdue,70.00,0.00,,70.00,-5.00,UNDERBILLED_PARTIAL,Bill total is lower than PO total by 5.00 (partial receive/billing or vendor credit)
18-14057-93948,2026-01-07,UNKNOWN,mc-225,5623409000001111462,96.00,96.00,0.00,0.00,0.00,0.00,1,5623409000002380395,18-14057-93948,overdue,79.99,0.00,,79.99,-16.01,UNDERBILLED_PARTIAL,Bill total is lower than PO total by 16.01 (partial receive/billing or vendor credit)
07-14073-43530,2026-01-07,UNKNOWN,presentingnewrealities,5623409000001111226,59.71,59.71,0.00,0.00,0.00,0.00,1,5623409000002382430,07-14073-43530,overdue,49.99,0.00,,49.99,-9.72,UNDERBILLED_PARTIAL,Bill total is lower than PO total by 9.72 (partial receive/billing or vendor credit)
20-14054-97996,2026-01-07,UNKNOWN,thegridgoodwill,5623409000001111157,82.53,82.53,0.00,0.00,0.00,0.00,1,5623409000002377703,20-14054-97996,overdue,50.00,0.00,,50.00,-32.53,UNDERBILLED_PARTIAL,Bill total is lower than PO total by 32.53 (partial receive/billing or vendor credit)
05-14076-53488,2026-01-07,UNKNOWN,energyfb25,5623409000001111102,425.00,425.00,0.00,0.00,0.00,0.00,1,5623409000002382455,05-14076-53488,overdue,400.00,0.00,,400.00,-25.00,UNDERBILLED_PARTIAL,Bill total is lower than PO total by 25.00 (partial receive/billing or vendor credit)
08-14071-01546,2026-01-07,UNKNOWN,nem955,5623409000001111019,67.30,67.30,0.00,0.00,0.00,0.00,1,5623409000002377722,08-14071-01546,overdue,49.65,0.00,,49.65,-17.65,UNDERBILLED_PARTIAL,Bill total is lower than PO total by 17.65 (partial receive/billing or vendor credit)
16-14059-39076,2026-01-07,UNKNOWN,bishopsbagskicksntoys,5623409000001102956,90.00,90.00,0.00,0.00,0.00,0.00,1,5623409000002383045,16-14059-39076,overdue,75.00,0.00,,75.00,-15.00,UNDERBILLED_PARTIAL,Bill total is lower than PO total by 15.00 (partial receive/billing or vendor credit)
59746024,2026-01-07,UNKNOWN,Goodwill,5623409000001102871,182.11,182.11,0.00,0.00,0.00,0.00,1,5623409000002383064,59746024,overdue,135.65,0.00,,135.65,-46.46,UNDERBILLED_PARTIAL,Bill total is lower than PO total by 46.46 (partial receive/billing or vendor credit)
59725845,2026-01-06,UNKNOWN,Goodwill,5623409000001102377,30.87,30.87,0.00,0.00,0.00,0.00,1,5623409000002373636,59725845,overdue,9.99,0.00,,9.99,-20.88,UNDERBILLED_PARTIAL,Bill total is lower than PO total by 20.88 (partial receive/billing or vendor credit)
59726890,2026-01-06,UNKNOWN,Goodwill,5623409000001102355,389.66,389.66,0.00,0.00,0.00,0.00,1,5623409000002373655,59726890,overdue,350.00,0.00,,350.00,-39.66,UNDERBILLED_PARTIAL,Bill total is lower than PO total by 39.66 (partial receive/billing or vendor credit)
59746084,2026-01-07,UNKNOWN,Goodwill,5623409000001102337,261.42,261.42,0.00,0.00,0.00,0.00,1,5623409000002369604,59746084,overdue,216.00,0.00,,216.00,-45.42,UNDERBILLED_PARTIAL,Bill total is lower than PO total by 45.42 (partial receive/billing or vendor credit)
59726666,2026-01-06,UNKNOWN,Goodwill,5623409000001102315,26.57,26.57,0.00,0.00,0.00,0.00,1,5623409000002382297,59726666,overdue,9.99,0.00,,9.99,-16.58,UNDERBILLED_PARTIAL,Bill total is lower than PO total by 16.58 (partial receive/billing or vendor credit)
59726609,2026-01-06,UNKNOWN,Goodwill,5623409000001102301,198.65,198.65,0.00,0.00,0.00,0.00,1,5623409000002377564,59726609,overdue,170.00,0.00,,170.00,-28.65,UNDERBILLED_PARTIAL,Bill total is lower than PO total by 28.65 (partial receive/billing or vendor credit)
22-14047-98482,2026-01-06,UNKNOWN,pgbsales,5623409000001102113,88.05,88.05,0.00,0.00,0.00,0.00,1,5623409000002382326,22-14047-98482,overdue,70.00,0.00,,70.00,-18.05,UNDERBILLED_PARTIAL,Bill total is lower than PO total by 18.05 (partial receive/billing or vendor credit)
59708676,2026-01-06,UNKNOWN,Goodwill,5623409000001090798,54.19,54.19,0.00,0.00,0.00,0.00,1,5623409000002382352,59708676,overdue,29.99,0.00,,29.99,-24.20,UNDERBILLED_PARTIAL,Bill total is lower than PO total by 24.20 (partial receive/billing or vendor credit)
59708656,2026-01-06,UNKNOWN,Goodwill,5623409000001090759,263.47,263.47,0.00,0.00,0.00,0.00,1,5623409000002369455,59708656,overdue,227.00,0.00,,227.00,-36.47,UNDERBILLED_PARTIAL,Bill total is lower than PO total by 36.47 (partial receive/billing or vendor credit)
59708647,2026-01-06,UNKNOWN,Goodwill,5623409000001090721,194.54,194.54,0.00,0.00,0.00,0.00,1,5623409000002377606,59708647,overdue,162.00,0.00,,162.00,-32.54,UNDERBILLED_PARTIAL,Bill total is lower than PO total by 32.54 (partial receive/billing or vendor credit)
59708639,2026-01-06,UNKNOWN,Goodwill,5623409000001090703,169.94,169.94,0.00,0.00,0.00,0.00,1,5623409000002380347,59708639,overdue,142.00,0.00,,142.00,-27.94,UNDERBILLED_PARTIAL,Bill total is lower than PO total by 27.94 (partial receive/billing or vendor credit)
59708630,2026-01-06,UNKNOWN,Goodwill,5623409000001090675,28.77,28.77,0.00,0.00,0.00,0.00,1,5623409000002377640,59708630,overdue,10.99,0.00,,10.99,-17.78,UNDERBILLED_PARTIAL,Bill total is lower than PO total by 17.78 (partial receive/billing or vendor credit)
24-14055-46496,2026-01-05,UNKNOWN,macmastermike,5623409000001084043,80.10,80.10,0.00,0.00,0.00,0.00,1,5623409000002382262,24-14055-46496,overdue,60.00,0.00,,60.00,-20.10,UNDERBILLED_PARTIAL,Bill total is lower than PO total by 20.10 (partial receive/billing or vendor credit)
59687310,2026-01-05,UNKNOWN,Goodwill,5623409000001090123,63.50,63.50,0.00,0.00,0.00,0.00,1,5623409000002375912,59687310,overdue,50.00,0.00,,50.00,-13.50,UNDERBILLED_PARTIAL,Bill total is lower than PO total by 13.50 (partial receive/billing or vendor credit)
59687283,2026-01-05,UNKNOWN,Goodwill,5623409000001090109,63.60,63.60,0.00,0.00,0.00,0.00,1,5623409000002373617,59687283,overdue,45.00,0.00,,45.00,-18.60,UNDERBILLED_PARTIAL,Bill total is lower than PO total by 18.60 (partial receive/billing or vendor credit)
59687260,2026-01-05,UNKNOWN,Goodwill,5623409000001090073,34.32,34.32,0.00,0.00,0.00,0.00,1,5623409000002375935,59687260,overdue,9.99,0.00,,9.99,-24.33,UNDERBILLED_PARTIAL,Bill total is lower than PO total by 24.33 (partial receive/billing or vendor credit)
59687255,2026-01-04,UNKNOWN,Goodwill,5623409000001090059,31.57,31.57,0.00,0.00,0.00,0.00,1,5623409000002382135,59687255,overdue,15.99,0.00,,15.99,-15.58,UNDERBILLED_PARTIAL,Bill total is lower than PO total by 15.58 (partial receive/billing or vendor credit)
59687238,2026-01-04,UNKNOWN,Goodwill,5623409000001090045,35.49,35.49,0.00,0.00,0.00,0.00,1,5623409000002377425,59687238,overdue,12.00,0.00,,12.00,-23.49,UNDERBILLED_PARTIAL,Bill total is lower than PO total by 23.49 (partial receive/billing or vendor credit)
59687204,2026-01-04,UNKNOWN,Goodwill,5623409000001090001,170.36,170.36,0.00,0.00,0.00,0.00,1,5623409000002382154,59687204,overdue,139.99,0.00,,139.99,-30.37,UNDERBILLED_PARTIAL,Bill total is lower than PO total by 30.37 (partial receive/billing or vendor credit)
8208353811448387,2026-01-03,UNKNOWN,Remote control of the world,5623409000001081274,77.67,77.67,0.00,0.00,0.00,0.00,1,5623409000002741955,8208353811448387,overdue,72.66,5.01,Shipping Fee + Tax + Handling Fee,77.67,0.00,MATCH_WITH_ADJ,"Bill total matches PO total, but has adjustment=5.01"
01-14070-20204,2026-01-04,UNKNOWN,ermo02,5623409000001081217,39.78,39.78,0.00,0.00,0.00,0.00,1,5623409000002380213,01-14070-20204,overdue,34.99,0.00,,34.99,-4.79,UNDERBILLED_PARTIAL,Bill total is lower than PO total by 4.79 (partial receive/billing or vendor credit)
25-14035-98005,2026-01-04,UNKNOWN,sc_sales-1,5623409000001081047,51.92,51.92,0.00,0.00,0.00,0.00,1,5623409000002382179,25-14035-98005,overdue,39.90,0.00,,39.90,-12.02,UNDERBILLED_PARTIAL,Bill total is lower than PO total by 12.02 (partial receive/billing or vendor credit)
20-14042-91223,2026-01-04,UNKNOWN,redrockcollectibles,5623409000001075901,49.95,49.95,0.00,0.00,0.00,0.00,1,5623409000002382214,20-14042-91223,overdue,39.95,0.00,,39.95,-10.00,UNDERBILLED_PARTIAL,Bill total is lower than PO total by 10.00 (partial receive/billing or vendor credit)
01-14070-16046,2026-01-04,UNKNOWN,dramo-13,5623409000001075774,256.89,256.89,0.00,0.00,0.00,0.00,1,5623409000002380260,01-14070-16046,overdue,120.00,0.00,,120.00,-136.89,UNDERBILLED_PARTIAL,Bill total is lower than PO total by 136.89 (partial receive/billing or vendor credit)
12-14054-27140,2026-01-04,UNKNOWN,me7889,5623409000001075712,84.98,84.98,0.00,0.00,0.00,0.00,1,5623409000002373586,12-14054-27140,overdue,74.99,0.00,,74.99,-9.99,UNDERBILLED_PARTIAL,Bill total is lower than PO total by 9.99 (partial receive/billing or vendor credit)
24-14051-99864,2026-01-04,UNKNOWN,prodtuck,5623409000001075641,35.99,35.99,0.00,0.00,0.00,0.00,1,5623409000002377479,24-14051-99864,overdue,30.00,0.00,,30.00,-5.99,UNDERBILLED_PARTIAL,Bill total is lower than PO total by 5.99 (partial receive/billing or vendor credit)
26-14031-58711,2026-01-04,UNKNOWN,tidi-69,5623409000001075512,112.73,112.73,0.00,0.00,0.00,0.00,1,5623409000002377502,26-14031-58711,overdue,79.98,0.00,,79.98,-32.75,UNDERBILLED_PARTIAL,Bill total is lower than PO total by 32.75 (partial receive/billing or vendor credit)
15-14047-01097,2026-01-04,UNKNOWN,pirra38,5623409000001075431,98.99,98.99,0.00,0.00,0.00,0.00,1,5623409000002369406,15-14047-01097,overdue,85.00,0.00,,85.00,-13.99,UNDERBILLED_PARTIAL,Bill total is lower than PO total by 13.99 (partial receive/billing or vendor credit)
03-14063-87935,2026-01-04,UNKNOWN,certifiedrhodes,5623409000001075358,174.67,174.67,0.00,0.00,0.00,0.00,1,5623409000002377521,03-14063-87935,overdue,159.87,0.00,,159.87,-14.80,UNDERBILLED_PARTIAL,Bill total is lower than PO total by 14.80 (partial receive/billing or vendor credit)
06-14059-61414,2026-01-04,UNKNOWN,nextdayseller1,5623409000001075285,78.53,78.53,0.00,0.00,0.00,0.00,1,5623409000002382243,06-14059-61414,overdue,58.49,0.00,,58.49,-20.04,UNDERBILLED_PARTIAL,Bill total is lower than PO total by 20.04 (partial receive/billing or vendor credit)
23-14032-91668,2026-01-03,UNKNOWN,stefandjody,5623409000001075216,24.21,24.21,0.00,0.00,0.00,0.00,1,5623409000002377389,23-14032-91668,overdue,17.46,0.00,,17.46,-6.75,UNDERBILLED_PARTIAL,Bill total is lower than PO total by 6.75 (partial receive/billing or vendor credit)
59671568,2026-01-04,UNKNOWN,Goodwill,5623409000001075178,172.07,172.07,0.00,0.00,0.00,0.00,1,5623409000002369429,59671568,overdue,123.00,0.00,,123.00,-49.07,UNDERBILLED_PARTIAL,Bill total is lower than PO total by 49.07 (partial receive/billing or vendor credit)
8208353811468387,2026-01-03,UNKNOWN,YAOLE Store,5623409000001075099,10.03,10.03,0.00,0.00,0.00,0.00,1,5623409000002373557,8208353811468387,overdue,9.39,0.00,,9.39,-0.64,UNDERBILLED_PARTIAL,Bill total is lower than PO total by 0.64 (partial receive/billing or vendor credit)
8208353811488387,2026-01-03,UNKNOWN,Vbestlife Homy Tool Store,5623409000001075044,8.08,8.08,0.00,0.00,0.00,0.00,1,5623409000002382116,8208353811488387,overdue,7.56,0.00,,7.56,-0.52,UNDERBILLED_PARTIAL,Bill total is lower than PO total by 0.52 (partial receive/billing or vendor credit)
8208353811428387,2026-01-03,UNKNOWN,Computer Server Accessories Store,5623409000001062230,435.32,435.32,0.00,0.00,0.00,0.00,1,5623409000002380180,8208353811428387,overdue,407.25,0.00,,407.25,-28.07,UNDERBILLED_PARTIAL,Bill total is lower than PO total by 28.07 (partial receive/billing or vendor credit)
18-14036-60955,2026-01-02,UNKNOWN,medicine-chest,5623409000001062096,80.02,80.02,0.00,0.00,0.00,0.00,1,5623409000002382027,18-14036-60955,overdue,65.00,0.00,,65.00,-15.02,UNDERBILLED_PARTIAL,Bill total is lower than PO total by 15.02 (partial receive/billing or vendor credit)
14-14040-54669,2026-01-02,UNKNOWN,aquito04,5623409000001058497,84.98,84.98,0.00,0.00,0.00,0.00,1,5623409000002382046,14-14040-54669,overdue,69.99,0.00,,69.99,-14.99,UNDERBILLED_PARTIAL,Bill total is lower than PO total by 14.99 (partial receive/billing or vendor credit)
10-14046-00148,2026-01-02,UNKNOWN,quicksales100,5623409000001058424,82.66,82.66,0.00,0.00,0.00,0.00,1,5623409000002369288,10-14046-00148,overdue,74.99,0.00,,74.99,-7.67,UNDERBILLED_PARTIAL,Bill total is lower than PO total by 7.67 (partial receive/billing or vendor credit)
21-14030-40480,2026-01-02,UNKNOWN,bigbtra-38,5623409000001058349,58.24,58.24,0.00,0.00,0.00,0.00,1,5623409000002369307,21-14030-40480,overdue,50.99,0.00,,50.99,-7.25,UNDERBILLED_PARTIAL,Bill total is lower than PO total by 7.25 (partial receive/billing or vendor credit)
06-14051-89883,2026-01-02,UNKNOWN,saltcitysecondhand,5623409000001058015,177.95,177.95,0.00,0.00,0.00,0.00,1,5623409000002373526,06-14051-89883,overdue,159.99,0.00,,159.99,-17.96,UNDERBILLED_PARTIAL,Bill total is lower than PO total by 17.96 (partial receive/billing or vendor credit)
8208526239128387,2026-01-02,UNKNOWN,Computer Server Accessories Store,5623409000001051086,434.84,434.84,0.00,0.00,0.00,0.00,1,5623409000002377370,8208526239128387,overdue,406.44,0.00,,406.44,-28.40,UNDERBILLED_PARTIAL,Bill total is lower than PO total by 28.40 (partial receive/billing or vendor credit)
59614948,2025-12-24,UNKNOWN,Goodwill Northern Michigan,5623409000001051008,36.87,36.87,0.00,1.43,0.00,1.43,0,,,UNBILLED,0.00,0.00,,0.00,0.00,UNBILLED,PO has no linked bills in Zoho
59633309,2026-01-02,UNKNOWN,Goodwill,5623409000001043875,106.97,106.97,0.00,0.00,0.00,0.00,1,5623409000002369338,59633309,overdue,77.00,0.00,,77.00,-29.97,UNDERBILLED_PARTIAL,Bill total is lower than PO total by 29.97 (partial receive/billing or vendor credit)
59633301,2026-01-02,UNKNOWN,Goodwill,5623409000001043861,24.74,24.74,0.00,0.00,0.00,0.00,1,5623409000002369357,59633301,overdue,8.99,0.00,,8.99,-15.75,UNDERBILLED_PARTIAL,Bill total is lower than PO total by 15.75 (partial receive/billing or vendor credit)
59633218,2026-01-01,UNKNOWN,Goodwill,5623409000001043570,58.11,58.11,0.00,0.00,0.00,0.00,1,5623409000002382002,59633218,overdue,29.98,0.00,,29.98,-28.13,UNDERBILLED_PARTIAL,Bill total is lower than PO total by 28.13 (partial receive/billing or vendor credit)
59614941,2026-01-01,UNKNOWN,Goodwill,5623409000001040369,157.66,157.66,0.00,0.00,0.00,0.00,1,5623409000002380098,59614941,overdue,130.00,0.00,,130.00,-27.66,UNDERBILLED_PARTIAL,Bill total is lower than PO total by 27.66 (partial receive/billing or vendor credit)
17-14031-60763,2026-01-01,UNKNOWN,t-philly35,5623409000001040298,119.30,119.30,0.00,0.00,0.00,0.00,1,5623409000002422006,17-14031-60763,paid,70.00,49.30,Shipping Fee + Tax + Handling Fee,119.30,0.00,MATCH_WITH_ADJ,"Bill total matches PO total, but has adjustment=49.30"
13-14037-25843,2025-12-31,UNKNOWN,coditrans08,5623409000001040227,57.00,57.00,0.00,0.00,0.00,0.00,1,5623409000001040247,13-14037-25843,overdue,48.00,9.00,S&H,57.00,0.00,MATCH_WITH_ADJ,"Bill total matches PO total, but has adjustment=9.00"
01-14054-40432,2025-12-31,UNKNOWN,howshineyareyourcards,5623409000001040154,166.34,166.34,0.00,0.00,0.00,0.00,1,5623409000001040178,01-14054-40432,overdue,150.00,16.34,S&H,166.34,0.00,MATCH_WITH_ADJ,"Bill total matches PO total, but has adjustment=16.34"
03-14051-01144,2025-12-31,UNKNOWN,huskerfan42011,5623409000001040079,35.55,35.55,0.00,0.00,0.00,0.00,1,5623409000001040099,03-14051-01144,overdue,31.96,9.99,S&H,35.55,0.00,MATCH_WITH_ADJ,"Bill total matches PO total, but has adjustment=9.99"
22-14021-72093,2025-12-30,UNKNOWN,offernow,5623409000001043155,109.82,109.82,0.00,0.00,0.00,0.00,1,5623409000001043175,22-14021-72093,overdue,89.96,19.86,S&H,109.82,0.00,MATCH_WITH_ADJ,"Bill total matches PO total, but has adjustment=19.86"
18-14026-87960,2025-12-30,UNKNOWN,stoutt284,5623409000001046099,59.46,59.46,0.00,0.00,0.00,0.00,1,5623409000001046119,18-14026-87960,overdue,54.00,5.46,S&H,59.46,0.00,MATCH_WITH_ADJ,"Bill total matches PO total, but has adjustment=5.46"
19-14025-49349,2025-12-30,UNKNOWN,troxy-llc,5623409000001046026,41.15,41.15,0.00,0.00,0.00,0.00,1,5623409000001046048,19-14025-49349,overdue,35.15,6.00,S&H,41.15,0.00,MATCH_WITH_ADJ,"Bill total matches PO total, but has adjustment=6.00"
01-14050-60048,2025-12-30,UNKNOWN,tsghi,5623409000001044114,119.95,119.95,0.00,0.00,0.00,0.00,1,5623409000001044134,01-14050-60048,overdue,100.00,19.95,S&H,119.95,0.00,MATCH_WITH_ADJ,"Bill total matches PO total, but has adjustment=19.95"
04-14045-84632,2025-12-30,UNKNOWN,brakoo61,5623409000001044043,110.05,110.05,0.00,0.00,0.00,0.00,1,5623409000001044063,04-14045-84632,overdue,89.87,20.18,S&H,110.05,0.00,MATCH_WITH_ADJ,"Bill total matches PO total, but has adjustment=20.18"
04-14045-84085,2025-12-30,UNKNOWN,zeroinat25,5623409000001038994,97.94,97.94,0.00,0.00,0.00,0.00,1,5623409000001044012,04-14045-84085,draft,89.99,7.95,S&H,97.94,0.00,INACTIVE_BILL,Bill is in DRAFT status
59576709,2025-12-29,UNKNOWN,"Goodwill Southern New England, Inc.",5623409000001035045,231.48,231.48,0.00,14.96,0.00,14.96,0,,,UNBILLED,0.00,0.00,,0.00,0.00,UNBILLED,PO has no linked bills in Zoho
59576490,2025-12-29,UNKNOWN,Goodwill of Colorado,5623409000001035009,338.52,338.52,0.00,23.56,0.00,23.56,0,,,UNBILLED,0.00,0.00,,0.00,0.00,UNBILLED,PO has no linked bills in Zoho
59576407,2025-12-29,UNKNOWN,"Goodwill Industries of SW Florida, Inc.",5623409000001034038,50.07,50.07,0.00,1.90,0.00,1.90,0,,,UNBILLED,0.00,0.00,,0.00,0.00,UNBILLED,PO has no linked bills in Zoho
59576380,2025-12-29,UNKNOWN,"Goodwill Industries of Delaware & Delaware County, Inc.",5623409000001034016,46.01,46.01,0.00,2.33,0.00,2.33,0,,,UNBILLED,0.00,0.00,,0.00,0.00,UNBILLED,PO has no linked bills in Zoho
UNKNOWN,2025-12-29,UNKNOWN,Summit Enterprise LLC,5623409000001024096,0.00,0.00,0.00,0.00,0.00,0.00,0,,,UNBILLED,0.00,0.00,,0.00,0.00,UNBILLED,PO has no linked bills in Zoho
8205880206608387,2025-12-29,UNKNOWN,Aliexpress,5623409000001010164,22.92,22.92,0.00,0.00,0.00,0.00,0,,,UNBILLED,0.00,0.00,,0.00,0.00,UNBILLED,PO has no linked bills in Zoho
27-14005-16719,2025-12-28,UNKNOWN,pmopo,5623409000001008766,189.93,189.93,0.00,0.00,0.00,0.00,1,5623409000001008788,27-14005-16719,overdue,160.00,29.93,S&H,189.93,0.00,MATCH_WITH_ADJ,"Bill total matches PO total, but has adjustment=29.93"
59545907,2025-12-28,UNKNOWN,Goodwill of Orange County,5623409000001008708,311.66,311.66,0.00,0.00,0.00,0.00,0,,,UNBILLED,0.00,0.00,,0.00,0.00,UNBILLED,PO has no linked bills in Zoho
59545771,2025-12-28,UNKNOWN,Land of Lincoln Goodwill,5623409000001008692,147.33,147.33,0.00,9.61,0.00,9.61,1,5623409000001044445,59545771,overdue,121.00,16.72,S&H,147.33,0.00,MATCH_WITH_ADJ,"Bill total matches PO total, but has adjustment=16.72"
59545595,2025-12-28,UNKNOWN,Goodwill of Greater Grand Rapids,5623409000001008678,22.33,22.33,0.00,0.58,0.00,0.58,0,,,UNBILLED,0.00,0.00,,0.00,0.00,UNBILLED,PO has no linked bills in Zoho
22-14011-80763,2025-12-28,UNKNOWN,midmanima,5623409000001008552,179.98,179.98,0.00,0.00,0.00,0.00,1,5623409000001008574,22-14011-80763,overdue,159.99,19.99,S&H,179.98,0.00,MATCH_WITH_ADJ,"Bill total matches PO total, but has adjustment=19.99"
26-14006-13702,2025-12-28,UNKNOWN,elliottbaymercantile,5623409000001008465,175.10,175.10,0.00,0.00,0.00,0.00,1,5623409000001008489,26-14006-13702,overdue,150.00,25.10,S&H,175.10,0.00,MATCH_WITH_ADJ,"Bill total matches PO total, but has adjustment=25.10"
10-14028-49938,2025-12-28,UNKNOWN,collect*now,5623409000001008323,119.98,119.98,0.00,0.00,0.00,0.00,1,5623409000001008345,10-14028-49938,overdue,99.99,19.99,S&H,119.98,0.00,MATCH_WITH_ADJ,"Bill total matches PO total, but has adjustment=19.99"
24-14023-69090,2025-12-28,UNKNOWN,tjam12us,5623409000001008250,81.99,81.99,0.00,0.00,0.00,0.00,1,5623409000001008272,24-14023-69090,overdue,75.00,6.99,S&H,81.99,0.00,MATCH_WITH_ADJ,"Bill total matches PO total, but has adjustment=6.99"
11-14027-18966,2025-12-28,UNKNOWN,retrogamesmediaandmore,5623409000001008177,81.69,81.69,0.00,0.00,0.00,0.00,1,5623409000001008199,11-14027-18966,overdue,69.99,11.70,S&H,81.69,0.00,MATCH_WITH_ADJ,"Bill total matches PO total, but has adjustment=11.70"
04-14032-50207,2025-12-27,UNKNOWN,jpcolwell,5623409000001013085,638.38,638.38,0.00,0.00,0.00,0.00,1,5623409000001013107,04-14032-50207,overdue,550.00,88.38,S&H,638.38,0.00,MATCH_WITH_ADJ,"Bill total matches PO total, but has adjustment=88.38"
27-14000-31970,2025-12-27,UNKNOWN,rdor-26,5623409000001013012,69.90,69.90,0.00,0.00,0.00,0.00,1,5623409000001013034,27-14000-31970,overdue,60.00,9.90,S&H,69.90,0.00,MATCH_WITH_ADJ,"Bill total matches PO total, but has adjustment=9.90"
20-14009-44970,2025-12-27,UNKNOWN,cletoga60,5623409000001011939,75.50,75.50,0.00,0.00,0.00,0.00,1,5623409000001011961,20-14009-44970,overdue,60.00,15.50,S&H,75.50,0.00,MATCH_WITH_ADJ,"Bill total matches PO total, but has adjustment=15.50"
01-14036-69375,2025-12-27,UNKNOWN,grloc-8092,5623409000001011874,124.00,124.00,0.00,0.00,0.00,0.00,1,5623409000001011896,01-14036-69375,overdue,100.00,24.00,S&H,124.00,0.00,MATCH_WITH_ADJ,"Bill total matches PO total, but has adjustment=24.00"
09-14024-80311,2025-12-28,UNKNOWN,game_store4,5623409000001011764,150.68,150.68,0.00,0.00,0.00,0.00,1,5623409000001058579,09-14024-80311,overdue,134.29,16.39,S&H,150.68,0.00,MATCH_WITH_ADJ,"Bill total matches PO total, but has adjustment=16.39"
59513691,2025-12-27,UNKNOWN,Goodwill of North Georgia,5623409000001007660,102.21,102.21,0.00,4.97,0.00,4.97,0,,,UNBILLED,0.00,0.00,,0.00,0.00,UNBILLED,PO has no linked bills in Zoho
250934181,2025-12-26,UNKNOWN,Goodwill of Southeast Georgia,5623409000001007646,241.57,241.57,0.00,14.88,0.00,14.88,0,,,UNBILLED,0.00,0.00,,0.00,0.00,UNBILLED,PO has no linked bills in Zoho
05-14028-48947,2025-12-26,UNKNOWN,uncut_thrift,5623409000001007540,140.35,140.35,0.00,0.00,0.00,0.00,1,5623409000001007564,05-14028-48947,overdue,98.00,42.35,S&H,140.35,0.00,MATCH_WITH_ADJ,"Bill total matches PO total, but has adjustment=42.35"
05-14028-39335,2025-12-26,UNKNOWN,thecuriosityspot,5623409000001007456,65.20,65.20,0.00,0.00,0.00,0.00,1,5623409000001007478,05-14028-39335,overdue,43.20,22.00,S&H,65.20,0.00,MATCH_WITH_ADJ,"Bill total matches PO total, but has adjustment=22.00"
02-14032-35223,2025-12-26,UNKNOWN,ffleitas,5623409000001007383,62.12,62.12,0.00,0.00,0.00,0.00,1,5623409000001007405,02-14032-35223,overdue,49.99,12.13,S&H,62.12,0.00,MATCH_WITH_ADJ,"Bill total matches PO total, but has adjustment=12.13"
03-14030-63534,2025-12-26,UNKNOWN,bugoutgearinc,5623409000001007310,118.74,118.74,0.00,0.00,0.00,0.00,1,5623409000001007332,03-14030-63534,overdue,94.99,23.75,S&H,118.74,0.00,MATCH_WITH_ADJ,"Bill total matches PO total, but has adjustment=23.75"
06-14026-65185,2025-12-26,UNKNOWN,presenceofline,5623409000001007237,161.93,161.93,0.00,0.00,0.00,0.00,1,5623409000001007259,06-14026-65185,overdue,132.00,29.93,S&H,161.93,0.00,MATCH_WITH_ADJ,"Bill total matches PO total, but has adjustment=29.93"
25-13998-49121,2025-12-26,UNKNOWN,chsan3465,5623409000001007164,42.82,42.82,0.00,0.00,0.00,0.00,1,5623409000001007186,25-13998-49121,overdue,30.00,12.82,S&H,42.82,0.00,MATCH_WITH_ADJ,"Bill total matches PO total, but has adjustment=12.82"
09-14019-37537,2025-12-26,UNKNOWN,lihusc_0,5623409000001002206,110.79,110.79,0.00,0.00,0.00,0.00,1,5623409000001002226,09-14019-37537,overdue,80.00,30.79,S&H,110.79,0.00,MATCH_WITH_ADJ,"Bill total matches PO total, but has adjustment=30.79"
250815872,2025-12-25,UNKNOWN,Goodwill of the Olympics and Rainier Region,5623409000001003883,26.93,26.93,0.00,1.94,0.00,1.94,0,,,UNBILLED,0.00,0.00,,0.00,0.00,UNBILLED,PO has no linked bills in Zoho
59753751,2025-12-25,UNKNOWN,Goodwill of North Georgia,5623409000001003869,54.23,54.23,0.00,2.95,0.00,2.95,0,,,UNBILLED,0.00,0.00,,0.00,0.00,UNBILLED,PO has no linked bills in Zoho
59576457,2025-12-25,UNKNOWN,Goodwill Industries of the Columbia Willamette,5623409000001003847,103.39,103.39,0.00,6.28,0.00,6.28,0,,,UNBILLED,0.00,0.00,,0.00,0.00,UNBILLED,PO has no linked bills in Zoho
251009568,2025-12-25,UNKNOWN,Easterseals-Goodwill Northern Rocky Mountain -SLC,5623409000001003833,22.95,22.95,0.00,0.93,0.00,0.93,0,,,UNBILLED,0.00,0.00,,0.00,0.00,UNBILLED,PO has no linked bills in Zoho
59489207,2025-12-25,UNKNOWN,Chattanooga Goodwill Industries Inc.,5623409000001003815,195.07,195.07,0.00,12.75,0.00,12.75,0,,,UNBILLED,0.00,0.00,,0.00,0.00,UNBILLED,PO has no linked bills in Zoho
59456633,2025-12-24,UNKNOWN,Southern Oregon Goodwill Industries,5623409000001003664,95.64,95.64,0.00,5.58,0.00,5.58,1,5623409000001003686,59456633,overdue,67.99,22.07,S&H,95.64,0.00,MATCH_WITH_ADJ,"Bill total matches PO total, but has adjustment=22.07"
24-14012-22784,2025-12-25,UNKNOWN,chipper9195,5623409000001003249,224.58,224.58,0.00,0.00,0.00,0.00,1,5623409000001003271,24-14012-22784,overdue,209.90,14.68,S&H,224.58,0.00,MATCH_WITH_ADJ,"Bill total matches PO total, but has adjustment=14.68"
17-14006-81462,2025-12-25,UNKNOWN,dboles83,5623409000001003178,110.00,110.00,0.00,0.00,0.00,0.00,1,5623409000001003198,17-14006-81462,overdue,48.07,61.93,S&H,110.00,0.00,MATCH_WITH_ADJ,"Bill total matches PO total, but has adjustment=61.93"
21-14000-92513,2025-12-25,UNKNOWN,cjae,5623409000001003034,50.90,50.90,0.00,0.00,0.00,0.00,1,5623409000001003056,21-14000-92513,overdue,29.95,20.95,S&H,50.90,0.00,MATCH_WITH_ADJ,"Bill total matches PO total, but has adjustment=20.95"
59469439,2025-12-24,UNKNOWN,Richmond - Goodwill of Central & Coastal Virginia,5623409000001002042,29.33,29.33,0.00,1.41,0.00,1.41,1,5623409000001040734,59469439,overdue,16.05,11.87,S&H,29.33,0.00,MATCH_WITH_ADJ,"Bill total matches PO total, but has adjustment=11.87"
59469345,2025-12-24,UNKNOWN,Goodwill San Diego and Imperial Counties,5623409000001002014,174.52,174.52,0.00,11.70,0.00,11.70,1,5623409000001040643,59469345,overdue,151.00,11.82,S&H,174.52,0.00,MATCH_WITH_ADJ,"Bill total matches PO total, but has adjustment=11.82"
59469292,2025-12-24,UNKNOWN,Goodwill of the Olympics and Rainier Region,5623409000000993831,56.63,56.63,0.00,4.07,0.00,4.07,1,5623409000001040590,59469292,overdue,52.55,0.01,S&H,56.63,0.00,MATCH_WITH_ADJ,"Bill total matches PO total, but has adjustment=0.01"
59468949,2025-12-24,UNKNOWN,Goodwill of North Georgia,5623409000000993781,51.48,51.48,0.00,1.93,0.00,1.93,1,5623409000001043790,59468949,overdue,20.99,28.56,S&H,51.48,0.00,MATCH_WITH_ADJ,"Bill total matches PO total, but has adjustment=28.56"
59468751,2025-12-24,UNKNOWN,Evergreen Goodwill,5623409000000993755,430.35,430.35,0.00,29.92,0.00,29.92,1,5623409000001044245,59468751,overdue,379.99,20.44,S&H,430.35,0.00,MATCH_WITH_ADJ,"Bill total matches PO total, but has adjustment=20.44"
59468996,2025-12-24,UNKNOWN,Goodwill of North Georgia,5623409000000993729,138.14,138.14,0.00,8.38,0.00,8.38,1,5623409000001044329,59468996,overdue,104.00,25.76,S&H,138.14,0.00,MATCH_WITH_ADJ,"Bill total matches PO total, but has adjustment=25.76"
59504331,2025-12-24,UNKNOWN,Goodwill Industries of the Columbia Willamette,5623409000000993689,62.98,62.98,0.00,3.41,0.00,3.41,1,5623409000001024214,59504331,overdue,39.98,19.59,S&H,62.98,0.00,MATCH_WITH_ADJ,"Bill total matches PO total, but has adjustment=19.59"
59563970,2025-12-24,UNKNOWN,Goodwill Industries of the Columbia Willamette,5623409000000993653,169.06,169.06,0.00,11.16,0.00,11.16,1,5623409000001040454,59563970,overdue,139.99,17.91,S&H,169.06,0.00,MATCH_WITH_ADJ,"Bill total matches PO total, but has adjustment=17.91"
59463489,2025-12-24,UNKNOWN,"Goodwill Industries of SW Florida, Inc.",5623409000000993626,91.01,91.01,0.00,4.05,0.00,4.05,1,5623409000001040399,59463489,overdue,47.77,39.19,S&H,91.01,0.00,MATCH_WITH_ADJ,"Bill total matches PO total, but has adjustment=39.19"
59463406,2025-12-24,UNKNOWN,Easterseals-Goodwill Northern Rocky Mountain-Boise,5623409000000993606,24.75,24.75,0.00,1.01,0.00,1.01,1,5623409000001043731,59463406,overdue,11.00,12.74,S&H,24.75,0.00,MATCH_WITH_ADJ,"Bill total matches PO total, but has adjustment=12.74"
59456340,2025-12-23,UNKNOWN,"Goodwill Industries of Middle Tennessee, Inc.",5623409000000993531,182.95,182.95,0.00,12.17,0.00,12.17,1,5623409000000993553,59456340,overdue,154.00,16.78,S&H,182.95,0.00,MATCH_WITH_ADJ,"Bill total matches PO total, but has adjustment=16.78"
59387933,2025-12-24,UNKNOWN,"Goodwill Industries of the Chesapeake, Inc.",5623409000000993470,174.23,174.23,0.00,11.55,0.00,11.55,1,5623409000000993492,59387933,overdue,146.00,16.68,S&H,174.23,0.00,MATCH_WITH_ADJ,"Bill total matches PO total, but has adjustment=16.68"
59456752,2025-12-22,UNKNOWN,Goodwill of Southwestern Pennsylvania,5623409000000993409,62.61,62.61,0.00,3.73,0.00,3.73,1,5623409000000993431,59456752,overdue,46.00,12.88,S&H,62.61,0.00,MATCH_WITH_ADJ,"Bill total matches PO total, but has adjustment=12.88"
22-13996-23356,2025-12-24,UNKNOWN,nwcollectables25,5623409000000998199,109.35,109.35,0.00,0.00,0.00,0.00,1,5623409000000998221,22-13996-23356,overdue,89.65,19.70,S&H,109.35,0.00,MATCH_WITH_ADJ,"Bill total matches PO total, but has adjustment=19.70"
18-14001-89698,2025-12-24,UNKNOWN,thegreen_man,5623409000000998045,83.78,83.78,0.00,0.00,0.00,0.00,1,5623409000000998065,18-14001-89698,overdue,70.00,13.78,S&H,83.78,0.00,MATCH_WITH_ADJ,"Bill total matches PO total, but has adjustment=13.78"
05-14019-35377,2025-12-23,UNKNOWN,parkcanoga,5623409000000990422,98.61,98.61,0.00,0.00,0.00,0.00,1,5623409000000990446,05-14019-35377,overdue,89.00,9.61,S&H,98.61,0.00,MATCH_WITH_ADJ,"Bill total matches PO total, but has adjustment=9.61"
03-14020-68688,2025-12-23,UNKNOWN,a_byrds_nest,5623409000000987305,99.93,99.93,0.00,0.00,0.00,0.00,1,5623409000000987327,03-14020-68688,overdue,70.00,29.93,S&H,99.93,0.00,MATCH_WITH_ADJ,"Bill total matches PO total, but has adjustment=29.93"
12-14007-20912,2025-12-23,UNKNOWN,denny-gifts,5623409000000984543,59.99,59.99,0.00,0.00,0.00,0.00,1,5623409000000984565,12-14007-20912,overdue,44.99,15.00,S&H,59.99,0.00,MATCH_WITH_ADJ,"Bill total matches PO total, but has adjustment=15.00"
17-13999-96736,2025-12-23,UNKNOWN,ktinsley5150,5623409000000984470,169.16,169.16,0.00,0.00,0.00,0.00,1,5623409000000984492,17-13999-96736,overdue,150.00,19.16,S&H,169.16,0.00,MATCH_WITH_ADJ,"Bill total matches PO total, but has adjustment=19.16"
27-13986-18552,2025-12-23,UNKNOWN,hoyl_1,5623409000000984399,118.49,118.49,0.00,0.00,0.00,0.00,1,5623409000000984419,27-13986-18552,overdue,103.49,15.00,S&H,118.49,0.00,MATCH_WITH_ADJ,"Bill total matches PO total, but has adjustment=15.00"
10-14009-71296,2025-12-23,UNKNOWN,amastep36,5623409000000984312,179.25,179.25,0.00,0.00,0.00,0.00,1,5623409000000984336,10-14009-71296,overdue,124.00,55.25,S&H,179.25,0.00,MATCH_WITH_ADJ,"Bill total matches PO total, but has adjustment=55.25"
20-13995-75390,2025-12-23,UNKNOWN,treasure_seekers,5623409000000984239,172.19,172.19,0.00,0.00,0.00,0.00,1,5623409000000984261,20-13995-75390,overdue,149.99,22.20,S&H,172.19,0.00,MATCH_WITH_ADJ,"Bill total matches PO total, but has adjustment=22.20"
04-14018-31156,2025-12-23,UNKNOWN,elizpad4,5623409000000984166,146.55,146.55,0.00,0.00,0.00,0.00,1,5623409000000984188,04-14018-31156,overdue,100.00,46.55,S&H,146.55,0.00,MATCH_WITH_ADJ,"Bill total matches PO total, but has adjustment=46.55"
14-14003-65145,2025-12-23,UNKNOWN,refrsh_clothing,5623409000000984081,179.93,179.93,0.00,0.00,0.00,0.00,1,5623409000000984103,14-14003-65145,overdue,150.00,29.93,S&H,179.93,0.00,MATCH_WITH_ADJ,"Bill total matches PO total, but has adjustment=29.93"
13-14005-17847,2025-12-23,UNKNOWN,gooddeals_17,5623409000000983994,174.15,174.15,0.00,0.00,0.00,0.00,1,5623409000000984018,13-14005-17847,overdue,150.00,24.15,S&H,174.15,0.00,MATCH_WITH_ADJ,"Bill total matches PO total, but has adjustment=24.15"
26-13986-25356,2025-12-22,UNKNOWN,martyfoley,5623409000000983851,62.99,62.99,0.00,0.00,0.00,0.00,1,5623409000000983873,26-13986-25356,overdue,50.00,12.99,S&H,62.99,0.00,MATCH_WITH_ADJ,"Bill total matches PO total, but has adjustment=12.99"
19-13996-16935,2025-12-22,UNKNOWN,stanton18.6,5623409000000983778,167.24,167.24,0.00,0.00,0.00,0.00,1,5623409000000983800,19-13996-16935,overdue,130.00,37.24,S&H,167.24,0.00,MATCH_WITH_ADJ,"Bill total matches PO total, but has adjustment=37.24"
19-13996-16783,2025-12-23,UNKNOWN,sailorsnofam,5623409000000983705,100.00,100.00,0.00,0.00,0.00,0.00,1,5623409000000983727,19-13996-16783,overdue,60.00,40.00,S&H,100.00,0.00,MATCH_WITH_ADJ,"Bill total matches PO total, but has adjustment=40.00"
17-13998-80970,2025-12-22,UNKNOWN,directswap,5623409000000983675,179.93,179.93,0.00,0.00,0.00,0.00,1,5623409000000983920,17-13998-80970,overdue,150.00,29.93,S&H,179.93,0.00,MATCH_WITH_ADJ,"Bill total matches PO total, but has adjustment=29.93"
15-14001-64495,2025-12-23,UNKNOWN,wild904,5623409000000983602,70.49,70.49,0.00,0.00,0.00,0.00,1,5623409000000983624,15-14001-64495,overdue,44.99,25.50,S&H,70.49,0.00,MATCH_WITH_ADJ,"Bill total matches PO total, but has adjustment=25.50"
15-14001-59960,2025-12-23,UNKNOWN,bambi_auctions,5623409000000983460,92.09,92.09,0.00,0.00,0.00,0.00,1,5623409000000983482,15-14001-59960,overdue,77.00,15.09,S&H,92.09,0.00,MATCH_WITH_ADJ,"Bill total matches PO total, but has adjustment=15.09"
59424050,2025-12-22,UNKNOWN,Goodwill of Central & Southern Indiana,5623409000000983102,40.50,40.50,0.00,1.97,0.00,1.97,1,5623409000001003368,59424050,overdue,22.50,16.03,S&H,40.50,0.00,MATCH_WITH_ADJ,"Bill total matches PO total, but has adjustment=16.03"
59423995,2025-12-22,UNKNOWN,Goodwill Keystone Area - Harrisburg,5623409000000983088,61.43,61.43,0.00,4.42,0.00,4.42,1,5623409000001003415,59423995,overdue,57.00,0.01,S&H,61.43,0.00,MATCH_WITH_ADJ,"Bill total matches PO total, but has adjustment=0.01"
59423941,2025-12-22,UNKNOWN,Goodwill Industries of the Columbia Willamette,5623409000000983074,43.19,43.19,0.00,2.18,0.00,2.18,1,5623409000000987835,59423941,overdue,26.00,15.01,S&H,43.19,0.00,MATCH_WITH_ADJ,"Bill total matches PO total, but has adjustment=15.01"
59422994,2025-12-22,UNKNOWN,"Easter Seals Goodwill ND, Inc.",5623409000000983044,234.89,234.89,0.00,16.89,0.00,16.89,1,5623409000000987732,59422994,overdue,217.99,0.01,S&H,234.89,0.00,MATCH_WITH_ADJ,"Bill total matches PO total, but has adjustment=0.01"
25-13986-64777,2025-12-22,UNKNOWN,kyle_krause25,5623409000000977493,101.55,101.55,0.00,0.00,0.00,0.00,1,5623409000000977513,25-13986-64777,overdue,90.00,11.55,S&H,101.55,0.00,MATCH_WITH_ADJ,"Bill total matches PO total, but has adjustment=11.55"
07-14011-96243,2025-12-22,UNKNOWN,bambam171,5623409000000977375,94.01,94.01,0.00,0.00,0.00,0.00,1,5623409000000977395,07-14011-96243,overdue,84.95,9.06,S&H,94.01,0.00,MATCH_WITH_ADJ,"Bill total matches PO total, but has adjustment=9.06"
13-14003-41285,2025-12-22,UNKNOWN,case.velas,5623409000000977288,135.00,135.00,0.00,0.00,0.00,0.00,1,5623409000000977310,13-14003-41285,overdue,120.00,15.00,S&H,135.00,0.00,MATCH_WITH_ADJ,"Bill total matches PO total, but has adjustment=15.00"
07-14010-43292,2025-12-22,UNKNOWN,noobcakeresales,5623409000000980101,136.85,136.85,0.00,0.00,0.00,0.00,1,5623409000000980123,07-14010-43292,overdue,120.00,16.85,S&H,136.85,0.00,MATCH_WITH_ADJ,"Bill total matches PO total, but has adjustment=16.85"
02-14017-07356,2025-12-22,UNKNOWN,lindag.941,5623409000000978957,63.00,63.00,0.00,0.00,0.00,0.00,1,5623409000000978979,02-14017-07356,overdue,50.00,13.00,S&H,63.00,0.00,MATCH_WITH_ADJ,"Bill total matches PO total, but has adjustment=13.00"
22-13988-30843,2025-12-22,UNKNOWN,sashaaaa,5623409000000978870,305.00,305.00,0.00,0.00,0.00,0.00,1,5623409000000987494,22-13988-30843,overdue,265.00,40.00,S&H,305.00,0.00,MATCH_WITH_ADJ,"Bill total matches PO total, but has adjustment=40.00"
59408172,2025-12-22,UNKNOWN,Evergreen Goodwill,5623409000000978840,25.18,25.18,0.00,1.00,0.00,1.00,1,5623409000000987890,59408172 Bill Date,overdue,9.99,14.19,S&H,25.18,0.00,MATCH_WITH_ADJ,"Bill total matches PO total, but has adjustment=14.19"
59408167,2025-12-22,UNKNOWN,Goodwill Easter Seals Miami Valley,5623409000000978824,181.14,181.14,0.00,11.93,0.00,11.93,1,5623409000000987943,59408167,overdue,153.99,15.22,S&H,181.14,0.00,MATCH_WITH_ADJ,"Bill total matches PO total, but has adjustment=15.22"
59408132,2025-12-21,UNKNOWN,Goodwill Industries of Greater Cleveland & East Central Ohio,5623409000000978806,213.37,213.37,0.00,13.90,0.00,13.90,1,5623409000000990010,59408132,overdue,176.00,23.47,S&H,213.37,0.00,MATCH_WITH_ADJ,"Bill total matches PO total, but has adjustment=23.47"
03-14014-57094,2025-12-21,UNKNOWN,drewshauntedbookshop,5623409000000978620,103.94,103.94,0.00,0.00,0.00,0.00,1,5623409000000978642,03-14014-57094,overdue,90.00,13.94,S&H,103.94,0.00,MATCH_WITH_ADJ,"Bill total matches PO total, but has adjustment=13.94"
14-13999-20223,2025-12-21,UNKNOWN,secondchanceoutlet,5623409000000978385,89.98,89.98,0.00,0.00,0.00,0.00,1,5623409000000978405,14-13999-20223,overdue,69.99,19.99,S&H,89.98,0.00,MATCH_WITH_ADJ,"Bill total matches PO total, but has adjustment=19.99"
21-13989-03564,2025-12-21,UNKNOWN,us_nunw,5623409000000978312,605.09,605.09,0.00,0.00,0.00,0.00,1,5623409000000978334,21-13989-03564,overdue,449.99,155.10,S&H,605.09,0.00,MATCH_WITH_ADJ,"Bill total matches PO total, but has adjustment=155.10"
14-13999-17341,2025-12-21,UNKNOWN,begezinum21,5623409000000978227,67.98,67.98,0.00,0.00,0.00,0.00,1,5623409000000978249,14-13999-17341,overdue,64.99,2.99,S&H,67.98,0.00,MATCH_WITH_ADJ,"Bill total matches PO total, but has adjustment=2.99"
06-14010-43761,2025-12-21,UNKNOWN,webuy376,5623409000000978074,87.98,87.98,0.00,0.00,0.00,0.00,1,5623409000000978096,06-14010-43761,overdue,63.00,24.98,S&H,87.98,0.00,MATCH_WITH_ADJ,"Bill total matches PO total, but has adjustment=24.98"
59404923,2025-12-21,UNKNOWN,Goodwill Industries of the Southern Piedmont,5623409000000969461,22.33,22.33,0.00,0.70,0.00,0.70,1,5623409000001003505,59404923,overdue,7.99,13.64,S&H,22.33,0.00,MATCH_WITH_ADJ,"Bill total matches PO total, but has adjustment=13.64"
59403441,2025-12-21,UNKNOWN,"Goodwill Industries of SW Florida, Inc.",5623409000000969439,111.12,111.12,0.00,1.90,0.00,1.90,1,5623409000000990152,59403441,overdue,19.99,89.23,S&H,111.12,0.00,MATCH_WITH_ADJ,"Bill total matches PO total, but has adjustment=89.23"
59404291,2025-12-21,UNKNOWN,Goodwill Industries of North Florida,5623409000000969415,32.14,32.14,0.00,0.93,0.00,0.93,1,5623409000000990087,59404291,overdue,8.99,22.22,S&H,32.14,0.00,MATCH_WITH_ADJ,"Bill total matches PO total, but has adjustment=22.22"
59403673,2025-12-21,UNKNOWN,Goodwill Industries of North Florida,5623409000000969277,79.80,79.80,0.00,2.25,0.00,2.25,1,5623409000000969315,59403673,overdue,21.00,56.55,S&H,79.80,0.00,MATCH_WITH_ADJ,"Bill total matches PO total, but has adjustment=56.55"
25-13982-44416,2025-12-21,UNKNOWN,onequixtar,5623409000000963862,123.00,123.00,0.00,0.00,0.00,0.00,1,5623409000000963882,25-13982-44416,overdue,115.00,8.00,S&H,123.00,0.00,MATCH_WITH_ADJ,"Bill total matches PO total, but has adjustment=8.00"
09-14004-71808,2025-12-21,UNKNOWN,mijimwhew,5623409000000963722,118.16,118.16,0.00,0.00,0.00,0.00,1,5623409000000963742,09-14004-71808,overdue,99.00,19.16,S&H,118.16,0.00,MATCH_WITH_ADJ,"Bill total matches PO total, but has adjustment=19.16"
27-13979-75310,2025-12-21,UNKNOWN,javsaav-5,5623409000000963645,116.34,116.34,0.00,0.00,0.00,0.00,1,5623409000000963665,27-13979-75310,overdue,100.00,16.34,S&H,116.34,0.00,MATCH_WITH_ADJ,"Bill total matches PO total, but has adjustment=16.34"
23-13985-25106,2025-12-21,UNKNOWN,wyatreiman_0,5623409000000963574,109.03,109.03,0.00,0.00,0.00,0.00,1,5623409000000963594,23-13985-25106,overdue,99.99,9.04,S&H,109.03,0.00,MATCH_WITH_ADJ,"Bill total matches PO total, but has adjustment=9.04"
13-13998-84126,2025-12-21,UNKNOWN,thriftingtothemoon,5623409000000963457,54.94,54.94,0.00,0.00,0.00,0.00,1,5623409000000963479,13-13998-84126,overdue,39.99,14.95,S&H,54.94,0.00,MATCH_WITH_ADJ,"Bill total matches PO total, but has adjustment=14.95"
25-13981-59628,2025-12-21,UNKNOWN,miscprods,5623409000000963370,169.16,169.16,0.00,0.00,0.00,0.00,1,5623409000000963394,25-13981-59628,overdue,150.00,19.16,S&H,169.16,0.00,MATCH_WITH_ADJ,"Bill total matches PO total, but has adjustment=19.16"
10-14002-38932,2025-12-21,UNKNOWN,cam4cc,5623409000000963242,177.84,177.84,0.00,0.00,0.00,0.00,1,5623409000000963264,10-14002-38932,overdue,149.99,27.85,S&H,177.84,0.00,MATCH_WITH_ADJ,"Bill total matches PO total, but has adjustment=27.85"
26-13980-03511,2025-12-21,UNKNOWN,jaxstacks,5623409000000963098,159.94,159.94,0.00,0.00,0.00,0.00,1,5623409000000963122,26-13980-03511,overdue,144.99,14.95,S&H,159.94,0.00,MATCH_WITH_ADJ,"Bill total matches PO total, but has adjustment=14.95"
01-14015-62537,2025-12-21,UNKNOWN,johsend0,5623409000000963025,51.19,51.19,0.00,0.00,0.00,0.00,1,5623409000000963047,01-14015-62537,overdue,42.99,8.20,S&H,51.19,0.00,MATCH_WITH_ADJ,"Bill total matches PO total, but has adjustment=8.20"
59395494,2025-12-20,UNKNOWN,Goodwill of Greater Washington D.C. -VA,5623409000000964975,64.60,64.60,0.00,3.01,0.00,3.01,1,5623409000000993370,59395494,overdue,33.87,27.72,S&H,64.60,0.00,MATCH_WITH_ADJ,"Bill total matches PO total, but has adjustment=27.72"
59395461,2025-12-20,UNKNOWN,Goodwill of Central Iowa,5623409000000964953,89.68,89.68,0.00,5.66,0.00,5.66,1,5623409000000993315,59395461,overdue,70.00,14.02,S&H,89.68,0.00,MATCH_WITH_ADJ,"Bill total matches PO total, but has adjustment=14.02"
59395429,2025-12-20,UNKNOWN,"Goodwill Industries of Northwest North Carolina, Inc.",5623409000000964939,34.35,34.35,0.00,1.57,0.00,1.57,1,5623409000000993260,59395429,overdue,17.25,15.53,S&H,34.35,0.00,MATCH_WITH_ADJ,"Bill total matches PO total, but has adjustment=15.53"
LCPU-KenLickel-121225,2025-12-12,UNKNOWN,Ken Lickel,5623409000000964735,0.00,0.00,0.00,0.00,0.00,0.00,0,,,UNBILLED,0.00,0.00,,0.00,0.00,UNBILLED,PO has no linked bills in Zoho
03-14010-94555,2025-12-20,UNKNOWN,intermountainthrift,5623409000000956571,128.54,128.54,0.00,0.00,0.00,0.00,1,5623409000000956595,03-14010-94555,overdue,100.00,28.54,S&H,128.54,0.00,MATCH_WITH_ADJ,"Bill total matches PO total, but has adjustment=28.54"
25-13980-14217,2025-12-20,UNKNOWN,4pitbulls,5623409000000956490,60.98,60.98,0.00,0.00,0.00,0.00,1,5623409000000956512,25-13980-14217,overdue,49.99,10.99,S&H,60.98,0.00,MATCH_WITH_ADJ,"Bill total matches PO total, but has adjustment=10.99"
12-13998-45159 + 12-13998-45160,2025-12-20,UNKNOWN,yesthattoo,5623409000000956361,158.68,158.68,0.00,0.00,0.00,0.00,1,5623409000000956391,12-13998-45159 + 12-13998-45160,overdue,128.67,30.01,S&H,158.68,0.00,MATCH_WITH_ADJ,"Bill total matches PO total, but has adjustment=30.01"
01-14014-23598,2025-12-20,UNKNOWN,schmack73,5623409000000956290,59.99,59.99,0.00,0.00,0.00,0.00,1,5623409000000956310,01-14014-23598,overdue,40.00,19.99,S&H,59.99,0.00,MATCH_WITH_ADJ,"Bill total matches PO total, but has adjustment=19.99"
16-13991-71108,2025-12-20,UNKNOWN,sammygcollectibles,5623409000000956219,59.95,59.95,0.00,0.00,0.00,0.00,1,5623409000000956239,16-13991-71108,overdue,39.95,20.00,S&H,59.95,0.00,MATCH_WITH_ADJ,"Bill total matches PO total, but has adjustment=20.00"
21-13984-37228,2025-12-20,UNKNOWN,ragtop.man,5623409000000956137,59.71,59.71,0.00,0.00,0.00,0.00,1,5623409000000956157,21-13984-37228,overdue,50.00,9.71,S&H,59.71,0.00,MATCH_WITH_ADJ,"Bill total matches PO total, but has adjustment=9.71"
19-13987-52681,2025-12-20,UNKNOWN,20milyar,5623409000000956050,129.99,129.99,0.00,0.00,0.00,0.00,1,5623409000000956074,19-13987-52681,overdue,99.99,30.00,S&H,129.99,0.00,MATCH_WITH_ADJ,"Bill total matches PO total, but has adjustment=30.00"
59379362,2025-12-20,UNKNOWN,Goodwill of Southwestern Pennsylvania,5623409000000948430,75.55,75.55,0.00,4.34,0.00,4.34,1,5623409000001003558,59379362,overdue,53.99,17.22,S&H,75.55,0.00,MATCH_WITH_ADJ,"Bill total matches PO total, but has adjustment=17.22"
59379335,2025-12-19,UNKNOWN,Goodwill Industries of the Inland Northwest,5623409000000948416,38.58,38.58,0.00,1.94,0.00,1.94,1,5623409000000990207,59379335,overdue,22.00,14.64,S&H,38.58,0.00,MATCH_WITH_ADJ,"Bill total matches PO total, but has adjustment=14.64"
59376157,2025-12-19,UNKNOWN,Goodwill Industries of the Columbia Willamette,5623409000000948394,79.11,79.11,0.00,4.65,0.00,4.65,1,5623409000000969070,59376157,overdue,55.99,18.47,S&H,79.11,0.00,MATCH_WITH_ADJ,"Bill total matches PO total, but has adjustment=18.47"
59376150,2025-12-19,UNKNOWN,Goodwill Industries of South Florida,5623409000000948367,61.12,61.12,0.00,2.56,0.00,2.56,1,5623409000000969011,59376150,overdue,28.00,30.56,S&H,61.12,0.00,MATCH_WITH_ADJ,"Bill total matches PO total, but has adjustment=30.56"
59376137,2025-12-19,UNKNOWN,Goodwill Industries of Central Texas,5623409000000948343,53.54,53.54,0.00,2.87,0.00,2.87,1,5623409000000963946,59376137,overdue,30.98,19.69,S&H,53.54,0.00,MATCH_WITH_ADJ,"Bill total matches PO total, but has adjustment=19.69"
06-14003-84465,2025-12-19,UNKNOWN,jonomama,5623409000000948111,74.95,74.95,0.00,0.00,0.00,0.00,1,5623409000000948133,06-14003-84465,overdue,60.00,14.95,S&H,74.95,0.00,MATCH_WITH_ADJ,"Bill total matches PO total, but has adjustment=14.95"
27-13973-96190,2025-12-19,UNKNOWN,edwardsantiag_0,5623409000000948013,97.20,97.20,0.00,0.00,0.00,0.00,1,5623409000000948037,27-13973-96190,overdue,65.00,32.20,S&H,97.20,0.00,MATCH_WITH_ADJ,"Bill total matches PO total, but has adjustment=32.20"
24-13992-49127,2025-12-19,UNKNOWN,yfllc1,5623409000000924867,124.18,124.18,0.00,0.00,0.00,0.00,1,5623409000000924889,24-13992-49127,overdue,109.99,14.19,S&H,124.18,0.00,MATCH_WITH_ADJ,"Bill total matches PO total, but has adjustment=14.19"
08-13999-97792,2025-12-19,UNKNOWN,jdashcastillo,5623409000000924806,137.49,137.49,0.00,0.00,0.00,0.00,1,5623409000000924828,08-13999-97792,overdue,120.00,17.49,S&H,137.49,0.00,MATCH_WITH_ADJ,"Bill total matches PO total, but has adjustment=17.49"
18-13985-82487,2025-12-19,UNKNOWN,powerupflip,5623409000000924707,123.76,123.76,0.00,0.00,0.00,0.00,1,5623409000000924731,18-13985-82487,overdue,100.00,23.76,S&H,123.76,0.00,MATCH_WITH_ADJ,"Bill total matches PO total, but has adjustment=23.76"
04-14004-77980,2025-12-19,UNKNOWN,kuhawks47,5623409000000924637,150.25,150.25,0.00,0.00,0.00,0.00,1,5623409000000924659,04-14004-77980,overdue,95.00,55.25,S&H,150.25,0.00,MATCH_WITH_ADJ,"Bill total matches PO total, but has adjustment=55.25"
21-13980-37607,2025-12-19,UNKNOWN,thetechfacility,5623409000000924388,109.30,109.30,0.00,0.00,0.00,0.00,1,5623409000000924408,21-13980-37607,overdue,100.00,9.30,S&H,109.30,0.00,MATCH_WITH_ADJ,"Bill total matches PO total, but has adjustment=9.30"
09-13997-34407,2025-12-19,UNKNOWN,gem.state.gems,5623409000000924289,149.16,149.16,0.00,0.00,0.00,0.00,1,5623409000000924313,09-13997-34407,overdue,130.00,19.16,S&H,149.16,0.00,MATCH_WITH_ADJ,"Bill total matches PO total, but has adjustment=19.16"
27-13972-39836,2025-12-19,UNKNOWN,godblessyoumr.rosewater,5623409000000924202,100.61,100.61,0.00,0.00,0.00,0.00,1,5623409000000924226,27-13972-39836,overdue,90.00,10.61,S&H,100.61,0.00,MATCH_WITH_ADJ,"Bill total matches PO total, but has adjustment=10.61"
17-13985-78508,2025-12-19,UNKNOWN,goldpiper27,5623409000000944048,36.00,36.00,0.00,0.00,0.00,0.00,1,5623409000000944072,17-13985-78508,overdue,20.00,16.00,S&H,36.00,0.00,MATCH_WITH_ADJ,"Bill total matches PO total, but has adjustment=16.00"
14-13990-00826,2025-12-19,UNKNOWN,omgr46,5623409000000943975,69.87,69.87,0.00,0.00,0.00,0.00,1,5623409000000943997,14-13990-00826,overdue,50.00,19.87,S&H,69.87,0.00,MATCH_WITH_ADJ,"Bill total matches PO total, but has adjustment=19.87"
19-13982-97021,2025-12-19,UNKNOWN,ilist.ubuy,5623409000000943868,159.98,159.98,0.00,0.00,0.00,0.00,1,5623409000000943894,19-13982-97021,overdue,149.99,9.99,S&H,159.98,0.00,MATCH_WITH_ADJ,"Bill total matches PO total, but has adjustment=9.99"
10-13995-37932,2025-12-19,UNKNOWN,skcrsells,5623409000000943647,60.57,60.57,0.00,0.00,0.00,0.00,1,5623409000000943669,10-13995-37932,overdue,35.00,25.57,S&H,60.57,0.00,MATCH_WITH_ADJ,"Bill total matches PO total, but has adjustment=25.57"
23-13977-35046,2025-12-19,UNKNOWN,utahbruce,5623409000000943574,61.44,61.44,0.00,0.00,0.00,0.00,1,5623409000000943596,23-13977-35046,overdue,47.50,13.94,S&H,61.44,0.00,MATCH_WITH_ADJ,"Bill total matches PO total, but has adjustment=13.94"
10-13995-37132,2025-12-19,UNKNOWN,greatdeals4you9,5623409000000943487,84.97,84.97,0.00,0.00,0.00,0.00,1,5623409000000943511,10-13995-37132,overdue,69.00,15.97,S&H,84.97,0.00,MATCH_WITH_ADJ,"Bill total matches PO total, but has adjustment=15.97"
03-14005-26817,2025-12-19,UNKNOWN,novapickervjr,5623409000000943408,81.98,81.98,0.00,0.00,0.00,0.00,1,5623409000000943430,03-14005-26817,overdue,69.99,11.99,S&H,81.98,0.00,MATCH_WITH_ADJ,"Bill total matches PO total, but has adjustment=11.99"
16-13987-08604,2025-12-19,UNKNOWN,dawulb0,5623409000000943323,149.99,149.99,0.00,0.00,0.00,0.00,1,5623409000000943345,16-13987-08604,overdue,125.00,24.99,S&H,149.99,0.00,MATCH_WITH_ADJ,"Bill total matches PO total, but has adjustment=24.99"
17-13985-56282,2025-12-19,UNKNOWN,mor8622_c3fwe3,5623409000000943252,142.07,142.07,0.00,0.00,0.00,0.00,1,5623409000000943272,17-13985-56282,overdue,129.95,12.12,S&H,142.07,0.00,MATCH_WITH_ADJ,"Bill total matches PO total, but has adjustment=12.12"
21-13979-72763,2025-12-19,UNKNOWN,gorcamp-9147,5623409000000943168,139.93,139.93,0.00,0.00,0.00,0.00,1,5623409000000943190,21-13979-72763,overdue,110.00,29.93,S&H,139.93,0.00,MATCH_WITH_ADJ,"Bill total matches PO total, but has adjustment=29.93"
05-14001-58029,2025-12-18,UNKNOWN,lemee_78,5623409000000942879,162.00,162.00,0.00,0.00,0.00,0.00,1,5623409000000942901,05-14001-58029,overdue,150.00,12.00,S&H,162.00,0.00,MATCH_WITH_ADJ,"Bill total matches PO total, but has adjustment=12.00"
05-14001-56127,2025-12-18,UNKNOWN,coremerrit-0,5623409000000942806,165.00,165.00,0.00,0.00,0.00,0.00,1,5623409000000942828,05-14001-56127,overdue,130.00,35.00,S&H,165.00,0.00,MATCH_WITH_ADJ,"Bill total matches PO total, but has adjustment=35.00"
23-13975-86083,2025-12-18,UNKNOWN,buy_here_sell_here,5623409000000942697,143.49,143.49,0.00,0.00,0.00,0.00,1,5623409000000942721,23-13975-86083,overdue,124.95,18.54,S&H,143.49,0.00,MATCH_WITH_ADJ,"Bill total matches PO total, but has adjustment=18.54"
06-13999-81004,2025-12-18,UNKNOWN,fernlo-3504,5623409000000942624,162.35,162.35,0.00,0.00,0.00,0.00,1,5623409000000942646,06-13999-81004,overdue,120.00,42.35,S&H,162.35,0.00,MATCH_WITH_ADJ,"Bill total matches PO total, but has adjustment=42.35"
18-13982-82290,2025-12-18,UNKNOWN,bankwalker2,5623409000000942460,142.05,142.05,0.00,0.00,0.00,0.00,1,5623409000000942484,18-13982-82290,overdue,114.75,27.30,S&H,142.05,0.00,MATCH_WITH_ADJ,"Bill total matches PO total, but has adjustment=27.30"
02-14005-46502,2025-12-18,UNKNOWN,monfe-chi,5623409000000942389,200.05,200.05,0.00,0.00,0.00,0.00,1,5623409000000942409,02-14005-46502,overdue,170.00,30.05,S&H,200.05,0.00,MATCH_WITH_ADJ,"Bill total matches PO total, but has adjustment=30.05"
59355152,2025-12-18,UNKNOWN,"Goodwill Industries of the Chesapeake, Inc.",5623409000000940419,174.23,174.23,0.00,11.55,0.00,11.55,1,5623409000000969204,59355152,overdue,146.00,16.68,S&H,174.23,0.00,MATCH_WITH_ADJ,"Bill total matches PO total, but has adjustment=16.68"
59355125,2025-12-18,UNKNOWN,"Goodwill Industries of SW Florida, Inc.",5623409000000940405,117.87,117.87,0.00,3.53,0.00,3.53,1,5623409000000969149,59355125,overdue,41.00,73.34,S&H,117.87,0.00,MATCH_WITH_ADJ,"Bill total matches PO total, but has adjustment=73.34"
27-13969-44592,2025-12-18,UNKNOWN,superjustincat,5623409000000939572,114.05,114.05,0.00,0.00,0.00,0.00,1,5623409000000939596,27-13969-44592,overdue,100.00,14.05,S&H,114.05,0.00,MATCH_WITH_ADJ,"Bill total matches PO total, but has adjustment=14.05"
12-13990-03872,2025-12-18,UNKNOWN,breand9542,5623409000000939499,56.83,56.83,0.00,0.00,0.00,0.00,1,5623409000000939521,12-13990-03872,overdue,50.00,6.83,S&H,56.83,0.00,MATCH_WITH_ADJ,"Bill total matches PO total, but has adjustment=6.83"
16-13984-03571,2025-12-18,UNKNOWN,gtwatts,5623409000000939301,49.99,49.99,0.00,0.00,0.00,0.00,1,5623409000000939321,16-13984-03571,overdue,30.00,19.99,S&H,49.99,0.00,MATCH_WITH_ADJ,"Bill total matches PO total, but has adjustment=19.99"
10-13992-29432,2025-12-18,UNKNOWN,positivelifeforever,5623409000000939228,34.75,34.75,0.00,0.00,0.00,0.00,1,5623409000000939250,10-13992-29432,overdue,25.00,9.75,S&H,34.75,0.00,MATCH_WITH_ADJ,"Bill total matches PO total, but has adjustment=9.75"
08-13994-98930,2025-12-18,UNKNOWN,lecoo_3321,5623409000000939155,38.00,38.00,0.00,0.00,0.00,0.00,1,5623409000000939177,08-13994-98930,overdue,18.00,20.00,S&H,38.00,0.00,MATCH_WITH_ADJ,"Bill total matches PO total, but has adjustment=20.00"
06-13998-18574,2025-12-18,UNKNOWN,ogdenalf1984,5623409000000939082,67.92,67.92,0.00,0.00,0.00,0.00,1,5623409000000939104,06-13998-18574,overdue,55.77,12.15,S&H,67.92,0.00,MATCH_WITH_ADJ,"Bill total matches PO total, but has adjustment=12.15"
03-14002-13844,2025-12-18,UNKNOWN,endlesssound,5623409000000938881,38.00,38.00,0.00,0.00,0.00,0.00,1,5623409000000938903,03-14002-13844,overdue,19.00,19.00,S&H,38.00,0.00,MATCH_WITH_ADJ,"Bill total matches PO total, but has adjustment=19.00"
05-13999-85101,2025-12-18,UNKNOWN,betterbargains6,5623409000000938797,160.00,160.00,0.00,0.00,0.00,0.00,1,5623409000000938819,05-13999-85101,overdue,140.00,20.00,S&H,160.00,0.00,MATCH_WITH_ADJ,"Bill total matches PO total, but has adjustment=20.00"
25-13971-34987,2025-12-18,UNKNOWN,melduff06,5623409000000938726,150.93,150.93,0.00,0.00,0.00,0.00,1,5623409000000938746,25-13971-34987,overdue,120.00,30.93,S&H,150.93,0.00,MATCH_WITH_ADJ,"Bill total matches PO total, but has adjustment=30.93"
17-13982-41930,2025-12-18,UNKNOWN,retrohunternorcal,5623409000000938644,147.15,147.15,0.00,0.00,0.00,0.00,1,5623409000000938664,17-13982-41930,overdue,139.99,7.16,S&H,147.15,0.00,MATCH_WITH_ADJ,"Bill total matches PO total, but has adjustment=7.16"
19-13979-76146,2025-12-18,UNKNOWN,jdw3po,5623409000000938557,132.50,132.50,0.00,0.00,0.00,0.00,1,5623409000000938579,19-13979-76146,overdue,125.00,20.00,S&H,132.50,0.00,MATCH_WITH_ADJ,"Bill total matches PO total, but has adjustment=20.00"
20-13978-01345,2025-12-18,UNKNOWN,greensale99,5623409000000938371,190.67,190.67,0.00,11.91,0.00,11.91,1,5623409000000938393,20-13978-01345,overdue,148.88,29.88,S&H,190.67,0.00,MATCH_WITH_ADJ,"Bill total matches PO total, but has adjustment=29.88"
19-13979-47882,2025-12-18,UNKNOWN,greensale99,5623409000000938282,147.76,147.76,0.00,0.00,0.00,0.00,1,5623409000000938306,19-13979-47882,overdue,108.88,38.88,S&H,147.76,0.00,MATCH_WITH_ADJ,"Bill total matches PO total, but has adjustment=38.88"
25-13971-02388,2025-12-18,UNKNOWN,415blaster182,5623409000000938197,165.24,165.24,0.00,0.00,0.00,0.00,1,5623409000000938221,25-13971-02388,overdue,150.00,15.24,S&H,165.24,0.00,MATCH_WITH_ADJ,"Bill total matches PO total, but has adjustment=15.24"
20-13977-91905,2025-12-18,UNKNOWN,threetabbycats,5623409000000938099,179.55,179.55,0.00,0.00,0.00,0.00,1,5623409000000938121,20-13977-91905,overdue,160.00,19.55,S&H,179.55,0.00,MATCH_WITH_ADJ,"Bill total matches PO total, but has adjustment=19.55"
24-13987-03789,2025-12-18,UNKNOWN,labidobeetle,5623409000000936988,175.27,175.27,0.00,0.00,0.00,0.00,1,5623409000000938010,24-13987-03789,overdue,154.99,20.28,S&H,175.27,0.00,MATCH_WITH_ADJ,"Bill total matches PO total, but has adjustment=20.28"
17-13971-10677,2025-12-15,UNKNOWN,jjs_gems,5623409000000935195,419.95,419.95,0.00,0.00,0.00,0.00,0,,,UNBILLED,0.00,0.00,,0.00,0.00,UNBILLED,PO has no linked bills in Zoho
09-13993-17466,2025-12-18,UNKNOWN,uno2trez,5623409000000935090,188.45,188.45,0.00,14.36,0.00,14.36,1,5623409000000935120,09-13993-17466,overdue,152.50,21.59,S&H,188.45,0.00,MATCH_WITH_ADJ,"Bill total matches PO total, but has adjustment=21.59"
24-13986-99376,2025-12-18,UNKNOWN,jpaflips,5623409000000933973,160.35,160.35,0.00,0.00,0.00,0.00,1,5623409000000933999,24-13986-99376,overdue,106.00,54.35,S&H,160.35,0.00,MATCH_WITH_ADJ,"Bill total matches PO total, but has adjustment=54.35"
16-13983-18244,2025-12-18,UNKNOWN,mucc65,5623409000000933748,104.93,104.93,0.00,0.00,0.00,0.00,1,5623409000000933770,16-13983-18244,overdue,75.00,29.93,S&H,104.93,0.00,MATCH_WITH_ADJ,"Bill total matches PO total, but has adjustment=29.93"
15-13984-50066,2025-12-18,UNKNOWN,nadsf_51,5623409000000933657,89.99,89.99,0.00,0.00,0.00,0.00,1,5623409000000933685,15-13984-50066,overdue,69.99,20.00,S&H,89.99,0.00,MATCH_WITH_ADJ,"Bill total matches PO total, but has adjustment=20.00"
26-13969-10005,2025-12-18,UNKNOWN,nadsf_51,5623409000000933598,72.99,72.99,0.00,0.00,0.00,0.00,1,5623409000000933620,26-13969-10005,overdue,54.99,18.00,S&H,72.99,0.00,MATCH_WITH_ADJ,"Bill total matches PO total, but has adjustment=18.00"
02-14003-01370,2025-12-18,UNKNOWN,betterbartervntg,5623409000000933497,277.80,277.80,0.00,0.00,0.00,0.00,1,5623409000000933525,02-14003-01370,overdue,239.90,37.90,S&H,277.80,0.00,MATCH_WITH_ADJ,"Bill total matches PO total, but has adjustment=37.90"
21-13975-78194,2025-12-18,UNKNOWN,brandonjughead,5623409000000933341,80.00,80.00,0.00,0.00,0.00,0.00,1,5623409000000933363,21-13975-78194,overdue,65.00,15.00,S&H,80.00,0.00,MATCH_WITH_ADJ,"Bill total matches PO total, but has adjustment=15.00"
59333444,2025-12-17,UNKNOWN,MERS/Missouri Goodwill Industries,5623409000000933207,53.74,53.74,0.00,2.87,0.00,2.87,1,5623409000000940763,59333444,overdue,37.00,13.87,S&H,53.74,0.00,MATCH_WITH_ADJ,"Bill total matches PO total, but has adjustment=13.87"
59333401,2025-12-17,UNKNOWN,Goodwill Industries of Greater Detroit,5623409000000933193,96.94,96.94,0.00,5.70,0.00,5.70,1,5623409000000990270,59333401,overdue,70.00,21.24,S&H,96.94,0.00,MATCH_WITH_ADJ,"Bill total matches PO total, but has adjustment=21.24"
59355179,2025-12-17,UNKNOWN,Goodwill of North Georgia,5623409000000933175,583.62,583.62,0.00,40.61,0.00,40.61,1,5623409000001003613,59355179,overdue,520.00,23.01,S&H,583.62,0.00,MATCH_WITH_ADJ,"Bill total matches PO total, but has adjustment=23.01"
59326228,2025-12-17,UNKNOWN,Goodwill Industries of Ventura and Santa Barbara Counties	,5623409000000933121,30.88,30.88,0.00,1.59,0.00,1.59,1,5623409000001003458,59326228,overdue,17.00,12.29,S&H,30.88,0.00,MATCH_WITH_ADJ,"Bill total matches PO total, but has adjustment=12.29"
59325065,2025-12-17,UNKNOWN,"Goodwill Industries of SW Florida, Inc.",5623409000000933097,72.14,72.14,0.00,2.60,0.00,2.60,1,5623409000000942267,59307418,overdue,29.00,40.54,S&H,72.14,0.00,MATCH_WITH_ADJ,"Bill total matches PO total, but has adjustment=40.54"
11-13988-07280,2025-12-17,UNKNOWN,winches_1967,5623409000000933024,66.32,66.32,0.00,0.00,0.00,0.00,1,5623409000000933044,11-13988-07280,overdue,45.00,21.32,S&H,66.32,0.00,MATCH_WITH_ADJ,"Bill total matches PO total, but has adjustment=21.32"
59322169,2025-12-17,UNKNOWN,Goodwill of the Olympics and Rainier Region,5623409000000926773,129.31,129.31,0.00,9.30,0.00,9.30,1,5623409000000983168,59322169,overdue,120.00,0.01,S&H,129.31,0.00,MATCH_WITH_ADJ,"Bill total matches PO total, but has adjustment=0.01"
06-13995-17351,2025-12-17,UNKNOWN,oilandgasusa,5623409000000926705,104.00,104.00,0.00,0.00,0.00,0.00,1,5623409000000926725,06-13995-17351,overdue,74.50,29.50,S&H,104.00,0.00,MATCH_WITH_ADJ,"Bill total matches PO total, but has adjustment=29.50"
24-13984-47031,2025-12-17,UNKNOWN,vitable,5623409000000926618,76.66,76.66,0.00,0.00,0.00,0.00,1,5623409000000926640,24-13984-47031,overdue,94.95,12.95,S&H,96.66,20.00,OVERBILLED_CUSTOM_ADJ,"Bill total exceeds PO total by 20.00 (bill adjustment=12.95, charges=0.00)"
24-13983-82138,2025-12-17,UNKNOWN,ppp_irving,5623409000000926528,52.48,52.48,0.00,0.00,0.00,0.00,1,5623409000000926550,24-13983-82138,overdue,37.49,14.99,S&H,52.48,0.00,MATCH_WITH_ADJ,"Bill total matches PO total, but has adjustment=14.99"
06-13994-51515,2025-12-17,UNKNOWN,yfllc1,5623409000000926370,54.37,54.37,0.00,0.00,0.00,0.00,1,5623409000000926392,06-13994-51515,overdue,39.99,14.38,S&H,54.37,0.00,MATCH_WITH_ADJ,"Bill total matches PO total, but has adjustment=14.38"
01-14000-72019,2025-12-17,UNKNOWN,andyshap,5623409000000926019,64.05,64.05,0.00,0.00,0.00,0.00,1,5623409000000926051,01-14000-72019,overdue,50.00,14.05,S&H,64.05,0.00,MATCH_WITH_ADJ,"Bill total matches PO total, but has adjustment=14.05"
12-13984-77475,2025-12-17,UNKNOWN,eternalsfinds,5623409000000927305,153.25,153.25,0.00,0.00,0.00,0.00,1,5623409000000927329,12-13984-77475,overdue,135.00,18.25,S&H,153.25,0.00,MATCH_WITH_ADJ,"Bill total matches PO total, but has adjustment=18.25"
11-13985-90598,2025-12-17,UNKNOWN,jephrem,5623409000000927232,168.96,168.96,0.00,0.00,0.00,0.00,1,5623409000000927254,11-13985-90598,overdue,145.00,23.96,S&H,168.96,0.00,MATCH_WITH_ADJ,"Bill total matches PO total, but has adjustment=23.96"
59313739,2025-12-16,UNKNOWN,Goodwill of North Georgia,5623409000000927121,53.91,53.91,0.00,2.11,0.00,2.11,1,5623409000000939944,59313739,overdue,23.24,28.56,S&H,53.91,0.00,MATCH_WITH_ADJ,"Bill total matches PO total, but has adjustment=28.56"
59313678,2025-12-16,UNKNOWN,Goodwill Industries of the Southern Rivers,5623409000000927099,89.85,89.85,0.00,5.43,0.00,5.43,1,5623409000000940975,59313678,draft,70.00,14.42,S&H,89.85,0.00,INACTIVE_BILL,Bill is in DRAFT status
59313621,2025-12-16,UNKNOWN,Goodwill Industries of South Florida,5623409000000927077,51.74,51.74,0.00,2.10,0.00,2.10,1,5623409000000940337,59313621,overdue,22.00,27.64,S&H,51.74,0.00,MATCH_WITH_ADJ,"Bill total matches PO total, but has adjustment=27.64"
08-13988-16325,2025-12-16,UNKNOWN,t.f_distribution,5623409000000920205,169.99,169.99,0.00,0.00,0.00,0.00,1,5623409000000920227,08-13988-16325,overdue,150.00,19.99,S&H,169.99,0.00,MATCH_WITH_ADJ,"Bill total matches PO total, but has adjustment=19.99"
16-13977-15506,2025-12-16,UNKNOWN,magicrest8gl5,5623409000000920132,55.00,55.00,0.00,0.00,0.00,0.00,1,5623409000000920154,16-13977-15506,overdue,40.00,15.00,S&H,55.00,0.00,MATCH_WITH_ADJ,"Bill total matches PO total, but has adjustment=15.00"
25-13964-55488,2025-12-16,UNKNOWN,davidsvintage94,5623409000000918868,160.00,160.00,0.00,0.00,0.00,0.00,1,5623409000000918894,25-13964-55488,overdue,121.25,38.75,S&H,160.00,0.00,MATCH_WITH_ADJ,"Bill total matches PO total, but has adjustment=38.75"
18-13974-31849,2025-12-16,UNKNOWN,seda_aruhi2012,5623409000000918748,173.00,173.00,0.00,0.00,0.00,0.00,1,5623409000000918772,18-13974-31849,overdue,150.00,23.00,S&H,173.00,0.00,MATCH_WITH_ADJ,"Bill total matches PO total, but has adjustment=23.00"
22-13968-63781,2025-12-16,UNKNOWN,goodwillvsb,5623409000000918675,39.55,39.55,0.00,0.00,0.00,0.00,1,5623409000000918697,22-13968-63781,overdue,26.79,12.76,S&H,39.55,0.00,MATCH_WITH_ADJ,"Bill total matches PO total, but has adjustment=12.76"
19-13972-92047,2025-12-16,UNKNOWN,cncplus,5623409000000918594,58.97,58.97,0.00,0.00,0.00,0.00,1,5623409000000918616,19-13972-92047,overdue,39.99,18.98,S&H,58.97,0.00,MATCH_WITH_ADJ,"Bill total matches PO total, but has adjustment=18.98"
16-13977-08314,2025-12-16,UNKNOWN,stuffsellersd,5623409000000918535,69.99,69.99,0.00,0.00,0.00,0.00,1,5623409000000918557,16-13977-08314,overdue,45.00,24.99,S&H,69.99,0.00,MATCH_WITH_ADJ,"Bill total matches PO total, but has adjustment=24.99"
12-13982-78674,2025-12-16,UNKNOWN,sphynx_gaming,5623409000000918360,175.00,175.00,0.00,0.00,0.00,0.00,1,5623409000000918382,12-13982-78674,overdue,160.00,15.00,S&H,175.00,0.00,MATCH_WITH_ADJ,"Bill total matches PO total, but has adjustment=15.00"
59307495,2025-12-16,UNKNOWN,Goodwill Industries of South Florida,5623409000000918259,42.03,42.03,0.00,1.40,0.00,1.40,1,5623409000000942153,59307495,overdue,12.99,27.64,S&H,42.03,0.00,MATCH_WITH_ADJ,"Bill total matches PO total, but has adjustment=27.64"
59307458,2025-12-16,UNKNOWN,"Goodwill Industries of Northwest North Carolina, Inc.",5623409000000918245,45.80,45.80,0.00,1.29,0.00,1.29,1,5623409000000942095,59307458,overdue,13.99,30.52,S&H,45.80,0.00,MATCH_WITH_ADJ,"Bill total matches PO total, but has adjustment=30.52"
59307418,2025-12-16,UNKNOWN,Hampton – Goodwill of Central & Coastal Virginia,5623409000000918223,76.51,76.51,0.00,2.73,0.00,2.73,1,5623409000000942209,59307418,overdue,32.99,40.79,S&H,76.51,0.00,MATCH_WITH_ADJ,"Bill total matches PO total, but has adjustment=40.79"
59302957,2025-12-16,UNKNOWN,Horizon Goodwill Industries,5623409000000917781,95.54,95.54,0.00,5.11,0.00,5.11,1,5623409000000940078,59302957,overdue,63.00,27.43,S&H,95.54,0.00,MATCH_WITH_ADJ,"Bill total matches PO total, but has adjustment=27.43"
59302830,2025-12-16,UNKNOWN,Goodwill Industries of Greater Cleveland & East Central Ohio,5623409000000917767,44.66,44.66,0.00,2.43,0.00,2.43,1,5623409000000978751,59302830,overdue,28.00,14.23,S&H,44.66,0.00,MATCH_WITH_ADJ,"Bill total matches PO total, but has adjustment=14.23"
12-13982-54179,2025-12-16,UNKNOWN,goodbargainsuk,5623409000000917650,156.60,156.60,0.00,0.00,0.00,0.00,1,5623409000000917676,12-13982-54179,overdue,135.00,21.60,S&H,156.60,0.00,MATCH_WITH_ADJ,"Bill total matches PO total, but has adjustment=21.60"
15-13978-08703,2025-12-16,UNKNOWN,fernando0202,5623409000000917563,151.60,151.60,0.00,0.00,0.00,0.00,1,5623409000000917589,15-13978-08703,overdue,130.00,21.60,S&H,151.60,0.00,MATCH_WITH_ADJ,"Bill total matches PO total, but has adjustment=21.60"
25-13964-15898,2025-12-16,UNKNOWN,scavenge_and_score,5623409000000917465,210.35,210.35,0.00,0.00,0.00,0.00,1,5623409000000917487,25-13964-15898,overdue,162.00,48.35,S&H,210.35,0.00,MATCH_WITH_ADJ,"Bill total matches PO total, but has adjustment=48.35"
22-13968-24384,2025-12-16,UNKNOWN,gusgr593,5623409000000917380,101.60,101.60,0.00,0.00,0.00,0.00,1,5623409000000917402,22-13968-24384,overdue,80.00,21.60,S&H,101.60,0.00,MATCH_WITH_ADJ,"Bill total matches PO total, but has adjustment=21.60"
19-13972-01947,2025-12-16,UNKNOWN,shopstg,5623409000000917307,49.78,49.78,0.00,0.00,0.00,0.00,1,5623409000000917329,19-13972-01947,overdue,39.49,10.29,S&H,49.78,0.00,MATCH_WITH_ADJ,"Bill total matches PO total, but has adjustment=10.29"
13-13980-58240,2025-12-16,UNKNOWN,ho-332807,5623409000000917234,82.82,82.82,0.00,0.00,0.00,0.00,1,5623409000000917256,13-13980-58240,overdue,65.00,17.82,S&H,82.82,0.00,MATCH_WITH_ADJ,"Bill total matches PO total, but has adjustment=17.82"
06-13989-00080,2025-12-16,UNKNOWN,goodwillsocalshop,5623409000000903706,166.50,166.50,0.00,0.00,0.00,0.00,1,5623409000000903728,06-13989-00080,overdue,158.50,8.00,S&H,166.50,0.00,MATCH_WITH_ADJ,"Bill total matches PO total, but has adjustment=8.00"
26-13960-36138,2025-12-16,UNKNOWN,valrya9,5623409000000903626,160.00,160.00,0.00,0.00,0.00,0.00,1,5623409000000903648,26-13960-36138,overdue,145.00,15.00,S&H,160.00,0.00,MATCH_WITH_ADJ,"Bill total matches PO total, but has adjustment=15.00"
22-13965-72215,2025-12-16,UNKNOWN,niro_119060,5623409000000903427,139.95,139.95,0.00,0.00,0.00,0.00,1,5623409000000903449,22-13965-72215,overdue,110.00,29.95,S&H,139.95,0.00,MATCH_WITH_ADJ,"Bill total matches PO total, but has adjustment=29.95"
14-13976-91560,2025-12-16,UNKNOWN,beebomber24,5623409000000903198,74.99,74.99,0.00,0.00,0.00,0.00,0,,,UNBILLED,0.00,0.00,,0.00,0.00,UNBILLED,PO has no linked bills in Zoho
07-13986-76236,2025-12-16,UNKNOWN,kevinable,5623409000000903111,391.00,391.00,0.00,0.00,0.00,0.00,0,,,UNBILLED,0.00,0.00,,0.00,0.00,UNBILLED,PO has no linked bills in Zoho
14-13976-19602,2025-12-16,UNKNOWN,dbeau450,5623409000000903012,560.00,560.00,0.00,0.00,0.00,0.00,0,,,UNBILLED,0.00,0.00,,0.00,0.00,UNBILLED,PO has no linked bills in Zoho
21-13965-33660,2025-12-16,UNKNOWN,dbeau450,5623409000000875569,444.05,444.05,0.00,0.00,0.00,0.00,0,,,UNBILLED,0.00,0.00,,0.00,0.00,UNBILLED,PO has no linked bills in Zoho
23-13962-88682,2025-12-16,UNKNOWN,greensale99,5623409000000875496,437.76,437.76,0.00,0.00,0.00,0.00,0,,,UNBILLED,0.00,0.00,,0.00,0.00,UNBILLED,PO has no linked bills in Zoho
19-13968-47674,2025-12-16,UNKNOWN,greensale99,5623409000000875421,468.40,468.40,0.00,0.00,0.00,0.00,0,,,UNBILLED,0.00,0.00,,0.00,0.00,UNBILLED,PO has no linked bills in Zoho
06-13986-69614,2025-12-16,UNKNOWN,maxxin,5623409000000875317,200.00,200.00,0.00,0.00,0.00,0.00,0,,,UNBILLED,0.00,0.00,,0.00,0.00,UNBILLED,PO has no linked bills in Zoho
59279896,2025-12-15,UNKNOWN,Goodwill Industries of the Inland Northwest,5623409000000869866,43.41,43.41,0.00,0.00,0.00,0.00,0,,,UNBILLED,0.00,0.00,,0.00,0.00,UNBILLED,PO has no linked bills in Zoho
59279311,2025-12-15,UNKNOWN,Goodwill Industries of the Inland Northwest,5623409000000869841,65.51,65.51,0.00,0.00,0.00,0.00,0,,,UNBILLED,0.00,0.00,,0.00,0.00,UNBILLED,PO has no linked bills in Zoho
59278971,2025-12-15,UNKNOWN,"Goodwill Industries of SW Florida, Inc.",5623409000000869825,97.49,97.49,0.00,0.00,0.00,0.00,0,,,UNBILLED,0.00,0.00,,0.00,0.00,UNBILLED,PO has no linked bills in Zoho
59278842,2025-12-15,UNKNOWN,Goodwill Industries of North Florida,5623409000000869803,87.30,87.30,0.00,0.00,0.00,0.00,0,,,UNBILLED,0.00,0.00,,0.00,0.00,UNBILLED,PO has no linked bills in Zoho
111-7261127-0434656,2025-12-15,UNKNOWN,OGORI Inc.,5623409000000869748,140.60,140.60,0.00,0.00,0.00,0.00,0,,,UNBILLED,0.00,0.00,,0.00,0.00,UNBILLED,PO has no linked bills in Zoho
19-13967-92679,2025-12-15,UNKNOWN,sir.randomfinds,5623409000000869662,100.93,100.93,0.00,0.00,0.00,0.00,0,,,UNBILLED,0.00,0.00,,0.00,0.00,UNBILLED,PO has no linked bills in Zoho
12-13977-36069,2025-12-15,UNKNOWN,quiltedbeth,5623409000000869577,202.82,202.82,0.00,0.00,0.00,0.00,0,,,UNBILLED,0.00,0.00,,0.00,0.00,UNBILLED,PO has no linked bills in Zoho
15-13972-66027,2025-12-15,UNKNOWN,coditrans08,5623409000000869506,57.00,57.00,0.00,0.00,0.00,0.00,0,,,UNBILLED,0.00,0.00,,0.00,0.00,UNBILLED,PO has no linked bills in Zoho
08-13982-40419,2025-12-15,UNKNOWN,superpackage,5623409000000869451,79.00,79.00,0.00,0.00,0.00,0.00,0,,,UNBILLED,0.00,0.00,,0.00,0.00,UNBILLED,PO has no linked bills in Zoho
05-13986-97621,2025-12-15,UNKNOWN,brade-3994,5623409000000869321,40.13,40.13,0.00,0.00,0.00,0.00,0,,,UNBILLED,0.00,0.00,,0.00,0.00,UNBILLED,PO has no linked bills in Zoho
05-13986-94056,2025-12-15,UNKNOWN,redbmw328i,5623409000000869191,120.00,120.00,0.00,0.00,0.00,0.00,0,,,UNBILLED,0.00,0.00,,0.00,0.00,UNBILLED,PO has no linked bills in Zoho
20-13965-18191,2025-12-15,UNKNOWN,sellerquality,5623409000000869109,87.37,87.37,0.00,0.00,0.00,0.00,0,,,UNBILLED,0.00,0.00,,0.00,0.00,UNBILLED,PO has no linked bills in Zoho
18-13968-07631,2025-12-15,UNKNOWN,adara_7330,5623409000000869010,143.20,143.20,0.00,0.00,0.00,0.00,0,,,UNBILLED,0.00,0.00,,0.00,0.00,UNBILLED,PO has no linked bills in Zoho
19-13966-63951,2025-12-15,UNKNOWN,arbaj_45,5623409000000736937,73.93,73.93,0.00,0.00,0.00,0.00,0,,,UNBILLED,0.00,0.00,,0.00,0.00,UNBILLED,PO has no linked bills in Zoho
01-13992-23610,2025-12-15,UNKNOWN,10duce,5623409000000736878,94.98,94.98,0.00,0.00,0.00,0.00,0,,,UNBILLED,0.00,0.00,,0.00,0.00,UNBILLED,PO has no linked bills in Zoho
13-13975-08721,2025-12-15,UNKNOWN,kypow-9818,5623409000000736791,390.62,390.62,0.00,0.00,0.00,0.00,0,,,UNBILLED,0.00,0.00,,0.00,0.00,UNBILLED,PO has no linked bills in Zoho
19-13966-16037,2025-12-15,UNKNOWN,thriftonic,5623409000000736723,131.49,131.49,0.00,0.00,0.00,0.00,0,,,UNBILLED,0.00,0.00,,0.00,0.00,UNBILLED,PO has no linked bills in Zoho
25-13957-70434,2025-12-15,UNKNOWN,arbaj_45,5623409000000736636,148.44,148.44,0.00,0.00,0.00,0.00,0,,,UNBILLED,0.00,0.00,,0.00,0.00,UNBILLED,PO has no linked bills in Zoho
08-13981-17379,2025-12-15,UNKNOWN,skedaddle_and_scootch,5623409000000736563,422.83,422.83,0.00,0.00,0.00,0.00,0,,,UNBILLED,0.00,0.00,,0.00,0.00,UNBILLED,PO has no linked bills in Zoho
23-13960-38670,2025-12-15,UNKNOWN,greensale99,5623409000000736490,131.30,131.30,0.00,0.00,0.00,0.00,0,,,UNBILLED,0.00,0.00,,0.00,0.00,UNBILLED,PO has no linked bills in Zoho
24-13973-60530,2025-12-15,UNKNOWN,greensale99,5623409000000736423,126.95,126.95,0.00,0.00,0.00,0.00,0,,,UNBILLED,0.00,0.00,,0.00,0.00,UNBILLED,PO has no linked bills in Zoho
24-13973-37891,2025-12-15,UNKNOWN,gdme-69,5623409000000736330,530.86,530.86,0.00,0.00,0.00,0.00,0,,,UNBILLED,0.00,0.00,,0.00,0.00,UNBILLED,PO has no linked bills in Zoho
23-13959-93228,2025-12-15,UNKNOWN,zh_550856,5623409000000736189,366.09,366.09,0.00,0.00,0.00,0.00,0,,,UNBILLED,0.00,0.00,,0.00,0.00,UNBILLED,PO has no linked bills in Zoho
m78406056252,2025-12-14,UNKNOWN,MERCARI,5623409000000819380,350.62,350.62,0.00,0.00,0.00,0.00,0,,,UNBILLED,0.00,0.00,,0.00,0.00,UNBILLED,PO has no linked bills in Zoho
05-13983-28352,2025-12-15,UNKNOWN,csone1333,5623409000000819275,104.93,104.93,0.00,0.00,0.00,0.00,0,,,UNBILLED,0.00,0.00,,0.00,0.00,UNBILLED,PO has no linked bills in Zoho
59261042,2025-12-14,UNKNOWN,"Goodwill Industries of SW Florida, Inc.",5623409000000819177,105.27,105.27,0.00,0.00,0.00,0.00,0,,,UNBILLED,0.00,0.00,,0.00,0.00,UNBILLED,PO has no linked bills in Zoho
59260926,2025-12-14,UNKNOWN,"Goodwill Industries of SW Florida, Inc.",5623409000000819140,109.85,109.85,0.00,0.00,0.00,0.00,0,,,UNBILLED,0.00,0.00,,0.00,0.00,UNBILLED,PO has no linked bills in Zoho
59260856,2025-12-14,UNKNOWN,Goodwill Industries of the Inland Northwest,5623409000000819126,35.19,35.19,0.00,0.00,0.00,0.00,0,,,UNBILLED,0.00,0.00,,0.00,0.00,UNBILLED,PO has no linked bills in Zoho
59260767,2025-12-14,UNKNOWN,Goodwill of Greater Washington D.C. -VA,5623409000000819112,48.58,48.58,0.00,0.00,0.00,0.00,0,,,UNBILLED,0.00,0.00,,0.00,0.00,UNBILLED,PO has no linked bills in Zoho
59298769,2025-12-14,UNKNOWN,Goodwill of Orange County,5623409000000819090,242.68,242.68,0.00,0.00,0.00,0.00,0,,,UNBILLED,0.00,0.00,,0.00,0.00,UNBILLED,PO has no linked bills in Zoho
03-13984-32029,2025-12-14,UNKNOWN,statestpicker,5623409000000727662,60.70,60.70,0.00,0.00,0.00,0.00,0,,,UNBILLED,0.00,0.00,,0.00,0.00,UNBILLED,PO has no linked bills in Zoho
09-13975-83468,2025-12-14,UNKNOWN,arbaj_45,5623409000000727571,148.44,148.44,0.00,0.00,0.00,0.00,0,,,UNBILLED,0.00,0.00,,0.00,0.00,UNBILLED,PO has no linked bills in Zoho
06-13980-33384,2025-12-14,UNKNOWN,venabi,5623409000000727496,59.99,59.99,0.00,0.00,0.00,0.00,0,,,UNBILLED,0.00,0.00,,0.00,0.00,UNBILLED,PO has no linked bills in Zoho
20-13960-48849,2025-12-14,UNKNOWN,treasure*spot,5623409000000727433,46.52,46.52,0.00,0.00,0.00,0.00,0,,,UNBILLED,0.00,0.00,,0.00,0.00,UNBILLED,PO has no linked bills in Zoho
05-13981-80850,2025-12-14,UNKNOWN,autoextras2003,5623409000000727340,393.79,393.79,0.00,0.00,0.00,0.00,0,,,UNBILLED,0.00,0.00,,0.00,0.00,UNBILLED,PO has no linked bills in Zoho
15-13967-15367,2025-12-14,UNKNOWN,sweetheartstealz,5623409000000727257,157.24,157.24,0.00,0.00,0.00,0.00,0,,,UNBILLED,0.00,0.00,,0.00,0.00,UNBILLED,PO has no linked bills in Zoho
22-13957-36794,2025-12-14,UNKNOWN,77minnow,5623409000000727168,99.00,99.00,0.00,0.00,0.00,0.00,0,,,UNBILLED,0.00,0.00,,0.00,0.00,UNBILLED,PO has no linked bills in Zoho
LCPU-LINHAI-121225,2025-12-12,UNKNOWN,LINH AI-BAY,5623409000000796161,700.00,700.00,0.00,0.00,0.00,0.00,0,,,UNBILLED,0.00,0.00,,0.00,0.00,UNBILLED,PO has no linked bills in Zoho
24547436,2025-12-12,UNKNOWN,Reverb,5623409000000796068,350.57,350.57,0.00,0.00,0.00,0.00,0,,,UNBILLED,0.00,0.00,,0.00,0.00,UNBILLED,PO has no linked bills in Zoho
11-13971-08092,2025-12-14,UNKNOWN,appleriverbnb,5623409000000730949,375.00,375.00,0.00,0.00,0.00,0.00,0,,,UNBILLED,0.00,0.00,,0.00,0.00,UNBILLED,PO has no linked bills in Zoho
09-13973-75547,2025-12-14,UNKNOWN,greensale99,5623409000000730843,433.25,433.25,0.00,0.00,0.00,0.00,0,,,UNBILLED,0.00,0.00,,0.00,0.00,UNBILLED,PO has no linked bills in Zoho
24-13967-47094,2025-12-14,UNKNOWN,northbaydiscoveries,5623409000000730756,393.54,393.54,0.00,0.00,0.00,0.00,0,,,UNBILLED,0.00,0.00,,0.00,0.00,UNBILLED,PO has no linked bills in Zoho
19-13959-79572,2025-12-14,UNKNOWN,dmw-buy-sell-trade,5623409000000730668,149.95,149.95,0.00,0.00,0.00,0.00,0,,,UNBILLED,0.00,0.00,,0.00,0.00,UNBILLED,PO has no linked bills in Zoho
23-13954-18921,2025-12-14,UNKNOWN,so.cal.resale,5623409000000730591,261.43,261.43,0.00,0.00,0.00,0.00,0,,,UNBILLED,0.00,0.00,,0.00,0.00,UNBILLED,PO has no linked bills in Zoho
59247619,2025-12-14,UNKNOWN,Goodwill Industries of San Antonio,5623409000000730525,165.44,165.44,0.00,0.00,0.00,0.00,0,,,UNBILLED,0.00,0.00,,0.00,0.00,UNBILLED,PO has no linked bills in Zoho
18-13958-40623,2025-12-14,UNKNOWN,tlehhema503,5623409000000730426,532.48,532.48,0.00,0.00,0.00,0.00,0,,,UNBILLED,0.00,0.00,,0.00,0.00,UNBILLED,PO has no linked bills in Zoho
18-13958-34246,2025-12-14,UNKNOWN,itascabill,5623409000000730351,500.00,500.00,0.00,0.00,0.00,0.00,0,,,UNBILLED,0.00,0.00,,0.00,0.00,UNBILLED,PO has no linked bills in Zoho
05-13976-80443,2025-12-14,UNKNOWN,augure_71,5623409000000730258,389.05,389.05,0.00,0.00,0.00,0.00,0,,,UNBILLED,0.00,0.00,,0.00,0.00,UNBILLED,PO has no linked bills in Zoho
11-13967-13838,2025-12-13,UNKNOWN,sancis_2psoz1lm,5623409000000730153,480.15,480.15,0.00,0.00,0.00,0.00,0,,,UNBILLED,0.00,0.00,,0.00,0.00,UNBILLED,PO has no linked bills in Zoho
m31717350133,2025-12-13,UNKNOWN,MERCARI,5623409000000742269,123.98,123.98,0.00,0.00,0.00,0.00,0,,,UNBILLED,0.00,0.00,,0.00,0.00,UNBILLED,PO has no linked bills in Zoho
04-13976-75094,2025-12-13,UNKNOWN,bisquitman,5623409000000742190,364.00,364.00,0.00,0.00,0.00,0.00,0,,,UNBILLED,0.00,0.00,,0.00,0.00,UNBILLED,PO has no linked bills in Zoho
19-13955-76879,2025-12-13,UNKNOWN,ryflo_12,5623409000000742113,354.30,354.30,0.00,0.00,0.00,0.00,0,,,UNBILLED,0.00,0.00,,0.00,0.00,UNBILLED,PO has no linked bills in Zoho
59230936,2025-12-13,UNKNOWN,Goodwill of North Central Wisconsin,5623409000000718568,126.00,126.00,0.00,0.00,0.00,0.00,0,,,UNBILLED,0.00,0.00,,0.00,0.00,UNBILLED,PO has no linked bills in Zoho
59230826,2025-12-13,UNKNOWN,Goodwill of Greater Washington D.C. -VA,5623409000000718548,292.71,292.71,0.00,0.00,0.00,0.00,0,,,UNBILLED,0.00,0.00,,0.00,0.00,UNBILLED,PO has no linked bills in Zoho
59230818,2025-12-13,UNKNOWN,Goodwill Keystone Area - Harrisburg,5623409000000718221,30.90,30.90,0.00,0.00,0.00,0.00,0,,,UNBILLED,0.00,0.00,,0.00,0.00,UNBILLED,PO has no linked bills in Zoho
59230806,2025-12-13,UNKNOWN,Goodwill Industries of Southern Arizona,5623409000000718189,144.84,144.84,0.00,0.00,0.00,0.00,0,,,UNBILLED,0.00,0.00,,0.00,0.00,UNBILLED,PO has no linked bills in Zoho
59230798,2025-12-13,UNKNOWN,"Goodwill Industries of San Joaquin Valley, Inc.",5623409000000718175,39.03,39.03,0.00,0.00,0.00,0.00,0,,,UNBILLED,0.00,0.00,,0.00,0.00,UNBILLED,PO has no linked bills in Zoho
59230786,2025-12-13,UNKNOWN,"Goodwill Industries of Middle Tennessee, Inc.",5623409000000718153,40.18,40.18,0.00,0.00,0.00,0.00,0,,,UNBILLED,0.00,0.00,,0.00,0.00,UNBILLED,PO has no linked bills in Zoho
59222709,2025-12-12,UNKNOWN,"Goodwill Industries of Northwest North Carolina, Inc.",5623409000000718062,77.71,77.71,0.00,0.00,0.00,0.00,0,,,UNBILLED,0.00,0.00,,0.00,0.00,UNBILLED,PO has no linked bills in Zoho
59225392,2025-12-12,UNKNOWN,"Goodwill Industries of Delaware & Delaware County, Inc.",5623409000000711964,126.83,126.83,0.00,0.00,0.00,0.00,0,,,UNBILLED,0.00,0.00,,0.00,0.00,UNBILLED,PO has no linked bills in Zoho
22-13949-65799,2025-12-12,UNKNOWN,ajwarrior0621,5623409000000711684,232.65,232.65,0.00,0.00,0.00,0.00,0,,,UNBILLED,0.00,0.00,,0.00,0.00,UNBILLED,PO has no linked bills in Zoho
04-13974-09980,2025-12-12,UNKNOWN,alltheway_99,5623409000000711479,391.97,391.97,0.00,0.00,0.00,0.00,0,,,UNBILLED,0.00,0.00,,0.00,0.00,UNBILLED,PO has no linked bills in Zoho
14-13959-96409,2025-12-12,UNKNOWN,speechlessyeti,5623409000000711404,229.99,229.99,0.00,0.00,0.00,0.00,0,,,UNBILLED,0.00,0.00,,0.00,0.00,UNBILLED,PO has no linked bills in Zoho
02-13976-95190,2025-12-12,UNKNOWN,dbeau450,5623409000000711315,400.00,400.00,0.00,0.00,0.00,0.00,0,,,UNBILLED,0.00,0.00,,0.00,0.00,UNBILLED,PO has no linked bills in Zoho
01-13978-55060,2025-12-12,UNKNOWN,gdbarks,5623409000000711218,585.00,585.00,0.00,0.00,0.00,0.00,0,,,UNBILLED,0.00,0.00,,0.00,0.00,UNBILLED,PO has no linked bills in Zoho
02-13976-37225,2025-12-12,UNKNOWN,j-wgoods,5623409000000711085,539.99,539.99,0.00,0.00,0.00,0.00,0,,,UNBILLED,0.00,0.00,,0.00,0.00,UNBILLED,PO has no linked bills in Zoho
21-13949-28610,2025-12-12,UNKNOWN,powersalestrading,5623409000000706880,149.99,149.99,0.00,0.00,0.00,0.00,0,,,UNBILLED,0.00,0.00,,0.00,0.00,UNBILLED,PO has no linked bills in Zoho
04-13973-30121,2025-12-12,UNKNOWN,xtra_clean,5623409000000706805,180.00,180.00,0.00,0.00,0.00,0.00,0,,,UNBILLED,0.00,0.00,,0.00,0.00,UNBILLED,PO has no linked bills in Zoho
03-13974-75033,2025-12-12,UNKNOWN,theheartside,5623409000000706728,171.98,171.98,0.00,0.00,0.00,0.00,0,,,UNBILLED,0.00,0.00,,0.00,0.00,UNBILLED,PO has no linked bills in Zoho
02-13976-44003,2025-12-12,UNKNOWN,fernlu_620,5623409000000706637,161.25,161.25,0.00,0.00,0.00,0.00,0,,,UNBILLED,0.00,0.00,,0.00,0.00,UNBILLED,PO has no linked bills in Zoho
17-13954-97544,2025-12-12,UNKNOWN,santacruzwantznneedz,5623409000000706542,179.99,179.99,0.00,0.00,0.00,0.00,0,,,UNBILLED,0.00,0.00,,0.00,0.00,UNBILLED,PO has no linked bills in Zoho
03-13974-61111,2025-12-12,UNKNOWN,kayumari,5623409000000706441,64.40,64.40,0.00,0.00,0.00,0.00,0,,,UNBILLED,0.00,0.00,,0.00,0.00,UNBILLED,PO has no linked bills in Zoho
14-13959-19603,2025-12-12,UNKNOWN,yesia9,5623409000000706354,83.60,83.60,0.00,0.00,0.00,0.00,0,,,UNBILLED,0.00,0.00,,0.00,0.00,UNBILLED,PO has no linked bills in Zoho
12-13962-12501,2025-12-12,UNKNOWN,jose_ard,5623409000000706291,404.05,404.05,0.00,0.00,0.00,0.00,0,,,UNBILLED,0.00,0.00,,0.00,0.00,UNBILLED,PO has no linked bills in Zoho
18-13953-61504,2025-12-12,UNKNOWN,santabarbarabarbara,5623409000000706216,64.88,64.88,0.00,0.00,0.00,0.00,0,,,UNBILLED,0.00,0.00,,0.00,0.00,UNBILLED,PO has no linked bills in Zoho
19-13952-21338,2025-12-12,UNKNOWN,adl2usa,5623409000000706135,159.99,159.99,0.00,0.00,0.00,0.00,0,,,UNBILLED,0.00,0.00,,0.00,0.00,UNBILLED,PO has no linked bills in Zoho
27-13941-12351,2025-12-12,UNKNOWN,loveelectronics-7,5623409000000706046,170.00,170.00,0.00,0.00,0.00,0.00,0,,,UNBILLED,0.00,0.00,,0.00,0.00,UNBILLED,PO has no linked bills in Zoho
16-13956-35499,2025-12-12,UNKNOWN,lennox7,5623409000000679971,118.99,118.99,0.00,0.00,0.00,0.00,0,,,UNBILLED,0.00,0.00,,0.00,0.00,UNBILLED,PO has no linked bills in Zoho
15-13957-67967,2025-12-12,UNKNOWN,imback-2434,5623409000000679896,56.33,56.33,0.00,0.00,0.00,0.00,0,,,UNBILLED,0.00,0.00,,0.00,0.00,UNBILLED,PO has no linked bills in Zoho
02-13976-17215,2025-12-12,UNKNOWN,atgseller,5623409000000679813,51.91,51.91,0.00,0.00,0.00,0.00,0,,,UNBILLED,0.00,0.00,,0.00,0.00,UNBILLED,PO has no linked bills in Zoho
16-13955-98327,2025-12-12,UNKNOWN,randomstuff-44,5623409000000679722,397.27,397.27,0.00,0.00,0.00,0.00,0,,,UNBILLED,0.00,0.00,,0.00,0.00,UNBILLED,PO has no linked bills in Zoho
113-0063405-5955448,2025-12-12,UNKNOWN,QuickCams (We Take Action Against Return Scams!),5623409000000679633,499.80,499.80,0.00,0.00,0.00,0.00,0,,,UNBILLED,0.00,0.00,,0.00,0.00,UNBILLED,PO has no linked bills in Zoho
113-0971788-4094605,2025-12-12,UNKNOWN,JM3308,5623409000000679544,509.96,509.96,0.00,0.00,0.00,0.00,0,,,UNBILLED,0.00,0.00,,0.00,0.00,UNBILLED,PO has no linked bills in Zoho
113-5738944-3655458,2025-12-12,UNKNOWN,anyaUSAles PREOWNED&NEWtech,5623409000000679455,498.00,498.00,0.00,0.00,0.00,0.00,0,,,UNBILLED,0.00,0.00,,0.00,0.00,UNBILLED,PO has no linked bills in Zoho
112-5896846-8468235,2025-12-12,UNKNOWN,Sunrise2030,5623409000000683629,495.00,495.00,0.00,0.00,0.00,0.00,0,,,UNBILLED,0.00,0.00,,0.00,0.00,UNBILLED,PO has no linked bills in Zoho
112-9877250-8669808,2025-12-12,UNKNOWN,SELLC38,5623409000000683540,489.50,489.50,0.00,0.00,0.00,0.00,0,,,UNBILLED,0.00,0.00,,0.00,0.00,UNBILLED,PO has no linked bills in Zoho
19-13951-72996,2025-12-12,UNKNOWN,24montecarlo24,5623409000000683451,119.95,119.95,0.00,0.00,0.00,0.00,0,,,UNBILLED,0.00,0.00,,0.00,0.00,UNBILLED,PO has no linked bills in Zoho
26-13941-78641,2025-12-12,UNKNOWN,earlybird.2012,5623409000000683362,119.95,119.95,0.00,0.00,0.00,0.00,0,,,UNBILLED,0.00,0.00,,0.00,0.00,UNBILLED,PO has no linked bills in Zoho
11-13962-75846,2025-12-12,UNKNOWN,snoopydoodle123,5623409000000683285,409.76,409.76,0.00,0.00,0.00,0.00,0,,,UNBILLED,0.00,0.00,,0.00,0.00,UNBILLED,PO has no linked bills in Zoho
27-13940-55194,2025-12-12,UNKNOWN,djjoy1201,5623409000000683194,404.00,404.00,0.00,0.00,0.00,0.00,0,,,UNBILLED,0.00,0.00,,0.00,0.00,UNBILLED,PO has no linked bills in Zoho
19-13951-62822,2025-12-12,UNKNOWN,kikem2020,5623409000000683119,390.00,390.00,0.00,0.00,0.00,0.00,0,,,UNBILLED,0.00,0.00,,0.00,0.00,UNBILLED,PO has no linked bills in Zoho
08-13966-70220,2025-12-12,UNKNOWN,funandfunny20,5623409000000683030,154.99,154.99,0.00,0.00,0.00,0.00,0,,,UNBILLED,0.00,0.00,,0.00,0.00,UNBILLED,PO has no linked bills in Zoho
16-13955-70936,2025-12-12,UNKNOWN,briesmom14,5623409000000673941,100.00,100.00,0.00,0.00,0.00,0.00,0,,,UNBILLED,0.00,0.00,,0.00,0.00,UNBILLED,PO has no linked bills in Zoho
05-13971-57741,2025-12-12,UNKNOWN,black_knight_satellite,5623409000000673854,110.00,110.00,0.00,0.00,0.00,0.00,0,,,UNBILLED,0.00,0.00,,0.00,0.00,UNBILLED,PO has no linked bills in Zoho
02-13975-54243,2025-12-12,UNKNOWN,candengue16,5623409000000673749,154.90,154.90,0.00,0.00,0.00,0.00,0,,,UNBILLED,0.00,0.00,,0.00,0.00,UNBILLED,PO has no linked bills in Zoho
50681-26056-59,2025-12-12,UNKNOWN,Buya,5623409000000673660,299.00,299.00,0.00,0.00,0.00,0.00,0,,,UNBILLED,0.00,0.00,,0.00,0.00,UNBILLED,PO has no linked bills in Zoho
23-13945-92377,2025-12-12,UNKNOWN,reserveresale,5623409000000673563,392.62,392.62,0.00,0.00,0.00,0.00,0,,,UNBILLED,0.00,0.00,,0.00,0.00,UNBILLED,PO has no linked bills in Zoho
24-13959-12643,2025-12-12,UNKNOWN,athermoid,5623409000000673472,155.43,155.43,0.00,0.00,0.00,0.00,0,,,UNBILLED,0.00,0.00,,0.00,0.00,UNBILLED,PO has no linked bills in Zoho
26-13941-54853,2025-12-12,UNKNOWN,greensale99,5623409000000673368,527.76,527.76,0.00,0.00,0.00,0.00,0,,,UNBILLED,0.00,0.00,,0.00,0.00,UNBILLED,PO has no linked bills in Zoho
11-13962-49105,2025-12-12,UNKNOWN,greensale99,5623409000000673291,1223.28,1223.28,0.00,0.00,0.00,0.00,0,,,UNBILLED,0.00,0.00,,0.00,0.00,UNBILLED,PO has no linked bills in Zoho
19-13951-37920,2025-12-12,UNKNOWN,palpal_japan,5623409000000673202,388.99,388.99,0.00,0.00,0.00,0.00,0,,,UNBILLED,0.00,0.00,,0.00,0.00,UNBILLED,PO has no linked bills in Zoho
11-13962-20074,2025-12-12,UNKNOWN,adamxgregg,5623409000000673127,350.00,350.00,0.00,0.00,0.00,0.00,0,,,UNBILLED,0.00,0.00,,0.00,0.00,UNBILLED,PO has no linked bills in Zoho
18-13949-41819,2025-12-11,UNKNOWN,lousjewelrypawn610,5623409000000589862,349.95,349.95,0.00,0.00,0.00,0.00,0,,,UNBILLED,0.00,0.00,,0.00,0.00,UNBILLED,PO has no linked bills in Zoho
05-13969-55605,2025-12-11,UNKNOWN,vintage_sole,5623409000000589778,470.45,470.45,0.00,0.00,0.00,0.00,0,,,UNBILLED,0.00,0.00,,0.00,0.00,UNBILLED,PO has no linked bills in Zoho
13-13958-07166,2025-12-11,UNKNOWN,premiernv,5623409000000589717,350.00,350.00,0.00,0.00,0.00,0.00,0,,,UNBILLED,0.00,0.00,,0.00,0.00,UNBILLED,PO has no linked bills in Zoho
14-13956-46539,2025-12-11,UNKNOWN,techguyrick97,5623409000000589642,719.99,719.99,0.00,0.00,0.00,0.00,0,,,UNBILLED,0.00,0.00,,0.00,0.00,UNBILLED,PO has no linked bills in Zoho
13-13958-05771,2025-12-11,UNKNOWN,1328yahoo,5623409000000589530,375.00,375.00,0.00,0.00,0.00,0.00,0,,,UNBILLED,0.00,0.00,,0.00,0.00,UNBILLED,PO has no linked bills in Zoho
59208160,2025-12-11,UNKNOWN,Ohio Valley Goodwill Industries,5623409000000589330,29.23,29.23,0.00,0.00,0.00,0.00,0,,,UNBILLED,0.00,0.00,,0.00,0.00,UNBILLED,PO has no linked bills in Zoho
59208059,2025-12-11,UNKNOWN,Southern Oregon Goodwill Industries,5623409000000589290,136.38,136.38,0.00,0.00,0.00,0.00,0,,,UNBILLED,0.00,0.00,,0.00,0.00,UNBILLED,PO has no linked bills in Zoho
59207885,2025-12-11,UNKNOWN,Goodwill-Suncoast,5623409000000589260,33.70,33.70,0.00,0.00,0.00,0.00,0,,,UNBILLED,0.00,0.00,,0.00,0.00,UNBILLED,PO has no linked bills in Zoho
59207806,2025-12-11,UNKNOWN,Goodwill-Easter Seals MN,5623409000000589224,182.00,182.00,0.00,0.00,0.00,0.00,0,,,UNBILLED,0.00,0.00,,0.00,0.00,UNBILLED,PO has no linked bills in Zoho
59207696,2025-12-11,UNKNOWN,Goodwill of Colorado,5623409000000589210,48.94,48.94,0.00,0.00,0.00,0.00,0,,,UNBILLED,0.00,0.00,,0.00,0.00,UNBILLED,PO has no linked bills in Zoho
59207620,2025-12-11,UNKNOWN,Goodwill of Central Iowa,5623409000000589180,32.23,32.23,0.00,0.00,0.00,0.00,0,,,UNBILLED,0.00,0.00,,0.00,0.00,UNBILLED,PO has no linked bills in Zoho
59207521,2025-12-11,UNKNOWN,"Goodwill Industries of Middle Tennessee, Inc.",5623409000000589150,76.34,76.34,0.00,0.00,0.00,0.00,0,,,UNBILLED,0.00,0.00,,0.00,0.00,UNBILLED,PO has no linked bills in Zoho
59206888,2025-12-11,UNKNOWN,Goodwill Industries of Greater Detroit,5623409000000589134,59.13,59.13,0.00,0.00,0.00,0.00,0,,,UNBILLED,0.00,0.00,,0.00,0.00,UNBILLED,PO has no linked bills in Zoho
19-13949-08492,2025-12-11,UNKNOWN,abal-s-90,5623409000000638669,452.52,452.52,0.00,0.00,0.00,0.00,0,,,UNBILLED,0.00,0.00,,0.00,0.00,UNBILLED,PO has no linked bills in Zoho
06-13967-20433,2025-12-11,UNKNOWN,lallas,5623409000000638559,273.99,273.99,0.00,0.00,0.00,0.00,0,,,UNBILLED,0.00,0.00,,0.00,0.00,UNBILLED,PO has no linked bills in Zoho
16-13953-04670,2025-12-11,UNKNOWN,recoveryroadpickers,5623409000000638482,59.70,59.70,0.00,0.00,0.00,0.00,0,,,UNBILLED,0.00,0.00,,0.00,0.00,UNBILLED,PO has no linked bills in Zoho
15-13954-06432,2025-12-11,UNKNOWN,mainelysales12,5623409000000638379,524.50,524.50,0.00,0.00,0.00,0.00,0,,,UNBILLED,0.00,0.00,,0.00,0.00,UNBILLED,PO has no linked bills in Zoho
15-13953-83422,2025-12-11,UNKNOWN,spare_wear,5623409000000638302,154.99,154.99,0.00,0.00,0.00,0.00,0,,,UNBILLED,0.00,0.00,,0.00,0.00,UNBILLED,PO has no linked bills in Zoho
12-13958-19653,2025-12-11,UNKNOWN,djjoy1201,5623409000000638107,404.00,404.00,0.00,0.00,0.00,0.00,0,,,UNBILLED,0.00,0.00,,0.00,0.00,UNBILLED,PO has no linked bills in Zoho
05-13968-31186,2025-12-11,UNKNOWN,fris-8775,5623409000000638024,54.98,54.98,0.00,0.00,0.00,0.00,0,,,UNBILLED,0.00,0.00,,0.00,0.00,UNBILLED,PO has no linked bills in Zoho
09-13962-07841,2025-12-11,UNKNOWN,lotusemporium,5623409000000633947,166.57,166.57,0.00,0.00,0.00,0.00,0,,,UNBILLED,0.00,0.00,,0.00,0.00,UNBILLED,PO has no linked bills in Zoho
19-13947-82254,2025-12-11,UNKNOWN,cooleyjn,5623409000000633745,159.93,159.93,0.00,0.00,0.00,0.00,0,,,UNBILLED,0.00,0.00,,0.00,0.00,UNBILLED,PO has no linked bills in Zoho
13-13956-37984,2025-12-11,UNKNOWN,csrussell15,5623409000000633654,140.00,140.00,0.00,0.00,0.00,0.00,0,,,UNBILLED,0.00,0.00,,0.00,0.00,UNBILLED,PO has no linked bills in Zoho
25-13939-41550,2025-12-11,UNKNOWN,jamesstvn,5623409000000633577,155.84,155.84,0.00,0.00,0.00,0.00,0,,,UNBILLED,0.00,0.00,,0.00,0.00,UNBILLED,PO has no linked bills in Zoho
17-13950-46820,2025-12-11,UNKNOWN,katiesriches,5623409000000633502,154.99,154.99,0.00,0.00,0.00,0.00,0,,,UNBILLED,0.00,0.00,,0.00,0.00,UNBILLED,PO has no linked bills in Zoho
27-13936-72810,2025-12-11,UNKNOWN,gemastore_bins,5623409000000633425,154.15,154.15,0.00,0.00,0.00,0.00,0,,,UNBILLED,0.00,0.00,,0.00,0.00,UNBILLED,PO has no linked bills in Zoho
24-13955-35429,2025-12-11,UNKNOWN,lockerlooters,5623409000000633348,135.78,135.78,0.00,0.00,0.00,0.00,0,,,UNBILLED,0.00,0.00,,0.00,0.00,UNBILLED,PO has no linked bills in Zoho
09-13961-47166,2025-12-11,UNKNOWN,jstew15150,5623409000000633220,306.25,306.25,0.00,0.00,0.00,0.00,0,,,UNBILLED,0.00,0.00,,0.00,0.00,UNBILLED,PO has no linked bills in Zoho
06-13965-83440,2025-12-11,UNKNOWN,kikem2020,5623409000000633145,550.00,550.00,0.00,0.00,0.00,0.00,0,,,UNBILLED,0.00,0.00,,0.00,0.00,UNBILLED,PO has no linked bills in Zoho
24-13955-06763,2025-12-11,UNKNOWN,outrageous44,5623409000000633042,475.00,475.00,0.00,0.00,0.00,0.00,0,,,UNBILLED,0.00,0.00,,0.00,0.00,UNBILLED,PO has no linked bills in Zoho
18-13948-72544,2025-12-11,UNKNOWN,kokoro-mart,5623409000000580967,375.00,375.00,0.00,0.00,0.00,0.00,0,,,UNBILLED,0.00,0.00,,0.00,0.00,UNBILLED,PO has no linked bills in Zoho
15-13952-83641,2025-12-11,UNKNOWN,ibuyrandomstuffshop,5623409000000580892,189.14,189.14,0.00,0.00,0.00,0.00,0,,,UNBILLED,0.00,0.00,,0.00,0.00,UNBILLED,PO has no linked bills in Zoho
08-13962-42633,2025-12-11,UNKNOWN,olyvesattic,5623409000000580817,252.20,252.20,0.00,0.00,0.00,0.00,0,,,UNBILLED,0.00,0.00,,0.00,0.00,UNBILLED,PO has no linked bills in Zoho
21-13944-14203,2025-12-11,UNKNOWN,lola_velnra3s,5623409000000580728,175.30,175.30,0.00,0.00,0.00,0.00,0,,,UNBILLED,0.00,0.00,,0.00,0.00,UNBILLED,PO has no linked bills in Zoho
19-13947-30403,2025-12-11,UNKNOWN,spoon_b18c,5623409000000580639,173.76,173.76,0.00,0.00,0.00,0.00,0,,,UNBILLED,0.00,0.00,,0.00,0.00,UNBILLED,PO has no linked bills in Zoho
05-13967-29537,2025-12-11,UNKNOWN,jdurks0310,5623409000000580564,162.98,162.98,0.00,0.00,0.00,0.00,0,,,UNBILLED,0.00,0.00,,0.00,0.00,UNBILLED,PO has no linked bills in Zoho
12-13957-12262,2025-12-11,UNKNOWN,tyring-0,5623409000000580475,266.33,266.33,0.00,0.00,0.00,0.00,0,,,UNBILLED,0.00,0.00,,0.00,0.00,UNBILLED,PO has no linked bills in Zoho
07-13963-95574,2025-12-11,UNKNOWN,greensale99,5623409000000580372,192.28,192.28,0.00,0.00,0.00,0.00,0,,,UNBILLED,0.00,0.00,,0.00,0.00,UNBILLED,PO has no linked bills in Zoho
05-13967-10151,2025-12-11,UNKNOWN,greensale99,5623409000000580278,201.60,201.60,0.00,0.00,0.00,0.00,0,,,UNBILLED,0.00,0.00,,0.00,0.00,UNBILLED,PO has no linked bills in Zoho
04-13965-62497,2025-12-11,UNKNOWN,bfg1061994,5623409000000590819,85.00,85.00,0.00,0.00,0.00,0.00,0,,,UNBILLED,0.00,0.00,,0.00,0.00,UNBILLED,PO has no linked bills in Zoho
TRADE-IN-120825,2025-12-08,UNKNOWN,CESAR LEONZALEZ,5623409000000590631,521.00,521.00,0.00,0.00,0.00,0.00,0,,,UNBILLED,0.00,0.00,,0.00,0.00,UNBILLED,PO has no linked bills in Zoho
TRADE-IN-121025,2025-12-10,UNKNOWN,MANVEL MOTA,5623409000000590472,250.00,250.00,0.00,0.00,0.00,0.00,0,,,UNBILLED,0.00,0.00,,0.00,0.00,UNBILLED,PO has no linked bills in Zoho
16-13950-53412,2025-12-11,UNKNOWN,shanaynay60,5623409000000590371,80.00,80.00,0.00,0.00,0.00,0.00,0,,,UNBILLED,0.00,0.00,,0.00,0.00,UNBILLED,PO has no linked bills in Zoho
06-13964-66002,2025-12-11,UNKNOWN,starbasec3,5623409000000590294,86.94,86.94,0.00,0.00,0.00,0.00,0,,,UNBILLED,0.00,0.00,,0.00,0.00,UNBILLED,PO has no linked bills in Zoho
26-13936-43580,2025-12-11,UNKNOWN,mks32854,5623409000000590217,70.00,70.00,0.00,0.00,0.00,0.00,0,,,UNBILLED,0.00,0.00,,0.00,0.00,UNBILLED,PO has no linked bills in Zoho
20-13944-82134,2025-12-11,UNKNOWN,kyktggr_dszdmp,5623409000000590140,76.90,76.90,0.00,0.00,0.00,0.00,0,,,UNBILLED,0.00,0.00,,0.00,0.00,UNBILLED,PO has no linked bills in Zoho
20-13944-82615,2025-12-11,UNKNOWN,tech-world43228,5623409000000590063,58.49,58.49,0.00,0.00,0.00,0.00,0,,,UNBILLED,0.00,0.00,,0.00,0.00,UNBILLED,PO has no linked bills in Zoho
59187024,2025-12-10,UNKNOWN,Goodwill Industries of North Florida,5623409000000585274,98.08,98.08,0.00,0.00,0.00,0.00,0,,,UNBILLED,0.00,0.00,,0.00,0.00,UNBILLED,PO has no linked bills in Zoho
16-13949-03508,2025-12-10,UNKNOWN,hondossuperbargains,5623409000000585194,149.99,149.99,0.00,0.00,0.00,0.00,0,,,UNBILLED,0.00,0.00,,0.00,0.00,UNBILLED,PO has no linked bills in Zoho
16-13948-84283,2025-12-10,UNKNOWN,the.unit.707,5623409000000585090,124.34,124.34,0.00,0.00,0.00,0.00,0,,,UNBILLED,0.00,0.00,,0.00,0.00,UNBILLED,PO has no linked bills in Zoho
16-13948-83775,2025-12-10,UNKNOWN,maurso-5544,5623409000000585015,129.00,129.00,0.00,0.00,0.00,0.00,0,,,UNBILLED,0.00,0.00,,0.00,0.00,UNBILLED,PO has no linked bills in Zoho
16-13948-81507,2025-12-10,UNKNOWN,catmurphy26,5623409000000570995,60.98,60.98,0.00,0.00,0.00,0.00,0,,,UNBILLED,0.00,0.00,,0.00,0.00,UNBILLED,PO has no linked bills in Zoho
26-13934-74552,2025-12-10,UNKNOWN,jackstoys1,5623409000000570920,169.90,169.90,0.00,0.00,0.00,0.00,0,,,UNBILLED,0.00,0.00,,0.00,0.00,UNBILLED,PO has no linked bills in Zoho
20-13943-13746,2025-12-10,UNKNOWN,chriscollects.eth,5623409000000570843,83.65,83.65,0.00,0.00,0.00,0.00,0,,,UNBILLED,0.00,0.00,,0.00,0.00,UNBILLED,PO has no linked bills in Zoho
01-13970-19975,2025-12-10,UNKNOWN,salvationarmyhouston,5623409000000570738,476.99,476.99,0.00,0.00,0.00,0.00,0,,,UNBILLED,0.00,0.00,,0.00,0.00,UNBILLED,PO has no linked bills in Zoho
11-13954-59444,2025-12-10,UNKNOWN,rigatoni_13,5623409000000570649,399.95,399.95,0.00,0.00,0.00,0.00,0,,,UNBILLED,0.00,0.00,,0.00,0.00,UNBILLED,PO has no linked bills in Zoho
59179154,2025-12-10,UNKNOWN,Tipp Street NCPA Dubois,5623409000000570285,23.33,23.33,0.00,0.00,0.00,0.00,0,,,UNBILLED,0.00,0.00,,0.00,0.00,UNBILLED,PO has no linked bills in Zoho
17-13946-83498,2025-12-10,UNKNOWN,cure-rated,5623409000000570200,152.19,152.19,0.00,0.00,0.00,0.00,0,,,UNBILLED,0.00,0.00,,0.00,0.00,UNBILLED,PO has no linked bills in Zoho
06-13962-44619,2025-12-10,UNKNOWN,richardsentzrichard,5623409000000570123,46.21,46.21,0.00,0.00,0.00,0.00,0,,,UNBILLED,0.00,0.00,,0.00,0.00,UNBILLED,PO has no linked bills in Zoho
23-13938-46049,2025-12-10,UNKNOWN,wildthing_sales,5623409000000570031,79.72,79.72,0.00,0.00,0.00,0.00,0,,,UNBILLED,0.00,0.00,,0.00,0.00,UNBILLED,PO has no linked bills in Zoho
25-13935-19117,2025-12-10,UNKNOWN,creativegamelife,5623409000000567954,52.67,52.67,0.00,0.00,0.00,0.00,0,,,UNBILLED,0.00,0.00,,0.00,0.00,UNBILLED,PO has no linked bills in Zoho
23-13937-99317,2025-12-10,UNKNOWN,biteofdog,5623409000000567877,54.55,54.55,0.00,0.00,0.00,0.00,0,,,UNBILLED,0.00,0.00,,0.00,0.00,UNBILLED,PO has no linked bills in Zoho
05-13963-44616,2025-12-10,UNKNOWN,goodbargainsuk,5623409000000567788,90.80,90.80,0.00,0.00,0.00,0.00,0,,,UNBILLED,0.00,0.00,,0.00,0.00,UNBILLED,PO has no linked bills in Zoho
11-13954-43527,2025-12-10,UNKNOWN,salvationarmyvirginiabeacharc,5623409000000567699,88.70,88.70,0.00,0.00,0.00,0.00,0,,,UNBILLED,0.00,0.00,,0.00,0.00,UNBILLED,PO has no linked bills in Zoho
24-13950-73316,2025-12-10,UNKNOWN,alltheway_99,5623409000000567608,391.77,391.77,0.00,0.00,0.00,0.00,0,,,UNBILLED,0.00,0.00,,0.00,0.00,UNBILLED,PO has no linked bills in Zoho
08-13957-82069,2025-12-10,UNKNOWN,yu850good,5623409000000567547,195.00,195.00,0.00,0.00,0.00,0.00,0,,,UNBILLED,0.00,0.00,,0.00,0.00,UNBILLED,PO has no linked bills in Zoho
09-13956-15706,2025-12-10,UNKNOWN,soundream,5623409000000567327,1052.97,1052.97,0.00,0.00,0.00,0.00,0,,,UNBILLED,0.00,0.00,,0.00,0.00,UNBILLED,PO has no linked bills in Zoho
25-13933-90570,2025-12-10,UNKNOWN,caco3500,5623409000000567224,123.80,123.80,0.00,0.00,0.00,0.00,0,,,UNBILLED,0.00,0.00,,0.00,0.00,UNBILLED,PO has no linked bills in Zoho
18-13943-06414,2025-12-10,UNKNOWN,cam4cc,5623409000000567147,148.94,148.94,0.00,0.00,0.00,0.00,0,,,UNBILLED,0.00,0.00,,0.00,0.00,UNBILLED,PO has no linked bills in Zoho
12-13951-56489,2025-12-10,UNKNOWN,feriatoro,5623409000000567042,112.98,112.98,0.00,0.00,0.00,0.00,0,,,UNBILLED,0.00,0.00,,0.00,0.00,UNBILLED,PO has no linked bills in Zoho
15-13947-15613,2025-12-10,UNKNOWN,dusrus-29,5623409000000416857,149.44,149.44,0.00,0.00,0.00,0.00,0,,,UNBILLED,0.00,0.00,,0.00,0.00,UNBILLED,PO has no linked bills in Zoho
22-13937-36896,2025-12-10,UNKNOWN,fortwaynesgw,5623409000000416780,70.95,70.95,0.00,0.00,0.00,0.00,0,,,UNBILLED,0.00,0.00,,0.00,0.00,UNBILLED,PO has no linked bills in Zoho
16-13945-80113,2025-12-10,UNKNOWN,33collectibles,5623409000000416697,144.98,144.98,0.00,0.00,0.00,0.00,0,,,UNBILLED,0.00,0.00,,0.00,0.00,UNBILLED,PO has no linked bills in Zoho
23-13936-04049,2025-12-10,UNKNOWN,2sales4u,5623409000000416622,86.98,86.98,0.00,0.00,0.00,0.00,0,,,UNBILLED,0.00,0.00,,0.00,0.00,UNBILLED,PO has no linked bills in Zoho
08-13956-71171,2025-12-10,UNKNOWN,texasjunkpeddlers,5623409000000416563,74.99,74.99,0.00,0.00,0.00,0.00,0,,,UNBILLED,0.00,0.00,,0.00,0.00,UNBILLED,PO has no linked bills in Zoho
08-13956-70294,2025-12-10,UNKNOWN,kevstoppfinds,5623409000000416488,74.64,74.64,0.00,0.00,0.00,0.00,0,,,UNBILLED,0.00,0.00,,0.00,0.00,UNBILLED,PO has no linked bills in Zoho
25-13933-20487,2025-12-10,UNKNOWN,jtlabend,5623409000000416407,59.87,59.87,0.00,0.00,0.00,0.00,0,,,UNBILLED,0.00,0.00,,0.00,0.00,UNBILLED,PO has no linked bills in Zoho
16-13945-73053,2025-12-10,UNKNOWN,warehouse_b,5623409000000416318,450.00,450.00,0.00,0.00,0.00,0.00,0,,,UNBILLED,0.00,0.00,,0.00,0.00,UNBILLED,PO has no linked bills in Zoho
07-13956-71453,2025-12-09,UNKNOWN,jhws4u,5623409000000525299,534.00,534.00,0.00,0.00,0.00,0.00,0,,,UNBILLED,0.00,0.00,,0.00,0.00,UNBILLED,PO has no linked bills in Zoho
19-13939-88368,2025-12-09,UNKNOWN,erca6258,5623409000000525191,224.99,224.99,0.00,0.00,0.00,0.00,0,,,UNBILLED,0.00,0.00,,0.00,0.00,UNBILLED,PO has no linked bills in Zoho
17-13942-51683,2025-12-09,UNKNOWN,wy4pf-20,5623409000000525100,213.54,213.54,0.00,0.00,0.00,0.00,0,,,UNBILLED,0.00,0.00,,0.00,0.00,UNBILLED,PO has no linked bills in Zoho
12-13949-75239,2025-12-09,UNKNOWN,greensale99,5623409000000525009,855.52,855.52,0.00,0.00,0.00,0.00,0,,,UNBILLED,0.00,0.00,,0.00,0.00,UNBILLED,PO has no linked bills in Zoho
59163892,2025-12-09,UNKNOWN,"Goodwill Industries of South Central Wisconsin, Inc.",5623409000000511993,55.63,55.63,0.00,0.00,0.00,0.00,0,,,UNBILLED,0.00,0.00,,0.00,0.00,UNBILLED,PO has no linked bills in Zoho
24-13947-42419,2025-12-09,UNKNOWN,olgbular-0,5623409000000511892,285.00,285.00,0.00,0.00,0.00,0.00,0,,,UNBILLED,0.00,0.00,,0.00,0.00,UNBILLED,PO has no linked bills in Zoho
59161981,2025-12-09,UNKNOWN,Chattanooga Goodwill Industries Inc.,5623409000000511851,25.98,25.98,0.00,0.00,0.00,0.00,0,,,UNBILLED,0.00,0.00,,0.00,0.00,UNBILLED,PO has no linked bills in Zoho
59161924,2025-12-09,UNKNOWN,"Goodwill Industries of Middle Tennessee, Inc.",5623409000000511792,47.75,47.75,0.00,0.00,0.00,0.00,0,,,UNBILLED,0.00,0.00,,0.00,0.00,UNBILLED,PO has no linked bills in Zoho
59161174,2025-12-09,UNKNOWN,Goodwill Industries of Northwest Ohio,5623409000000511774,56.29,56.29,0.00,0.00,0.00,0.00,0,,,UNBILLED,0.00,0.00,,0.00,0.00,UNBILLED,PO has no linked bills in Zoho
20-13937-31370,2025-12-09,UNKNOWN,manaintome2020,5623409000000509549,349.99,349.99,0.00,0.00,0.00,0.00,0,,,UNBILLED,0.00,0.00,,0.00,0.00,UNBILLED,PO has no linked bills in Zoho
23-13933-17511,2025-12-09,UNKNOWN,acelion10,5623409000000509472,148.94,148.94,0.00,0.00,0.00,0.00,0,,,UNBILLED,0.00,0.00,,0.00,0.00,UNBILLED,PO has no linked bills in Zoho
05-13958-75318,2025-12-09,UNKNOWN,copettit44,5623409000000509395,145.67,145.67,0.00,0.00,0.00,0.00,0,,,UNBILLED,0.00,0.00,,0.00,0.00,UNBILLED,PO has no linked bills in Zoho
17-13941-39611,2025-12-09,UNKNOWN,milkweerd,5623409000000509318,66.31,66.31,0.00,0.00,0.00,0.00,0,,,UNBILLED,0.00,0.00,,0.00,0.00,UNBILLED,PO has no linked bills in Zoho
04-13959-70700,2025-12-09,UNKNOWN,simple.finds,5623409000000509227,124.94,124.94,0.00,0.00,0.00,0.00,0,,,UNBILLED,0.00,0.00,,0.00,0.00,UNBILLED,PO has no linked bills in Zoho
18-13940-09592,2025-12-09,UNKNOWN,globaldeals247,5623409000000509152,49.95,49.95,0.00,0.00,0.00,0.00,0,,,UNBILLED,0.00,0.00,,0.00,0.00,UNBILLED,PO has no linked bills in Zoho
21-13935-55988,2025-12-09,UNKNOWN,ibwest59,5623409000000509083,149.00,149.00,0.00,0.00,0.00,0.00,0,,,UNBILLED,0.00,0.00,,0.00,0.00,UNBILLED,PO has no linked bills in Zoho
01-13963-91197,2025-12-09,UNKNOWN,hightechsounds,5623409000000467978,99.00,99.00,0.00,0.00,0.00,0.00,0,,,UNBILLED,0.00,0.00,,0.00,0.00,UNBILLED,PO has no linked bills in Zoho
07-13953-85839,2025-12-09,UNKNOWN,k_streams,5623409000000467861,403.71,403.71,0.00,0.00,0.00,0.00,0,,,UNBILLED,0.00,0.00,,0.00,0.00,UNBILLED,PO has no linked bills in Zoho
27-13925-94298,2025-12-09,UNKNOWN,greensale99,5623409000000467708,327.76,327.76,0.00,0.00,0.00,0.00,0,,,UNBILLED,0.00,0.00,,0.00,0.00,UNBILLED,PO has no linked bills in Zoho
10-13949-37855,2025-12-09,UNKNOWN,greensale99,5623409000000467621,173.28,173.28,0.00,0.00,0.00,0.00,0,,,UNBILLED,0.00,0.00,,0.00,0.00,UNBILLED,PO has no linked bills in Zoho
16-13941-11482,2025-12-09,UNKNOWN,ticktock1-2-3,5623409000000467549,160.00,160.00,0.00,0.00,0.00,0.00,0,,,UNBILLED,0.00,0.00,,0.00,0.00,UNBILLED,PO has no linked bills in Zoho
111-2385363-5406642,2025-12-09,UNKNOWN,concacaf,5623409000000467474,171.53,171.53,0.00,0.00,0.00,0.00,0,,,UNBILLED,0.00,0.00,,0.00,0.00,UNBILLED,PO has no linked bills in Zoho
01-13962-26964,2025-12-09,UNKNOWN,robtay1722,5623409000000484341,84.83,84.83,0.00,0.00,0.00,0.00,0,,,UNBILLED,0.00,0.00,,0.00,0.00,UNBILLED,PO has no linked bills in Zoho
03-13958-63154,2025-12-09,UNKNOWN,nickrulercreator,5623409000000484239,86.28,86.28,0.00,0.00,0.00,0.00,0,,,UNBILLED,0.00,0.00,,0.00,0.00,UNBILLED,PO has no linked bills in Zoho
26-13926-48306,2025-12-09,UNKNOWN,kram-buy-you,5623409000000484162,82.36,82.36,0.00,0.00,0.00,0.00,0,,,UNBILLED,0.00,0.00,,0.00,0.00,UNBILLED,PO has no linked bills in Zoho
17-13938-96268,2025-12-09,UNKNOWN,bbkids2009,5623409000000484085,86.00,86.00,0.00,0.00,0.00,0.00,0,,,UNBILLED,0.00,0.00,,0.00,0.00,UNBILLED,PO has no linked bills in Zoho
24-13943-97295,2025-12-09,UNKNOWN,goodchoice,5623409000000377983,125.01,125.01,0.00,0.00,0.00,0.00,0,,,UNBILLED,0.00,0.00,,0.00,0.00,UNBILLED,PO has no linked bills in Zoho
08-13951-37029,2025-12-09,UNKNOWN,familyfirst_562,5623409000000377894,123.30,123.30,0.00,0.00,0.00,0.00,0,,,UNBILLED,0.00,0.00,,0.00,0.00,UNBILLED,PO has no linked bills in Zoho
10-13948-68430,2025-12-09,UNKNOWN,desertsellers,5623409000000377807,90.00,90.00,0.00,0.00,0.00,0.00,0,,,UNBILLED,0.00,0.00,,0.00,0.00,UNBILLED,PO has no linked bills in Zoho
27-13925-21325,2025-12-09,UNKNOWN,mr.electronics2003,5623409000000377732,29.10,29.10,0.00,0.00,0.00,0.00,0,,,UNBILLED,0.00,0.00,,0.00,0.00,UNBILLED,PO has no linked bills in Zoho
23-13929-28453,2025-12-08,UNKNOWN,scottscoolsocks,5623409000000467295,244.00,244.00,0.00,0.00,0.00,0.00,0,,,UNBILLED,0.00,0.00,,0.00,0.00,UNBILLED,PO has no linked bills in Zoho
15-13940-34173,2025-12-08,UNKNOWN,load-sum,5623409000000467171,135.00,135.00,0.00,0.00,0.00,0.00,0,,,UNBILLED,0.00,0.00,,0.00,0.00,UNBILLED,PO has no linked bills in Zoho
25-13926-47050,2025-12-08,UNKNOWN,fullcartdeals,5623409000000467058,204.44,204.44,0.00,0.00,0.00,0.00,0,,,UNBILLED,0.00,0.00,,0.00,0.00,UNBILLED,PO has no linked bills in Zoho
17-13937-46430,2025-12-08,UNKNOWN,elizpoort,5623409000000453973,227.75,227.75,0.00,0.00,0.00,0.00,0,,,UNBILLED,0.00,0.00,,0.00,0.00,UNBILLED,PO has no linked bills in Zoho
04-13955-75590,2025-12-08,UNKNOWN,tlehhema503,5623409000000453886,422.15,422.15,0.00,0.00,0.00,0.00,0,,,UNBILLED,0.00,0.00,,0.00,0.00,UNBILLED,PO has no linked bills in Zoho
59136302,2025-12-08,UNKNOWN,Goodwill-Easter Seals MN,5623409000000453495,130.56,130.56,0.00,0.00,0.00,0.00,0,,,UNBILLED,0.00,0.00,,0.00,0.00,UNBILLED,PO has no linked bills in Zoho
59136232,2025-12-08,UNKNOWN,Goodwill San Diego and Imperial Counties,5623409000000453481,23.35,23.35,0.00,0.00,0.00,0.00,0,,,UNBILLED,0.00,0.00,,0.00,0.00,UNBILLED,PO has no linked bills in Zoho
59135843,2025-12-08,UNKNOWN,Goodwill Industries of the Columbia Willamette,5623409000000453334,67.83,67.83,0.00,0.00,0.00,0.00,0,,,UNBILLED,0.00,0.00,,0.00,0.00,UNBILLED,PO has no linked bills in Zoho
59135692,2025-12-08,UNKNOWN,Goodwill Industries of South Florida,5623409000000453312,63.44,63.44,0.00,0.00,0.00,0.00,0,,,UNBILLED,0.00,0.00,,0.00,0.00,UNBILLED,PO has no linked bills in Zoho
07-13950-21262,2025-12-08,UNKNOWN,992kyle,5623409000000406962,479.99,479.99,0.00,0.00,0.00,0.00,0,,,UNBILLED,0.00,0.00,,0.00,0.00,UNBILLED,PO has no linked bills in Zoho
09-13947-14280,2025-12-08,UNKNOWN,vtgvangogh,5623409000000406858,79.95,79.95,0.00,0.00,0.00,0.00,0,,,UNBILLED,0.00,0.00,,0.00,0.00,UNBILLED,PO has no linked bills in Zoho
04-13953-96714,2025-12-08,UNKNOWN,anatolihipchynsky0,5623409000000406813,23.80,23.80,0.00,0.00,0.00,0.00,0,,,UNBILLED,0.00,0.00,,0.00,0.00,UNBILLED,PO has no linked bills in Zoho
10-13945-33749,2025-12-08,UNKNOWN,jaysjay,5623409000000406744,22.00,22.00,0.00,0.00,0.00,0.00,0,,,UNBILLED,0.00,0.00,,0.00,0.00,UNBILLED,PO has no linked bills in Zoho
03-13955-16309,2025-12-08,UNKNOWN,sfhinkley,5623409000000406678,19.50,19.50,0.00,0.00,0.00,0.00,0,,,UNBILLED,0.00,0.00,,0.00,0.00,UNBILLED,PO has no linked bills in Zoho
07-13949-71458,2025-12-08,UNKNOWN,esbdigital,5623409000000406607,25.08,25.08,0.00,0.00,0.00,0.00,0,,,UNBILLED,0.00,0.00,,0.00,0.00,UNBILLED,PO has no linked bills in Zoho
03-13954-11476,2025-12-08,UNKNOWN,sivotco1,5623409000000406415,125.24,125.24,0.00,0.00,0.00,0.00,0,,,UNBILLED,0.00,0.00,,0.00,0.00,UNBILLED,PO has no linked bills in Zoho
12-13941-43745,2025-12-08,UNKNOWN,thesethings15,5623409000000406277,225.00,225.00,0.00,0.00,0.00,0.00,0,,,UNBILLED,0.00,0.00,,0.00,0.00,UNBILLED,PO has no linked bills in Zoho
22-13927-25871,2025-12-08,UNKNOWN,wevanw24,5623409000000406190,303.15,303.15,0.00,0.00,0.00,0.00,0,,,UNBILLED,0.00,0.00,,0.00,0.00,UNBILLED,PO has no linked bills in Zoho
LCPU-120825,2025-12-08,UNKNOWN,local pickup,5623409000000411699,140.00,140.00,0.00,0.00,0.00,0.00,0,,,UNBILLED,0.00,0.00,,0.00,0.00,UNBILLED,PO has no linked bills in Zoho
59114744,2025-12-08,UNKNOWN,Goodwill Industries of South Florida,5623409000000380000,157.02,157.02,0.00,0.00,0.00,0.00,0,,,UNBILLED,0.00,0.00,,0.00,0.00,UNBILLED,PO has no linked bills in Zoho
59123003,2025-12-08,UNKNOWN,Virginia Beach - Goodwill of Central & Coastal Virginia,5623409000000379966,82.37,82.37,0.00,0.00,0.00,0.00,0,,,UNBILLED,0.00,0.00,,0.00,0.00,UNBILLED,PO has no linked bills in Zoho
59122980,2025-12-08,UNKNOWN,Land of Lincoln Goodwill,5623409000000379918,38.49,38.49,0.00,0.00,0.00,0.00,0,,,UNBILLED,0.00,0.00,,0.00,0.00,UNBILLED,PO has no linked bills in Zoho
05-13951-01301,2025-12-08,UNKNOWN,diljo74,5623409000000379797,309.99,309.99,0.00,0.00,0.00,0.00,0,,,UNBILLED,0.00,0.00,,0.00,0.00,UNBILLED,PO has no linked bills in Zoho
10-13943-43314,2025-12-08,UNKNOWN,locogomez32,5623409000000379712,144.00,144.00,0.00,0.00,0.00,0.00,0,,,UNBILLED,0.00,0.00,,0.00,0.00,UNBILLED,PO has no linked bills in Zoho
09-13944-81457,2025-12-08,UNKNOWN,dansercollectibles91,5623409000000379591,175.99,175.99,0.00,0.00,0.00,0.00,0,,,UNBILLED,0.00,0.00,,0.00,0.00,UNBILLED,PO has no linked bills in Zoho
16-13935-13929,2025-12-08,UNKNOWN,doandung858,5623409000000379493,137.94,137.94,0.00,0.00,0.00,0.00,0,,,UNBILLED,0.00,0.00,,0.00,0.00,UNBILLED,PO has no linked bills in Zoho
11-13942-05744,2025-12-08,UNKNOWN,vard.dav,5623409000000379422,149.95,149.95,0.00,0.00,0.00,0.00,0,,,UNBILLED,0.00,0.00,,0.00,0.00,UNBILLED,PO has no linked bills in Zoho
17-13933-62324,2025-12-08,UNKNOWN,wingsandsailspuppyclub,5623409000000379324,318.96,318.96,0.00,0.00,0.00,0.00,0,,,UNBILLED,0.00,0.00,,0.00,0.00,UNBILLED,PO has no linked bills in Zoho
15-13936-45057,2025-12-08,UNKNOWN,fortwaynesgw,5623409000000379251,140.95,140.95,0.00,0.00,0.00,0.00,0,,,UNBILLED,0.00,0.00,,0.00,0.00,UNBILLED,PO has no linked bills in Zoho
21-13927-79300,2025-12-08,UNKNOWN,id_rather_be_sleeping,5623409000000379166,155.00,155.00,0.00,0.00,0.00,0.00,0,,,UNBILLED,0.00,0.00,,0.00,0.00,UNBILLED,PO has no linked bills in Zoho
25-13922-56305,2025-12-08,UNKNOWN,johnsgreatfinds,5623409000000379093,139.97,139.97,0.00,0.00,0.00,0.00,0,,,UNBILLED,0.00,0.00,,0.00,0.00,UNBILLED,PO has no linked bills in Zoho
07-13946-03371,2025-12-07,UNKNOWN,amishhistorian1,5623409000000378907,72.65,72.65,0.00,0.00,0.00,0.00,0,,,UNBILLED,0.00,0.00,,0.00,0.00,UNBILLED,PO has no linked bills in Zoho
19-13929-22765,2025-12-07,UNKNOWN,dmw-buy-sell-trade,5623409000000378838,64.95,64.95,0.00,0.00,0.00,0.00,0,,,UNBILLED,0.00,0.00,,0.00,0.00,UNBILLED,PO has no linked bills in Zoho
20-13927-73363,2025-12-07,UNKNOWN,kingdom_treasures_store,5623409000000378769,70.00,70.00,0.00,0.00,0.00,0.00,0,,,UNBILLED,0.00,0.00,,0.00,0.00,UNBILLED,PO has no linked bills in Zoho
11-13940-28485,2025-12-07,UNKNOWN,dptrejo,5623409000000378700,80.00,80.00,0.00,0.00,0.00,0.00,0,,,UNBILLED,0.00,0.00,,0.00,0.00,UNBILLED,PO has no linked bills in Zoho
15-13934-69255,2025-12-07,UNKNOWN,sltu86,5623409000000378631,80.00,80.00,0.00,0.00,0.00,0.00,0,,,UNBILLED,0.00,0.00,,0.00,0.00,UNBILLED,PO has no linked bills in Zoho
03-13951-44268,2025-12-07,UNKNOWN,hannishops,5623409000000378560,79.72,79.72,0.00,0.00,0.00,0.00,0,,,UNBILLED,0.00,0.00,,0.00,0.00,UNBILLED,PO has no linked bills in Zoho
03-13951-40467,2025-12-07,UNKNOWN,travelinmantreasures,5623409000000378532,71.00,71.00,0.00,0.00,0.00,0.00,0,,,UNBILLED,0.00,0.00,,0.00,0.00,UNBILLED,PO has no linked bills in Zoho
01-13954-73841,2025-12-07,UNKNOWN,bishman,5623409000000378461,131.99,131.99,0.00,0.00,0.00,0.00,0,,,UNBILLED,0.00,0.00,,0.00,0.00,UNBILLED,PO has no linked bills in Zoho
59403622,2025-12-07,UNKNOWN,Goodwill of Central & Southern Indiana,5623409000000378422,28.49,28.49,0.00,0.00,0.00,0.00,0,,,UNBILLED,0.00,0.00,,0.00,0.00,UNBILLED,PO has no linked bills in Zoho
59113648,2025-12-07,UNKNOWN,Goodwill Industries of the Columbia Willamette,5623409000000378398,361.93,361.93,0.00,0.00,0.00,0.00,0,,,UNBILLED,0.00,0.00,,0.00,0.00,UNBILLED,PO has no linked bills in Zoho
25-13919-75472,2025-12-07,UNKNOWN,aziron2000,5623409000000378306,140.95,140.95,0.00,0.00,0.00,0.00,0,,,UNBILLED,0.00,0.00,,0.00,0.00,UNBILLED,PO has no linked bills in Zoho
03-13950-22107,2025-12-07,UNKNOWN,dereknginja,5623409000000378237,140.00,140.00,0.00,0.00,0.00,0.00,0,,,UNBILLED,0.00,0.00,,0.00,0.00,UNBILLED,PO has no linked bills in Zoho
02-13951-86338,2025-12-07,UNKNOWN,frankysthreads,5623409000000378180,139.98,139.98,0.00,0.00,0.00,0.00,0,,,UNBILLED,0.00,0.00,,0.00,0.00,UNBILLED,PO has no linked bills in Zoho
19-13927-93341,2025-12-07,UNKNOWN,dereknginja,5623409000000378131,135.00,135.00,0.00,0.00,0.00,0.00,0,,,UNBILLED,0.00,0.00,,0.00,0.00,UNBILLED,PO has no linked bills in Zoho
11-13938-98112,2025-12-07,UNKNOWN,onlybegottengoods,5623409000000378048,139.99,139.99,0.00,0.00,0.00,0.00,0,,,UNBILLED,0.00,0.00,,0.00,0.00,UNBILLED,PO has no linked bills in Zoho
m14532479258,2025-12-06,UNKNOWN,MERCARI,5623409000000377263,320.00,320.00,0.00,0.00,0.00,0.00,0,,,UNBILLED,0.00,0.00,,0.00,0.00,UNBILLED,PO has no linked bills in Zoho
59130989,2025-12-06,UNKNOWN,Goodwill Industries of the Columbia Willamette,5623409000000373909,204.67,204.67,0.00,0.00,0.00,0.00,0,,,UNBILLED,0.00,0.00,,0.00,0.00,UNBILLED,PO has no linked bills in Zoho
8205693756548387,2025-12-06,UNKNOWN,Aliexpress,5623409000000373846,146.39,146.39,0.00,0.00,0.00,0.00,0,,,UNBILLED,0.00,0.00,,0.00,0.00,UNBILLED,PO has no linked bills in Zoho
59104535,2025-12-07,UNKNOWN,"Goodwill Industries of Northwest North Carolina, Inc.",5623409000000373830,48.05,48.05,0.00,0.00,0.00,0.00,0,,,UNBILLED,0.00,0.00,,0.00,0.00,UNBILLED,PO has no linked bills in Zoho
20-13922-49124,2025-12-06,UNKNOWN,mdel007-6,5623409000000373746,126.08,126.08,0.00,0.00,0.00,0.00,0,,,UNBILLED,0.00,0.00,,0.00,0.00,UNBILLED,PO has no linked bills in Zoho
22-13919-34388,2025-12-06,UNKNOWN,2nd_hand_trends,5623409000000373677,74.25,74.25,0.00,0.00,0.00,0.00,0,,,UNBILLED,0.00,0.00,,0.00,0.00,UNBILLED,PO has no linked bills in Zoho
26-13913-64371,2025-12-06,UNKNOWN,finn_and_peter,5623409000000373606,73.34,73.34,0.00,0.00,0.00,0.00,0,,,UNBILLED,0.00,0.00,,0.00,0.00,UNBILLED,PO has no linked bills in Zoho
13-13932-01977,2025-12-06,UNKNOWN,wild_alice,5623409000000373533,73.57,73.57,0.00,0.00,0.00,0.00,0,,,UNBILLED,0.00,0.00,,0.00,0.00,UNBILLED,PO has no linked bills in Zoho
12-13933-37185,2025-12-06,UNKNOWN,prodige_processing_inc,5623409000000373464,280.00,280.00,0.00,0.00,0.00,0.00,0,,,UNBILLED,0.00,0.00,,0.00,0.00,UNBILLED,PO has no linked bills in Zoho
24-13931-20913,2025-12-06,UNKNOWN,uncle_lou_finds_atx,5623409000000373395,74.99,74.99,0.00,0.00,0.00,0.00,0,,,UNBILLED,0.00,0.00,,0.00,0.00,UNBILLED,PO has no linked bills in Zoho
16-13926-15526,2025-12-06,UNKNOWN,annesitems,5623409000000373296,464.82,464.82,0.00,0.00,0.00,0.00,0,,,UNBILLED,0.00,0.00,,0.00,0.00,UNBILLED,PO has no linked bills in Zoho
07-13938-43872,2025-12-06,UNKNOWN,yfllc1,5623409000000370520,134.03,134.03,0.00,0.00,0.00,0.00,0,,,UNBILLED,0.00,0.00,,0.00,0.00,UNBILLED,PO has no linked bills in Zoho
22-13917-35438,2025-12-06,UNKNOWN,jgr_sales,5623409000000370463,110.60,110.60,0.00,0.00,0.00,0.00,0,,,UNBILLED,0.00,0.00,,0.00,0.00,UNBILLED,PO has no linked bills in Zoho
59092778,2025-12-05,UNKNOWN,Goodwill of Orange County,5623409000000370433,82.50,82.50,0.00,0.00,0.00,0.00,0,,,UNBILLED,0.00,0.00,,0.00,0.00,UNBILLED,PO has no linked bills in Zoho
59092758,2025-12-05,UNKNOWN,Goodwill of North Central Wisconsin,5623409000000370419,34.84,34.84,0.00,0.00,0.00,0.00,0,,,UNBILLED,0.00,0.00,,0.00,0.00,UNBILLED,PO has no linked bills in Zoho
59092498,2025-12-05,UNKNOWN,"Goodwill Industries of Northwest North Carolina, Inc.",5623409000000370336,75.92,75.92,0.00,0.00,0.00,0.00,0,,,UNBILLED,0.00,0.00,,0.00,0.00,UNBILLED,PO has no linked bills in Zoho
59092453,2025-12-05,UNKNOWN,Goodwill Industries of Central Texas,5623409000000370276,78.18,78.18,0.00,0.00,0.00,0.00,0,,,UNBILLED,0.00,0.00,,0.00,0.00,UNBILLED,PO has no linked bills in Zoho
59092388,2025-12-05,UNKNOWN,Evergreen Goodwill,5623409000000370254,61.20,61.20,0.00,0.00,0.00,0.00,0,,,UNBILLED,0.00,0.00,,0.00,0.00,UNBILLED,PO has no linked bills in Zoho
17-13924-14615,2025-12-06,UNKNOWN,outrageous44,5623409000000370171,475.00,475.00,0.00,0.00,0.00,0.00,0,,,UNBILLED,0.00,0.00,,0.00,0.00,UNBILLED,PO has no linked bills in Zoho
14-13928-43040,2025-12-06,UNKNOWN,greensale99,5623409000000370086,427.76,427.76,0.00,0.00,0.00,0.00,0,,,UNBILLED,0.00,0.00,,0.00,0.00,UNBILLED,PO has no linked bills in Zoho
19-13918-79970,2025-12-05,UNKNOWN,alansdeals237,5623409000000368852,69.99,69.99,0.00,0.00,0.00,0.00,0,,,UNBILLED,0.00,0.00,,0.00,0.00,UNBILLED,PO has no linked bills in Zoho
14-13925-67797,2025-12-05,UNKNOWN,anthom_476041,5623409000000368755,83.96,83.96,0.00,0.00,0.00,0.00,0,,,UNBILLED,0.00,0.00,,0.00,0.00,UNBILLED,PO has no linked bills in Zoho
05-13938-41240,2025-12-05,UNKNOWN,walkerblack75,5623409000000368640,132.79,132.79,0.00,0.00,0.00,0.00,0,,,UNBILLED,0.00,0.00,,0.00,0.00,UNBILLED,PO has no linked bills in Zoho
15-13923-92458,2025-12-05,UNKNOWN,juamannin-0,5623409000000368549,87.99,87.99,0.00,0.00,0.00,0.00,0,,,UNBILLED,0.00,0.00,,0.00,0.00,UNBILLED,PO has no linked bills in Zoho
11-13929-50607,2025-12-05,UNKNOWN,baseballdj9,5623409000000368464,175.00,175.00,0.00,0.00,0.00,0.00,0,,,UNBILLED,0.00,0.00,,0.00,0.00,UNBILLED,PO has no linked bills in Zoho
113-2933629-2359444,2025-12-05,UNKNOWN,Tek Star (SN Recorded),5623409000000368384,639.99,639.99,0.00,0.00,0.00,0.00,0,,,UNBILLED,0.00,0.00,,0.00,0.00,UNBILLED,PO has no linked bills in Zoho
08-13932-61824,2025-12-05,UNKNOWN,rosvarga_13,5623409000000368313,83.35,83.35,0.00,0.00,0.00,0.00,0,,,UNBILLED,0.00,0.00,,0.00,0.00,UNBILLED,PO has no linked bills in Zoho
02-13941-48152,2025-12-05,UNKNOWN,heartlandfurnitureandhome,5623409000000368231,69.98,69.98,0.00,0.00,0.00,0.00,0,,,UNBILLED,0.00,0.00,,0.00,0.00,UNBILLED,PO has no linked bills in Zoho
27-13906-49746,2025-12-05,UNKNOWN,peifinator,5623409000000368120,180.00,180.00,0.00,0.00,0.00,0.00,0,,,UNBILLED,0.00,0.00,,0.00,0.00,UNBILLED,PO has no linked bills in Zoho
08-13932-21034,2025-12-05,UNKNOWN,rileygirl-3,5623409000000361949,118.88,118.88,0.00,0.00,0.00,0.00,0,,,UNBILLED,0.00,0.00,,0.00,0.00,UNBILLED,PO has no linked bills in Zoho
24-13924-84681,2025-12-05,UNKNOWN,prepa_4130,5623409000000361880,159.99,159.99,0.00,0.00,0.00,0.00,0,,,UNBILLED,0.00,0.00,,0.00,0.00,UNBILLED,PO has no linked bills in Zoho
21-13913-95696,2025-12-05,UNKNOWN,3antar,5623409000000361811,94.99,94.99,0.00,0.00,0.00,0.00,0,,,UNBILLED,0.00,0.00,,0.00,0.00,UNBILLED,PO has no linked bills in Zoho
24-13924-80489,2025-12-05,UNKNOWN,jopel_2187,5623409000000361743,92.06,92.06,0.00,0.00,0.00,0.00,0,,,UNBILLED,0.00,0.00,,0.00,0.00,UNBILLED,PO has no linked bills in Zoho
14-13924-03078,2025-12-05,UNKNOWN,josua-3083,5623409000000361672,90.44,90.44,0.00,0.00,0.00,0.00,0,,,UNBILLED,0.00,0.00,,0.00,0.00,UNBILLED,PO has no linked bills in Zoho
21-13913-92346,2025-12-05,UNKNOWN,gonerman1,5623409000000361589,89.87,89.87,0.00,0.00,0.00,0.00,0,,,UNBILLED,0.00,0.00,,0.00,0.00,UNBILLED,PO has no linked bills in Zoho
16-13921-21595,2025-12-05,UNKNOWN,cash4clothesbozeman,5623409000000361504,89.99,89.99,0.00,0.00,0.00,0.00,0,,,UNBILLED,0.00,0.00,,0.00,0.00,UNBILLED,PO has no linked bills in Zoho
15-13922-53562,2025-12-05,UNKNOWN,kuppus8,5623409000000361433,62.98,62.98,0.00,0.00,0.00,0.00,0,,,UNBILLED,0.00,0.00,,0.00,0.00,UNBILLED,PO has no linked bills in Zoho
59070069,2025-12-04,UNKNOWN,Goodwill Industries of Central Texas,5623409000000357758,35.56,35.56,0.00,0.00,0.00,0.00,0,,,UNBILLED,0.00,0.00,,0.00,0.00,UNBILLED,PO has no linked bills in Zoho
59070113,2025-12-04,UNKNOWN,"Goodwill Industries of Middle Tennessee, Inc.",5623409000000357676,32.61,32.61,0.00,0.00,0.00,0.00,0,,,UNBILLED,0.00,0.00,,0.00,0.00,UNBILLED,PO has no linked bills in Zoho
59071392,2025-12-04,UNKNOWN,Goodwill Industries of South Florida,5623409000000357662,37.40,37.40,0.00,0.00,0.00,0.00,0,,,UNBILLED,0.00,0.00,,0.00,0.00,UNBILLED,PO has no linked bills in Zoho
59071357,2025-12-04,UNKNOWN,Goodwill Industries of Southern Arizona,5623409000000357640,62.46,62.46,0.00,0.00,0.00,0.00,0,,,UNBILLED,0.00,0.00,,0.00,0.00,UNBILLED,PO has no linked bills in Zoho
112-0485945-9849027,2025-12-04,UNKNOWN,"Amazon.com Services, Inc",5623409000000357577,23.49,23.49,0.00,0.00,0.00,0.00,0,,,UNBILLED,0.00,0.00,,0.00,0.00,UNBILLED,PO has no linked bills in Zoho
13-13923-84059,2025-12-04,UNKNOWN,kypow-9818,5623409000000357493,357.20,357.20,0.00,0.00,0.00,0.00,0,,,UNBILLED,0.00,0.00,,0.00,0.00,UNBILLED,PO has no linked bills in Zoho
02-13939-23669,2025-12-04,UNKNOWN,cuonhi,5623409000000357295,439.95,439.95,0.00,0.00,0.00,0.00,0,,,UNBILLED,0.00,0.00,,0.00,0.00,UNBILLED,PO has no linked bills in Zoho
23-13909-72751,2025-12-04,UNKNOWN,dbeau450,5623409000000357199,439.00,439.00,0.00,0.00,0.00,0.00,0,,,UNBILLED,0.00,0.00,,0.00,0.00,UNBILLED,PO has no linked bills in Zoho
08-13930-34068,2025-12-04,UNKNOWN,esales.california,5623409000000357144,90.24,90.24,0.00,0.00,0.00,0.00,0,,,UNBILLED,0.00,0.00,,0.00,0.00,UNBILLED,PO has no linked bills in Zoho
21-13912-04047,2025-12-04,UNKNOWN,haysmann,5623409000000357059,108.79,108.79,0.00,0.00,0.00,0.00,0,,,UNBILLED,0.00,0.00,,0.00,0.00,UNBILLED,PO has no linked bills in Zoho
17-13916-26792,2025-12-04,UNKNOWN,jennie5556,5623409000000360240,90.00,90.00,0.00,0.00,0.00,0.00,0,,,UNBILLED,0.00,0.00,,0.00,0.00,UNBILLED,PO has no linked bills in Zoho
59092643,2025-12-04,UNKNOWN,Goodwill Industries of the Columbia Willamette,5623409000000359856,103.94,103.94,0.00,0.00,0.00,0.00,0,,,UNBILLED,0.00,0.00,,0.00,0.00,UNBILLED,PO has no linked bills in Zoho
59067835,2025-12-04,UNKNOWN,Goodwill Industries of the Columbia Willamette,5623409000000359842,43.89,43.89,0.00,0.00,0.00,0.00,0,,,UNBILLED,0.00,0.00,,0.00,0.00,UNBILLED,PO has no linked bills in Zoho
59018896,2025-12-02,UNKNOWN,Goodwill Industries of the Columbia Willamette,5623409000000359329,62.46,62.46,0.00,0.00,0.00,0.00,0,,,UNBILLED,0.00,0.00,,0.00,0.00,UNBILLED,PO has no linked bills in Zoho
59062228,2025-12-02,UNKNOWN,Goodwill of North Central Wisconsin,5623409000000359193,40.56,40.56,0.00,0.00,0.00,0.00,0,,,UNBILLED,0.00,0.00,,0.00,0.00,UNBILLED,PO has no linked bills in Zoho
59061894,2025-12-03,UNKNOWN,Evergreen Goodwill,5623409000000359067,104.03,104.03,0.00,0.00,0.00,0.00,0,,,UNBILLED,0.00,0.00,,0.00,0.00,UNBILLED,PO has no linked bills in Zoho
59062212,2025-12-03,UNKNOWN,Goodwill Northern Michigan,5623409000000359008,37.96,37.96,0.00,0.00,0.00,0.00,0,,,UNBILLED,0.00,0.00,,0.00,0.00,UNBILLED,PO has no linked bills in Zoho
02-13938-56508,2025-12-04,UNKNOWN,mlamx27,5623409000000358736,119.70,119.70,0.00,0.00,0.00,0.00,0,,,UNBILLED,0.00,0.00,,0.00,0.00,UNBILLED,PO has no linked bills in Zoho
20-13912-77054,2025-12-04,UNKNOWN,cclements14,5623409000000358651,157.40,157.40,0.00,0.00,0.00,0.00,0,,,UNBILLED,0.00,0.00,,0.00,0.00,UNBILLED,PO has no linked bills in Zoho
04-13935-15675,2025-12-04,UNKNOWN,kahokian,5623409000000358566,164.48,164.48,0.00,0.00,0.00,0.00,0,,,UNBILLED,0.00,0.00,,0.00,0.00,UNBILLED,PO has no linked bills in Zoho
15-13919-70519,2025-12-04,UNKNOWN,collinh23,5623409000000358489,143.48,143.48,0.00,0.00,0.00,0.00,0,,,UNBILLED,0.00,0.00,,0.00,0.00,UNBILLED,PO has no linked bills in Zoho
06-13932-44106,2025-12-04,UNKNOWN,omarocks1992,5623409000000358418,78.00,78.00,0.00,0.00,0.00,0.00,0,,,UNBILLED,0.00,0.00,,0.00,0.00,UNBILLED,PO has no linked bills in Zoho
05-13933-95209,2025-12-04,UNKNOWN,vitkr02,5623409000000358347,81.42,81.42,0.00,0.00,0.00,0.00,0,,,UNBILLED,0.00,0.00,,0.00,0.00,UNBILLED,PO has no linked bills in Zoho
13-13922-50361,2025-12-04,UNKNOWN,coditrans08,5623409000000358276,39.00,39.00,0.00,0.00,0.00,0.00,0,,,UNBILLED,0.00,0.00,,0.00,0.00,UNBILLED,PO has no linked bills in Zoho
12-13923-74283,2025-12-04,UNKNOWN,the_stuffporium,5623409000000358180,82.94,82.94,0.00,0.00,0.00,0.00,0,,,UNBILLED,0.00,0.00,,0.00,0.00,UNBILLED,PO has no linked bills in Zoho
25-13905-50486,2025-12-04,UNKNOWN,bra991524,5623409000000358109,81.48,81.48,0.00,0.00,0.00,0.00,0,,,UNBILLED,0.00,0.00,,0.00,0.00,UNBILLED,PO has no linked bills in Zoho
01-13939-40454,2025-12-04,UNKNOWN,cletoga60,5623409000000358038,104.00,104.00,0.00,0.00,0.00,0.00,0,,,UNBILLED,0.00,0.00,,0.00,0.00,UNBILLED,PO has no linked bills in Zoho
19-13913-80543,2025-12-04,UNKNOWN,candbs11,5623409000000356967,139.49,139.49,0.00,0.00,0.00,0.00,0,,,UNBILLED,0.00,0.00,,0.00,0.00,UNBILLED,PO has no linked bills in Zoho
13-13922-18737,2025-12-04,UNKNOWN,sidethriftsllc,5623409000000356882,142.12,142.12,0.00,0.00,0.00,0.00,0,,,UNBILLED,0.00,0.00,,0.00,0.00,UNBILLED,PO has no linked bills in Zoho
27-13902-61179,2025-12-04,UNKNOWN,istic_01_9,5623409000000356798,136.84,136.84,0.00,0.00,0.00,0.00,0,,,UNBILLED,0.00,0.00,,0.00,0.00,UNBILLED,PO has no linked bills in Zoho
19-13913-64658,2025-12-04,UNKNOWN,jtydeals,5623409000000356713,136.01,136.01,0.00,0.00,0.00,0.00,0,,,UNBILLED,0.00,0.00,,0.00,0.00,UNBILLED,PO has no linked bills in Zoho
10-13926-03159,2025-12-04,UNKNOWN,mr.bouchlagham,5623409000000356642,130.00,130.00,0.00,0.00,0.00,0.00,0,,,UNBILLED,0.00,0.00,,0.00,0.00,UNBILLED,PO has no linked bills in Zoho
10-13925-99679,2025-12-04,UNKNOWN,hase-50,5623409000000356571,62.98,62.98,0.00,0.00,0.00,0.00,0,,,UNBILLED,0.00,0.00,,0.00,0.00,UNBILLED,PO has no linked bills in Zoho
02-13937-47005,2025-12-04,UNKNOWN,seaside-sales,5623409000000356488,59.95,59.95,0.00,0.00,0.00,0.00,0,,,UNBILLED,0.00,0.00,,0.00,0.00,UNBILLED,PO has no linked bills in Zoho
23-13907-95845,2025-12-04,UNKNOWN,relucta_76,5623409000000356431,149.49,149.49,0.00,0.00,0.00,0.00,0,,,UNBILLED,0.00,0.00,,0.00,0.00,UNBILLED,PO has no linked bills in Zoho
27-13902-49479,2025-12-04,UNKNOWN,buyandsell_boston,5623409000000356360,92.00,92.00,0.00,0.00,0.00,0.00,0,,,UNBILLED,0.00,0.00,,0.00,0.00,UNBILLED,PO has no linked bills in Zoho
11-13924-35236,2025-12-04,UNKNOWN,bsgpawnshop74464,5623409000000356275,249.63,249.63,0.00,0.00,0.00,0.00,0,,,UNBILLED,0.00,0.00,,0.00,0.00,UNBILLED,PO has no linked bills in Zoho
13-13921-40722,2025-12-04,UNKNOWN,jeretan5,5623409000000356072,23.35,23.35,0.00,0.00,0.00,0.00,0,,,UNBILLED,0.00,0.00,,0.00,0.00,UNBILLED,PO has no linked bills in Zoho
02-13936-55357,2025-12-04,UNKNOWN,jcisles12,5623409000000356015,435.38,435.38,0.00,0.00,0.00,0.00,0,,,UNBILLED,0.00,0.00,,0.00,0.00,UNBILLED,PO has no linked bills in Zoho
22-13908-09707,2025-12-04,UNKNOWN,cyber_popeye,5623409000000354641,439.94,439.94,0.00,0.00,0.00,0.00,0,,,UNBILLED,0.00,0.00,,0.00,0.00,UNBILLED,PO has no linked bills in Zoho
02-13936-25608,2025-12-04,UNKNOWN,eternalftr,5623409000000354600,399.00,399.00,0.00,0.00,0.00,0.00,0,,,UNBILLED,0.00,0.00,,0.00,0.00,UNBILLED,PO has no linked bills in Zoho
07-13929-08586,2025-12-04,UNKNOWN,sezsell,5623409000000354501,213.65,213.65,0.00,0.00,0.00,0.00,0,,,UNBILLED,0.00,0.00,,0.00,0.00,UNBILLED,PO has no linked bills in Zoho
8206801306188387,2025-12-03,UNKNOWN,Aliexpress,5623409000000354303,277.09,277.09,0.00,0.00,0.00,0.00,0,,,UNBILLED,0.00,0.00,,0.00,0.00,UNBILLED,PO has no linked bills in Zoho
1000248860,2025-12-03,UNKNOWN,Cable Leader,5623409000000354217,112.55,112.55,0.00,0.00,0.00,0.00,0,,,UNBILLED,0.00,0.00,,0.00,0.00,UNBILLED,PO has no linked bills in Zoho
18-13911-72524,2025-12-03,UNKNOWN,umoralm21,5623409000000354105,118.98,118.98,0.00,0.00,0.00,0.00,0,,,UNBILLED,0.00,0.00,,0.00,0.00,UNBILLED,PO has no linked bills in Zoho
10-13922-73184,2025-12-03,UNKNOWN,nuksoo1980,5623409000000354034,94.43,94.43,0.00,0.00,0.00,0.00,0,,,UNBILLED,0.00,0.00,,0.00,0.00,UNBILLED,PO has no linked bills in Zoho
22-13906-07631,2025-12-03,UNKNOWN,slapmightymikes,5623409000000353951,149.95,149.95,0.00,0.00,0.00,0.00,0,,,UNBILLED,0.00,0.00,,0.00,0.00,UNBILLED,PO has no linked bills in Zoho
21-13907-18534,2025-12-03,UNKNOWN,bichosmatterinthismysteryofmysteries,5623409000000353835,149.99,149.99,0.00,0.00,0.00,0.00,0,,,UNBILLED,0.00,0.00,,0.00,0.00,UNBILLED,PO has no linked bills in Zoho
06-13928-59173,2025-12-03,UNKNOWN,18years2025,5623409000000353738,149.99,149.99,0.00,0.00,0.00,0.00,0,,,UNBILLED,0.00,0.00,,0.00,0.00,UNBILLED,PO has no linked bills in Zoho
04-13931-22976,2025-12-03,UNKNOWN,abr.electronics,5623409000000353681,132.60,132.60,0.00,0.00,0.00,0.00,0,,,UNBILLED,0.00,0.00,,0.00,0.00,UNBILLED,PO has no linked bills in Zoho
8206891074208387,2025-12-03,UNKNOWN,Computer Server Accessories Store,5623409000000353651,370.24,370.24,0.00,0.00,0.00,0.00,0,,,UNBILLED,0.00,0.00,,0.00,0.00,UNBILLED,PO has no linked bills in Zoho
59047736,2025-12-03,UNKNOWN,Evergreen Goodwill,5623409000000353502,292.97,292.97,0.00,0.00,0.00,0.00,0,,,UNBILLED,0.00,0.00,,0.00,0.00,UNBILLED,PO has no linked bills in Zoho
59047660,2025-12-03,UNKNOWN,Evergreen Goodwill,5623409000000353480,144.17,144.17,0.00,0.00,0.00,0.00,0,,,UNBILLED,0.00,0.00,,0.00,0.00,UNBILLED,PO has no linked bills in Zoho
113-7021896-3386627,2025-12-03,UNKNOWN,teninyu,5623409000000353041,139.80,139.80,0.00,0.00,0.00,0.00,0,,,UNBILLED,0.00,0.00,,0.00,0.00,UNBILLED,PO has no linked bills in Zoho
16-13913-84703,2025-12-03,UNKNOWN,kubuta,5623409000000352937,180.00,180.00,0.00,0.00,0.00,0.00,0,,,UNBILLED,0.00,0.00,,0.00,0.00,UNBILLED,PO has no linked bills in Zoho
19-13909-04426,2025-12-03,UNKNOWN,treasurehunters_deals,5623409000000352511,103.94,103.94,0.00,0.00,0.00,0.00,0,,,UNBILLED,0.00,0.00,,0.00,0.00,UNBILLED,PO has no linked bills in Zoho
26-13899-08951,2025-12-03,UNKNOWN,iwantluc,5623409000000352440,479.16,479.16,0.00,0.00,0.00,0.00,0,,,UNBILLED,0.00,0.00,,0.00,0.00,UNBILLED,PO has no linked bills in Zoho
22-13904-68175,2025-12-03,UNKNOWN,acedynamic,5623409000000352369,13.60,13.60,0.00,0.00,0.00,0.00,0,,,UNBILLED,0.00,0.00,,0.00,0.00,UNBILLED,PO has no linked bills in Zoho
25-13899-75827,2025-12-03,UNKNOWN,acedynamic,5623409000000352312,13.60,13.60,0.00,0.00,0.00,0.00,0,,,UNBILLED,0.00,0.00,,0.00,0.00,UNBILLED,PO has no linked bills in Zoho
01-13933-65852,2025-12-03,UNKNOWN,acedynamic,5623409000000352255,13.60,13.60,0.00,0.00,0.00,0.00,0,,,UNBILLED,0.00,0.00,,0.00,0.00,UNBILLED,PO has no linked bills in Zoho
10-13920-50247,2025-12-03,UNKNOWN,acedynamic,5623409000000352198,13.60,13.60,0.00,0.00,0.00,0.00,0,,,UNBILLED,0.00,0.00,,0.00,0.00,UNBILLED,PO has no linked bills in Zoho
23-13903-27586,2025-12-03,UNKNOWN,acedynamic,5623409000000352141,13.60,13.60,0.00,0.00,0.00,0.00,0,,,UNBILLED,0.00,0.00,,0.00,0.00,UNBILLED,PO has no linked bills in Zoho
08-13923-17346,2025-12-03,UNKNOWN,acedynamic,5623409000000352084,13.60,13.60,0.00,0.00,0.00,0.00,0,,,UNBILLED,0.00,0.00,,0.00,0.00,UNBILLED,PO has no linked bills in Zoho
07-13925-35099 + 07-13925-35100,2025-12-03,UNKNOWN,greensale99,5623409000000351960,656.84,656.84,0.00,0.00,0.00,0.00,0,,,UNBILLED,0.00,0.00,,0.00,0.00,UNBILLED,PO has no linked bills in Zoho
02-13932-40278,2025-12-03,UNKNOWN,yeralvela99,5623409000000351897,26.98,26.98,0.00,0.00,0.00,0.00,0,,,UNBILLED,0.00,0.00,,0.00,0.00,UNBILLED,PO has no linked bills in Zoho
01-13933-99689,2025-12-03,UNKNOWN,powerstore2021,5623409000000351815,101.10,101.10,0.00,0.00,0.00,0.00,0,,,UNBILLED,0.00,0.00,,0.00,0.00,UNBILLED,PO has no linked bills in Zoho
10-13920-82395,2025-12-03,UNKNOWN,jacobsparts,5623409000000351758,64.76,64.76,0.00,0.00,0.00,0.00,0,,,UNBILLED,0.00,0.00,,0.00,0.00,UNBILLED,PO has no linked bills in Zoho
23-13902-82435,2025-12-03,UNKNOWN,greenlight_electronics,5623409000000351676,24.86,24.86,0.00,0.00,0.00,0.00,0,,,UNBILLED,0.00,0.00,,0.00,0.00,UNBILLED,PO has no linked bills in Zoho
26-13898-28780,2025-12-03,UNKNOWN,5jesussaves,5623409000000351564,440.06,440.06,0.00,0.00,0.00,0.00,0,,,UNBILLED,0.00,0.00,,0.00,0.00,UNBILLED,PO has no linked bills in Zoho
12-13917-98929,2025-12-03,UNKNOWN,fountain-energy,5623409000000351449,14.58,14.58,0.00,0.00,0.00,0.00,0,,,UNBILLED,0.00,0.00,,0.00,0.00,UNBILLED,PO has no linked bills in Zoho
10-13920-47021,2025-12-03,UNKNOWN,itbytowers,5623409000000351353,427.29,427.29,0.00,0.00,0.00,0.00,0,,,UNBILLED,0.00,0.00,,0.00,0.00,UNBILLED,PO has no linked bills in Zoho
22-13903-81928,2025-12-03,UNKNOWN,anglad55,5623409000000351298,14.00,14.00,0.00,0.00,0.00,0.00,0,,,UNBILLED,0.00,0.00,,0.00,0.00,UNBILLED,PO has no linked bills in Zoho
11-13919-13923,2025-12-03,UNKNOWN,collier_d,5623409000000351229,17.99,17.99,0.00,0.00,0.00,0.00,0,,,UNBILLED,0.00,0.00,,0.00,0.00,UNBILLED,PO has no linked bills in Zoho
0023,2025-10-29,UNKNOWN,P.R. CHINA,5623409000000351127,3800.00,3800.00,0.00,0.00,0.00,0.00,0,,,UNBILLED,0.00,0.00,,0.00,0.00,UNBILLED,PO has no linked bills in Zoho
14-13914-84101,2025-12-03,UNKNOWN,erekl-83,5623409000000351039,33.98,33.98,0.00,0.00,0.00,0.00,0,,,UNBILLED,0.00,0.00,,0.00,0.00,UNBILLED,PO has no linked bills in Zoho
20-13905-93948,2025-12-03,UNKNOWN,stillgooddeli,5623409000000349380,130.79,130.79,0.00,0.00,0.00,0.00,0,,,UNBILLED,0.00,0.00,,0.00,0.00,UNBILLED,PO has no linked bills in Zoho
23-13901-85240,2025-12-03,UNKNOWN,wolfgang5727,5623409000000349309,117.94,117.94,0.00,0.00,0.00,0.00,0,,,UNBILLED,0.00,0.00,,0.00,0.00,UNBILLED,PO has no linked bills in Zoho
08-13922-46952,2025-12-03,UNKNOWN,odditiesgeneration,5623409000000349227,110.45,110.45,0.00,0.00,0.00,0.00,0,,,UNBILLED,0.00,0.00,,0.00,0.00,UNBILLED,PO has no linked bills in Zoho
23-13901-83571,2025-12-03,UNKNOWN,retronic73,5623409000000349142,54.27,54.27,0.00,0.00,0.00,0.00,0,,,UNBILLED,0.00,0.00,,0.00,0.00,UNBILLED,PO has no linked bills in Zoho
11-13918-46248,2025-12-03,UNKNOWN,devodeals,5623409000000349060,140.65,140.65,0.00,0.00,0.00,0.00,0,,,UNBILLED,0.00,0.00,,0.00,0.00,UNBILLED,PO has no linked bills in Zoho
19-13907-40408,2025-12-03,UNKNOWN,ryland1025,5623409000000348977,75.00,75.00,0.00,0.00,0.00,0.00,0,,,UNBILLED,0.00,0.00,,0.00,0.00,UNBILLED,PO has no linked bills in Zoho
17-13910-03394,2025-12-03,UNKNOWN,seaside-sales,5623409000000348886,83.55,83.55,0.00,0.00,0.00,0.00,0,,,UNBILLED,0.00,0.00,,0.00,0.00,UNBILLED,PO has no linked bills in Zoho
09-13921-14562,2025-12-03,UNKNOWN,yesia9,5623409000000348829,82.40,82.40,0.00,0.00,0.00,0.00,0,,,UNBILLED,0.00,0.00,,0.00,0.00,UNBILLED,PO has no linked bills in Zoho
14-13914-30675,2025-12-03,UNKNOWN,willc65,5623409000000348758,82.15,82.15,0.00,0.00,0.00,0.00,0,,,UNBILLED,0.00,0.00,,0.00,0.00,UNBILLED,PO has no linked bills in Zoho
21-13904-21978,2025-12-03,UNKNOWN,compadanny,5623409000000348687,80.29,80.29,0.00,0.00,0.00,0.00,0,,,UNBILLED,0.00,0.00,,0.00,0.00,UNBILLED,PO has no linked bills in Zoho
18-13908-73754,2025-12-03,UNKNOWN,the_magic_bazaar,5623409000000348616,76.67,76.67,0.00,0.00,0.00,0.00,0,,,UNBILLED,0.00,0.00,,0.00,0.00,UNBILLED,PO has no linked bills in Zoho
13-13915-88807,2025-12-03,UNKNOWN,techbuyer_usa_outlet,5623409000000348547,79.95,79.95,0.00,0.00,0.00,0.00,0,,,UNBILLED,0.00,0.00,,0.00,0.00,UNBILLED,PO has no linked bills in Zoho
10-13919-72561,2025-12-03,UNKNOWN,tech-world43228,5623409000000348519,296.99,296.99,0.00,0.00,0.00,0.00,0,,,UNBILLED,0.00,0.00,,0.00,0.00,UNBILLED,PO has no linked bills in Zoho
11-13918-37250,2025-12-03,UNKNOWN,greensale99,5623409000000348489,855.52,855.52,0.00,0.00,0.00,0.00,0,,,UNBILLED,0.00,0.00,,0.00,0.00,UNBILLED,PO has no linked bills in Zoho
23-13901-72995,2025-12-03,UNKNOWN,itbytowers,5623409000000348418,427.29,427.29,0.00,0.00,0.00,0.00,0,,,UNBILLED,0.00,0.00,,0.00,0.00,UNBILLED,PO has no linked bills in Zoho
17-13909-92973,2025-12-03,UNKNOWN,05kamars,5623409000000348321,13.60,13.60,0.00,0.00,0.00,0.00,0,,,UNBILLED,0.00,0.00,,0.00,0.00,UNBILLED,PO has no linked bills in Zoho
18-13908-63302,2025-12-03,UNKNOWN,tjsarah1,5623409000000348264,30.24,30.24,0.00,0.00,0.00,0.00,0,,,UNBILLED,0.00,0.00,,0.00,0.00,UNBILLED,PO has no linked bills in Zoho
07-13924-05190,2025-12-03,UNKNOWN,pinstriperheuy,5623409000000348193,57.24,57.24,0.00,0.00,0.00,0.00,0,,,UNBILLED,0.00,0.00,,0.00,0.00,UNBILLED,PO has no linked bills in Zoho
8206918288388387,2025-11-20,UNKNOWN,Aliexpress,5623409000000347975,69.51,69.51,0.00,0.00,0.00,0.00,0,,,UNBILLED,0.00,0.00,,0.00,0.00,UNBILLED,PO has no linked bills in Zoho
8207427348428387,2025-12-02,UNKNOWN,Aliexpress,5623409000000347961,126.02,126.02,0.00,0.00,0.00,0.00,0,,,UNBILLED,0.00,0.00,,0.00,0.00,UNBILLED,PO has no linked bills in Zoho
8206727368298387,2025-12-02,UNKNOWN,Computer Server Accessories Store,5623409000000347916,386.84,386.84,0.00,0.00,0.00,0.00,0,,,UNBILLED,0.00,0.00,,0.00,0.00,UNBILLED,PO has no linked bills in Zoho
8206644411248387,2025-12-02,UNKNOWN,Computer Server Accessories Store,5623409000000347889,379.54,379.54,0.00,0.00,0.00,0.00,0,,,UNBILLED,0.00,0.00,,0.00,0.00,UNBILLED,PO has no linked bills in Zoho
22-13901-17329,2025-12-02,UNKNOWN,thegridgoodwill,5623409000000347805,43.27,43.27,0.00,0.00,0.00,0.00,0,,,UNBILLED,0.00,0.00,,0.00,0.00,UNBILLED,PO has no linked bills in Zoho
59025882,2025-12-02,UNKNOWN,Goodwill Industries of Arkansas - NWA,5623409000000347452,570.91,570.91,0.00,0.00,0.00,0.00,0,,,UNBILLED,0.00,0.00,,0.00,0.00,UNBILLED,PO has no linked bills in Zoho
59025815,2025-12-02,UNKNOWN,Goodwill Columbus,5623409000000347402,38.49,38.49,0.00,0.00,0.00,0.00,0,,,UNBILLED,0.00,0.00,,0.00,0.00,UNBILLED,PO has no linked bills in Zoho
21-13901-93815,2025-12-02,UNKNOWN,crazy4treasures15,5623409000000347259,30.95,30.95,0.00,0.00,0.00,0.00,0,,,UNBILLED,0.00,0.00,,0.00,0.00,UNBILLED,PO has no linked bills in Zoho
13-13912-84837,2025-12-02,UNKNOWN,te_300669,5623409000000347161,387.69,387.69,0.00,0.00,0.00,0.00,0,,,UNBILLED,0.00,0.00,,0.00,0.00,UNBILLED,PO has no linked bills in Zoho
08-13919-18463,2025-12-02,UNKNOWN,acedynamic,5623409000000347090,13.60,13.60,0.00,0.00,0.00,0.00,0,,,UNBILLED,0.00,0.00,,0.00,0.00,UNBILLED,PO has no linked bills in Zoho
17-13906-76377,2025-12-02,UNKNOWN,acedynamic,5623409000000347033,13.60,13.60,0.00,0.00,0.00,0.00,0,,,UNBILLED,0.00,0.00,,0.00,0.00,UNBILLED,PO has no linked bills in Zoho
06-13922-41454,2025-12-02,UNKNOWN,acedynamic,5623409000000346976,13.60,13.60,0.00,0.00,0.00,0.00,0,,,UNBILLED,0.00,0.00,,0.00,0.00,UNBILLED,PO has no linked bills in Zoho
18-13905-49633,2025-12-02,UNKNOWN,acedynamic,5623409000000346917,13.60,13.60,0.00,0.00,0.00,0.00,0,,,UNBILLED,0.00,0.00,,0.00,0.00,UNBILLED,PO has no linked bills in Zoho
08-13919-16516,2025-12-02,UNKNOWN,acedynamic,5623409000000346858,13.60,13.60,0.00,0.00,0.00,0.00,0,,,UNBILLED,0.00,0.00,,0.00,0.00,UNBILLED,PO has no linked bills in Zoho
11-13915-21010,2025-12-02,UNKNOWN,vitzakh-26,5623409000000346760,483.51,483.51,0.00,0.00,0.00,0.00,0,,,UNBILLED,0.00,0.00,,0.00,0.00,UNBILLED,PO has no linked bills in Zoho
21-13900-73685,2025-12-02,UNKNOWN,ez_shop916,5623409000000346612,45.01,45.01,0.00,0.00,0.00,0.00,0,,,UNBILLED,0.00,0.00,,0.00,0.00,UNBILLED,PO has no linked bills in Zoho
13-13912-36195 + 13-13912-36194,2025-12-02,UNKNOWN,greensale99,5623409000000346576,1143.04,1143.04,0.00,0.00,0.00,0.00,0,,,UNBILLED,0.00,0.00,,0.00,0.00,UNBILLED,PO has no linked bills in Zoho
25-13895-44229,2025-12-02,UNKNOWN,thriftza_llc,5623409000000346507,350.00,350.00,0.00,0.00,0.00,0.00,0,,,UNBILLED,0.00,0.00,,0.00,0.00,UNBILLED,PO has no linked bills in Zoho
25-13895-44859,2025-12-02,UNKNOWN,adia7811,5623409000000346436,54.05,54.05,0.00,0.00,0.00,0.00,0,,,UNBILLED,0.00,0.00,,0.00,0.00,UNBILLED,PO has no linked bills in Zoho
02-13927-71986,2025-12-02,UNKNOWN,mitch.hull,5623409000000346351,350.00,350.00,0.00,0.00,0.00,0.00,0,,,UNBILLED,0.00,0.00,,0.00,0.00,UNBILLED,PO has no linked bills in Zoho
21-13900-59831,2025-12-02,UNKNOWN,mottainaiwonders,5623409000000346225,460.77,460.77,0.00,0.00,0.00,0.00,0,,,UNBILLED,0.00,0.00,,0.00,0.00,UNBILLED,PO has no linked bills in Zoho
03-13925-94849,2025-12-02,UNKNOWN,jerseymikescollectibles,5623409000000346140,450.26,450.26,0.00,0.00,0.00,0.00,0,,,UNBILLED,0.00,0.00,,0.00,0.00,UNBILLED,PO has no linked bills in Zoho
09-13917-49685,2025-12-02,UNKNOWN,clpbrokers,5623409000000346030,420.10,420.10,0.00,0.00,0.00,0.00,0,,,UNBILLED,0.00,0.00,,0.00,0.00,UNBILLED,PO has no linked bills in Zoho
17-13906-33868,2025-12-02,UNKNOWN,hemifalcon,5623409000000345961,65.00,65.00,0.00,0.00,0.00,0.00,0,,,UNBILLED,0.00,0.00,,0.00,0.00,UNBILLED,PO has no linked bills in Zoho
15-13909-13426,2025-12-02,UNKNOWN,jsadv215,5623409000000345868,64.98,64.98,0.00,0.00,0.00,0.00,0,,,UNBILLED,0.00,0.00,,0.00,0.00,UNBILLED,PO has no linked bills in Zoho
18-13905-03599,2025-12-02,UNKNOWN,kurly561,5623409000000345811,64.51,64.51,0.00,0.00,0.00,0.00,0,,,UNBILLED,0.00,0.00,,0.00,0.00,UNBILLED,PO has no linked bills in Zoho
23-13898-09780,2025-12-02,UNKNOWN,breben_5,5623409000000345740,63.79,63.79,0.00,0.00,0.00,0.00,0,,,UNBILLED,0.00,0.00,,0.00,0.00,UNBILLED,PO has no linked bills in Zoho
03-13925-86100,2025-12-02,UNKNOWN,hoboke2,5623409000000345687,63.52,63.52,0.00,0.00,0.00,0.00,0,,,UNBILLED,0.00,0.00,,0.00,0.00,UNBILLED,PO has no linked bills in Zoho
22-13899-39863,2025-12-02,UNKNOWN,faithjeranierose,5623409000000345616,63.49,63.49,0.00,0.00,0.00,0.00,0,,,UNBILLED,0.00,0.00,,0.00,0.00,UNBILLED,PO has no linked bills in Zoho
26-13893-78496,2025-12-02,UNKNOWN,bugotti2009,5623409000000345531,62.31,62.31,0.00,0.00,0.00,0.00,0,,,UNBILLED,0.00,0.00,,0.00,0.00,UNBILLED,PO has no linked bills in Zoho
08-13918-69626,2025-12-02,UNKNOWN,thecardcollector.22,5623409000000345460,61.94,61.94,0.00,0.00,0.00,0.00,0,,,UNBILLED,0.00,0.00,,0.00,0.00,UNBILLED,PO has no linked bills in Zoho
25-13895-27764,2025-12-02,UNKNOWN,jonradflipsnoco,5623409000000345387,57.91,57.91,0.00,0.00,0.00,0.00,0,,,UNBILLED,0.00,0.00,,0.00,0.00,UNBILLED,PO has no linked bills in Zoho
24-13911-35228,2025-12-02,UNKNOWN,goldybrown,5623409000000345316,61.34,61.34,0.00,0.00,0.00,0.00,0,,,UNBILLED,0.00,0.00,,0.00,0.00,UNBILLED,PO has no linked bills in Zoho
07-13920-43278,2025-12-02,UNKNOWN,erfinderfin9194,5623409000000345245,60.70,60.70,0.00,0.00,0.00,0.00,0,,,UNBILLED,0.00,0.00,,0.00,0.00,UNBILLED,PO has no linked bills in Zoho
23-13898-06130,2025-12-02,UNKNOWN,vitzakh-26,5623409000000345174,60.54,60.54,0.00,0.00,0.00,0.00,0,,,UNBILLED,0.00,0.00,,0.00,0.00,UNBILLED,PO has no linked bills in Zoho
16-13907-77059,2025-12-02,UNKNOWN,minglewoods_goods1,5623409000000345103,55.00,55.00,0.00,0.00,0.00,0.00,0,,,UNBILLED,0.00,0.00,,0.00,0.00,UNBILLED,PO has no linked bills in Zoho
18-13904-98803,2025-12-02,UNKNOWN,nadsf_51,5623409000000345046,59.99,59.99,0.00,0.00,0.00,0.00,0,,,UNBILLED,0.00,0.00,,0.00,0.00,UNBILLED,PO has no linked bills in Zoho
04-13924-51159,2025-12-02,UNKNOWN,pricelessantiques10,5623409000000344975,57.95,57.95,0.00,0.00,0.00,0.00,0,,,UNBILLED,0.00,0.00,,0.00,0.00,UNBILLED,PO has no linked bills in Zoho
12-13913-46395,2025-12-02,UNKNOWN,retrovalley92,5623409000000344904,51.95,51.95,0.00,0.00,0.00,0.00,0,,,UNBILLED,0.00,0.00,,0.00,0.00,UNBILLED,PO has no linked bills in Zoho
19-13903-61436,2025-12-02,UNKNOWN,jdhol-44,5623409000000344833,58.03,58.03,0.00,0.00,0.00,0.00,0,,,UNBILLED,0.00,0.00,,0.00,0.00,UNBILLED,PO has no linked bills in Zoho
11-13914-65774,2025-12-02,UNKNOWN,sommouang-0,5623409000000344762,56.34,56.34,0.00,0.00,0.00,0.00,0,,,UNBILLED,0.00,0.00,,0.00,0.00,UNBILLED,PO has no linked bills in Zoho
01-13929-12384,2025-12-02,UNKNOWN,zombiefamilyjohn,5623409000000344658,54.10,54.10,0.00,0.00,0.00,0.00,0,,,UNBILLED,0.00,0.00,,0.00,0.00,UNBILLED,PO has no linked bills in Zoho
16-13907-70960,2025-12-02,UNKNOWN,jacksonfamilyfarms,5623409000000344585,63.64,63.64,0.00,0.00,0.00,0.00,0,,,UNBILLED,0.00,0.00,,0.00,0.00,UNBILLED,PO has no linked bills in Zoho
23-13897-96436,2025-12-02,UNKNOWN,uncommonthrifts,5623409000000344514,76.09,76.09,0.00,0.00,0.00,0.00,0,,,UNBILLED,0.00,0.00,,0.00,0.00,UNBILLED,PO has no linked bills in Zoho
111-4097502-1672238,2025-12-02,UNKNOWN,JE MTD,5623409000000344464,36.09,36.09,0.00,0.00,0.00,0.00,0,,,UNBILLED,0.00,0.00,,0.00,0.00,UNBILLED,PO has no linked bills in Zoho
03-13924-72054,2025-12-02,UNKNOWN,goodwillsocalshop,5623409000000336844,251.50,251.50,0.00,0.00,0.00,0.00,0,,,UNBILLED,0.00,0.00,,0.00,0.00,UNBILLED,PO has no linked bills in Zoho
08-13917-46466,2025-12-02,UNKNOWN,yolocountyspcathriftstore,5623409000000336787,79.90,79.90,0.00,0.00,0.00,0.00,0,,,UNBILLED,0.00,0.00,,0.00,0.00,UNBILLED,PO has no linked bills in Zoho
02-13926-30970,2025-12-02,UNKNOWN,wildgracewardrobe,5623409000000336716,50.94,50.94,0.00,0.00,0.00,0.00,0,,,UNBILLED,0.00,0.00,,0.00,0.00,UNBILLED,PO has no linked bills in Zoho
18-13903-76370,2025-12-02,UNKNOWN,electrotes01,5623409000000336626,47.00,47.00,0.00,0.00,0.00,0.00,0,,,UNBILLED,0.00,0.00,,0.00,0.00,UNBILLED,PO has no linked bills in Zoho
15-13907-85677,2025-12-02,UNKNOWN,louiused,5623409000000336569,27.00,27.00,0.00,0.00,0.00,0.00,0,,,UNBILLED,0.00,0.00,,0.00,0.00,UNBILLED,PO has no linked bills in Zoho
23-13896-82170,2025-12-02,UNKNOWN,tech_revived,5623409000000336478,26.99,26.99,0.00,0.00,0.00,0.00,0,,,UNBILLED,0.00,0.00,,0.00,0.00,UNBILLED,PO has no linked bills in Zoho
01-13927-91701,2025-12-02,UNKNOWN,minglewoods_goods1,5623409000000336409,26.10,26.10,0.00,0.00,0.00,0.00,0,,,UNBILLED,0.00,0.00,,0.00,0.00,UNBILLED,PO has no linked bills in Zoho
113-3888933-9641013,2025-12-01,UNKNOWN,ReolinkDirect,5623409000000336223,293.99,293.99,0.00,0.00,0.00,0.00,0,,,UNBILLED,0.00,0.00,,0.00,0.00,UNBILLED,PO has no linked bills in Zoho
113-9927104-6633850,2025-12-01,UNKNOWN,"Amazon.com Services, Inc",5623409000000336182,29.99,29.99,0.00,0.00,0.00,0.00,0,,,UNBILLED,0.00,0.00,,0.00,0.00,UNBILLED,PO has no linked bills in Zoho
113-3212084-8639416,2025-12-01,UNKNOWN,Rockseed US,5623409000000336155,15.99,15.99,0.00,0.00,0.00,0.00,0,,,UNBILLED,0.00,0.00,,0.00,0.00,UNBILLED,PO has no linked bills in Zoho
16-13904-56930,2025-12-01,UNKNOWN,erfe_2787,5623409000000336071,73.68,73.68,0.00,0.00,0.00,0.00,0,,,UNBILLED,0.00,0.00,,0.00,0.00,UNBILLED,PO has no linked bills in Zoho
26-13880-75266,2025-11-30,UNKNOWN,CHARLES WASHBURN,5623409000000336000,0.00,0.00,0.00,0.00,0.00,0.00,0,,,UNBILLED,0.00,0.00,,0.00,0.00,UNBILLED,PO has no linked bills in Zoho
59062203,2025-12-01,UNKNOWN,Goodwill Industries of the Columbia Willamette,5623409000000335252,79.78,79.78,0.00,0.00,0.00,0.00,0,,,UNBILLED,0.00,0.00,,0.00,0.00,UNBILLED,PO has no linked bills in Zoho
59001460,2025-12-01,UNKNOWN,Goodwill Northern Michigan,5623409000000335217,41.05,41.05,0.00,0.00,0.00,0.00,0,,,UNBILLED,0.00,0.00,,0.00,0.00,UNBILLED,PO has no linked bills in Zoho
59000874,2025-12-01,UNKNOWN,05kamars,5623409000000335191,77.62,77.62,0.00,0.00,0.00,0.00,0,,,UNBILLED,0.00,0.00,,0.00,0.00,UNBILLED,PO has no linked bills in Zoho
59062232,2025-12-01,UNKNOWN,Goodwill of North Central Wisconsin,5623409000000335156,60.30,60.30,0.00,0.00,0.00,0.00,0,,,UNBILLED,0.00,0.00,,0.00,0.00,UNBILLED,PO has no linked bills in Zoho
59000304,2025-12-01,UNKNOWN,Goodwill of Southern Los Angeles County,5623409000000335134,86.46,86.46,0.00,0.00,0.00,0.00,0,,,UNBILLED,0.00,0.00,,0.00,0.00,UNBILLED,PO has no linked bills in Zoho
58999928,2025-12-01,UNKNOWN,"Goodwill Industries of Delaware & Delaware County, Inc.",5623409000000335098,107.42,107.42,0.00,0.00,0.00,0.00,0,,,UNBILLED,0.00,0.00,,0.00,0.00,UNBILLED,PO has no linked bills in Zoho
04-13920-59477,2025-12-01,UNKNOWN,steadymartspeedup1,5623409000000334797,268.95,268.95,0.00,0.00,0.00,0.00,0,,,UNBILLED,0.00,0.00,,0.00,0.00,UNBILLED,PO has no linked bills in Zoho
15-13905-14543,2025-12-01,UNKNOWN,steadymartspeedup1,5623409000000334725,268.95,268.95,0.00,0.00,0.00,0.00,0,,,UNBILLED,0.00,0.00,,0.00,0.00,UNBILLED,PO has no linked bills in Zoho
11-13910-69103,2025-12-01,UNKNOWN,kntkete.8bsmpvr6,5623409000000334635,45.00,45.00,0.00,0.00,0.00,0.00,0,,,UNBILLED,0.00,0.00,,0.00,0.00,UNBILLED,PO has no linked bills in Zoho
11-13910-65099,2025-12-01,UNKNOWN,rodal-8238,5623409000000334518,106.57,106.57,0.00,0.00,0.00,0.00,0,,,UNBILLED,0.00,0.00,,0.00,0.00,UNBILLED,PO has no linked bills in Zoho
09-13913-32983,2025-12-01,UNKNOWN,94gradywhite,5623409000000334447,99.98,99.98,0.00,0.00,0.00,0.00,0,,,UNBILLED,0.00,0.00,,0.00,0.00,UNBILLED,PO has no linked bills in Zoho
59046638,2025-12-01,UNKNOWN,Goodwill Industries of the Columbia Willamette,5623409000000334406,79.38,79.38,0.00,0.00,0.00,0.00,0,,,UNBILLED,0.00,0.00,,0.00,0.00,UNBILLED,PO has no linked bills in Zoho
22-13895-29143,2025-12-01,UNKNOWN,05kamars,5623409000000334325,86.83,86.83,0.00,0.00,0.00,0.00,0,,,UNBILLED,0.00,0.00,,0.00,0.00,UNBILLED,PO has no linked bills in Zoho
08-13914-59256,2025-12-01,UNKNOWN,yfllc1,5623409000000334247,59.19,59.19,0.00,0.00,0.00,0.00,0,,,UNBILLED,0.00,0.00,,0.00,0.00,UNBILLED,PO has no linked bills in Zoho
22-13895-28085,2025-12-01,UNKNOWN,globaldeals247,5623409000000334192,43.96,43.96,0.00,0.00,0.00,0.00,0,,,UNBILLED,0.00,0.00,,0.00,0.00,UNBILLED,PO has no linked bills in Zoho
02-13923-42815,2025-12-01,UNKNOWN,globaldeals247,5623409000000334124,87.96,87.96,0.00,0.00,0.00,0.00,0,,,UNBILLED,0.00,0.00,,0.00,0.00,UNBILLED,PO has no linked bills in Zoho
07-13916-32395,2025-12-01,UNKNOWN,globaldeals247,5623409000000333976,63.96,63.96,0.00,0.00,0.00,0.00,0,,,UNBILLED,0.00,0.00,,0.00,0.00,UNBILLED,PO has no linked bills in Zoho
07-13915-62792,2025-12-01,UNKNOWN,jesm_8968,5623409000000333828,59.93,59.93,0.00,0.00,0.00,0.00,0,,,UNBILLED,0.00,0.00,,0.00,0.00,UNBILLED,PO has no linked bills in Zoho
26-13888-52134,2025-12-01,UNKNOWN,buycentennial_man_10,5623409000000333735,101.25,101.25,0.00,0.00,0.00,0.00,0,,,UNBILLED,0.00,0.00,,0.00,0.00,UNBILLED,PO has no linked bills in Zoho
22-13894-02405,2025-12-01,UNKNOWN,chribla_5706,5623409000000333664,147.98,147.98,0.00,0.00,0.00,0.00,0,,,UNBILLED,0.00,0.00,,0.00,0.00,UNBILLED,PO has no linked bills in Zoho
18-13899-64249,2025-12-01,UNKNOWN,thriftwave16,5623409000000333593,50.00,50.00,0.00,0.00,0.00,0.00,0,,,UNBILLED,0.00,0.00,,0.00,0.00,UNBILLED,PO has no linked bills in Zoho
02-13922-12235,2025-12-01,UNKNOWN,angelabar,5623409000000333522,95.00,95.00,0.00,0.00,0.00,0.00,0,,,UNBILLED,0.00,0.00,,0.00,0.00,UNBILLED,PO has no linked bills in Zoho
03-13920-41206,2025-12-01,UNKNOWN,galactronica,5623409000000333439,149.99,149.99,0.00,0.00,0.00,0.00,0,,,UNBILLED,0.00,0.00,,0.00,0.00,UNBILLED,PO has no linked bills in Zoho
07-13915-01718,2025-12-01,UNKNOWN,itsmacsplace,5623409000000333368,46.33,46.33,0.00,0.00,0.00,0.00,0,,,UNBILLED,0.00,0.00,,0.00,0.00,UNBILLED,PO has no linked bills in Zoho
03-13920-40982,2025-12-01,UNKNOWN,jsadv215,5623409000000333297,149.98,149.98,0.00,0.00,0.00,0.00,0,,,UNBILLED,0.00,0.00,,0.00,0.00,UNBILLED,PO has no linked bills in Zoho
20-13896-72455,2025-12-01,UNKNOWN,acedynamic,5623409000000333226,13.60,13.60,0.00,0.00,0.00,0.00,0,,,UNBILLED,0.00,0.00,,0.00,0.00,UNBILLED,PO has no linked bills in Zoho
03-13919-70561,2025-12-01,UNKNOWN,acedynamic,5623409000000333169,13.60,13.60,0.00,0.00,0.00,0.00,0,,,UNBILLED,0.00,0.00,,0.00,0.00,UNBILLED,PO has no linked bills in Zoho
25-13889-79236,2025-12-01,UNKNOWN,mjammer11,5623409000000333071,81.70,81.70,0.00,0.00,0.00,0.00,0,,,UNBILLED,0.00,0.00,,0.00,0.00,UNBILLED,PO has no linked bills in Zoho
07-13914-52150,2025-12-01,UNKNOWN,wtg1990,5623409000000332592,485.00,485.00,0.00,0.00,0.00,0.00,0,,,UNBILLED,0.00,0.00,,0.00,0.00,UNBILLED,PO has no linked bills in Zoho
15-13903-06592,2025-12-01,UNKNOWN,professional-remote-us,5623409000000332519,86.50,86.50,0.00,0.00,0.00,0.00,0,,,UNBILLED,0.00,0.00,,0.00,0.00,UNBILLED,PO has no linked bills in Zoho
08-13912-29991,2025-12-01,UNKNOWN,sunshineislandpicker,5623409000000332431,69.99,69.99,0.00,0.00,0.00,0.00,0,,,UNBILLED,0.00,0.00,,0.00,0.00,UNBILLED,PO has no linked bills in Zoho
05-13917-17823,2025-12-01,UNKNOWN,bigeia,5623409000000332360,60.00,60.00,0.00,0.00,0.00,0.00,0,,,UNBILLED,0.00,0.00,,0.00,0.00,UNBILLED,PO has no linked bills in Zoho
01-13922-75162,2025-12-01,UNKNOWN,beautiantic,5623409000000332291,59.99,59.99,0.00,0.00,0.00,0.00,0,,,UNBILLED,0.00,0.00,,0.00,0.00,UNBILLED,PO has no linked bills in Zoho
13-13905-75695,2025-12-01,UNKNOWN,vampirevintage1862,5623409000000332220,65.07,65.07,0.00,0.00,0.00,0.00,0,,,UNBILLED,0.00,0.00,,0.00,0.00,UNBILLED,PO has no linked bills in Zoho
04-13917-75219,2025-12-01,UNKNOWN,startrekwars77,5623409000000329116,153.59,153.59,0.00,0.00,0.00,0.00,0,,,UNBILLED,0.00,0.00,,0.00,0.00,UNBILLED,PO has no linked bills in Zoho
15-13902-28735,2025-12-01,UNKNOWN,bakerflips,5623409000000329045,424.99,424.99,0.00,0.00,0.00,0.00,0,,,UNBILLED,0.00,0.00,,0.00,0.00,UNBILLED,PO has no linked bills in Zoho
06-13915-04257,2025-12-01,UNKNOWN,pro-usa-solutions,5623409000000328976,374.99,374.99,0.00,0.00,0.00,0.00,0,,,UNBILLED,0.00,0.00,,0.00,0.00,UNBILLED,PO has no linked bills in Zoho
20-13895-29002,2025-12-01,UNKNOWN,yegthrowbacks,5623409000000328894,302.60,302.60,0.00,0.00,0.00,0.00,0,,,UNBILLED,0.00,0.00,,0.00,0.00,UNBILLED,PO has no linked bills in Zoho
03-13918-93508,2025-12-01,UNKNOWN,sold_by_who,5623409000000328864,342.29,342.29,0.00,0.00,0.00,0.00,0,,,UNBILLED,0.00,0.00,,0.00,0.00,UNBILLED,PO has no linked bills in Zoho
10-13794-30567,2025-11-05,UNKNOWN,kirannaqash786,5623409000000328431,119.05,119.05,0.00,0.00,0.00,0.00,0,,,UNBILLED,0.00,0.00,,0.00,0.00,UNBILLED,PO has no linked bills in Zoho
06-13813-88948,2025-11-08,UNKNOWN,salvationarmyorlandoarc,5623409000000328339,405.55,405.55,0.00,0.00,0.00,0.00,0,,,UNBILLED,0.00,0.00,,0.00,0.00,UNBILLED,PO has no linked bills in Zoho
04-13910-40532,2025-11-29,UNKNOWN,dbeau450,5623409000000328214,400.00,400.00,0.00,0.00,0.00,0.00,0,,,UNBILLED,0.00,0.00,,0.00,0.00,UNBILLED,PO has no linked bills in Zoho
18-13890-88389,2025-11-29,UNKNOWN,dbeau450,5623409000000328069,338.00,338.00,0.00,0.00,0.00,0.00,0,,,UNBILLED,0.00,0.00,,0.00,0.00,UNBILLED,PO has no linked bills in Zoho
16-13786-09659,2025-11-05,UNKNOWN,kirannaqash786,5623409000000327630,302.20,302.20,0.00,0.00,0.00,0.00,0,,,UNBILLED,0.00,0.00,,0.00,0.00,UNBILLED,PO has no linked bills in Zoho
8205960981708387,2025-11-07,UNKNOWN,Aliexpress,5623409000000327526,46.66,46.66,0.00,0.00,0.00,0.00,0,,,UNBILLED,0.00,0.00,,0.00,0.00,UNBILLED,PO has no linked bills in Zoho
17-13802-88912,2025-11-09,UNKNOWN,regencytechnologies,5623409000000327440,406.00,406.00,0.00,0.00,0.00,0.00,0,,,UNBILLED,0.00,0.00,,0.00,0.00,UNBILLED,PO has no linked bills in Zoho
8205872163768387,2025-11-08,UNKNOWN,Aliexpress,5623409000000327352,45.04,45.04,0.00,0.00,0.00,0.00,0,,,UNBILLED,0.00,0.00,,0.00,0.00,UNBILLED,PO has no linked bills in Zoho
12-13792-17271,2025-11-05,UNKNOWN,galvearman.hqncmg46,5623409000000327243,40.98,40.98,0.00,0.00,0.00,0.00,0,,,UNBILLED,0.00,0.00,,0.00,0.00,UNBILLED,PO has no linked bills in Zoho
21-13780-92278,2025-11-05,UNKNOWN,salvationarmystpetearc,5623409000000327137,70.99,70.99,0.00,0.00,0.00,0.00,0,,,UNBILLED,0.00,0.00,,0.00,0.00,UNBILLED,PO has no linked bills in Zoho
17-13804-23992,2025-11-09,UNKNOWN,05kamars,5623409000000327002,244.90,244.90,0.00,0.00,0.00,0.00,0,,,UNBILLED,0.00,0.00,,0.00,0.00,UNBILLED,PO has no linked bills in Zoho
21-13769-88178,2025-11-03,UNKNOWN,gardenscorner84,5623409000000326900,55.00,55.00,0.00,0.00,0.00,0.00,0,,,UNBILLED,0.00,0.00,,0.00,0.00,UNBILLED,PO has no linked bills in Zoho
23-13794-91394,2025-11-09,UNKNOWN,regencytechnologies,5623409000000326796,456.50,456.50,0.00,0.00,0.00,0.00,0,,,UNBILLED,0.00,0.00,,0.00,0.00,UNBILLED,PO has no linked bills in Zoho
27-13773-11828,2025-11-05,UNKNOWN,pixelthrift,5623409000000326698,234.71,234.71,0.00,0.00,0.00,0.00,0,,,UNBILLED,0.00,0.00,,0.00,0.00,UNBILLED,PO has no linked bills in Zoho
19-13780-37685,2025-11-05,UNKNOWN,game_store4,5623409000000326592,79.88,79.88,0.00,0.00,0.00,0.00,0,,,UNBILLED,0.00,0.00,,0.00,0.00,UNBILLED,PO has no linked bills in Zoho
16-13895-58938,2025-11-30,UNKNOWN,massr_sa,5623409000000326497,82.13,82.13,0.00,0.00,0.00,0.00,0,,,UNBILLED,0.00,0.00,,0.00,0.00,UNBILLED,PO has no linked bills in Zoho
17-13894-07420,2025-11-30,UNKNOWN,copper_chord_music,5623409000000326448,81.99,81.99,0.00,0.00,0.00,0.00,0,,,UNBILLED,0.00,0.00,,0.00,0.00,UNBILLED,PO has no linked bills in Zoho
05-13911-35228,2025-11-30,UNKNOWN,conan3323,5623409000000326377,81.95,81.95,0.00,0.00,0.00,0.00,0,,,UNBILLED,0.00,0.00,,0.00,0.00,UNBILLED,PO has no linked bills in Zoho
20-13889-92838,2025-11-30,UNKNOWN,jacomagi_0,5623409000000326308,74.95,74.95,0.00,0.00,0.00,0.00,0,,,UNBILLED,0.00,0.00,,0.00,0.00,UNBILLED,PO has no linked bills in Zoho
02-13915-29814,2025-11-30,UNKNOWN,thedapperadvisor,5623409000000326239,79.99,79.99,0.00,0.00,0.00,0.00,0,,,UNBILLED,0.00,0.00,,0.00,0.00,UNBILLED,PO has no linked bills in Zoho
20-13889-90887,2025-11-30,UNKNOWN,buydig,5623409000000326168,599.99,599.99,0.00,0.00,0.00,0.00,0,,,UNBILLED,0.00,0.00,,0.00,0.00,UNBILLED,PO has no linked bills in Zoho
09-13905-09656,2025-11-30,UNKNOWN,londonandsam,5623409000000326084,175.00,175.00,0.00,0.00,0.00,0.00,0,,,UNBILLED,0.00,0.00,,0.00,0.00,UNBILLED,PO has no linked bills in Zoho
21-13885-74255,2025-11-29,UNKNOWN,team-alpha,5623409000000326013,159.91,159.91,0.00,0.00,0.00,0.00,0,,,UNBILLED,0.00,0.00,,0.00,0.00,UNBILLED,PO has no linked bills in Zoho
20-13885-12304,2025-11-29,UNKNOWN,winnsbor_0,5623409000000322894,75.80,75.80,0.00,0.00,0.00,0.00,0,,,UNBILLED,0.00,0.00,,0.00,0.00,UNBILLED,PO has no linked bills in Zoho
58948018,2025-11-28,UNKNOWN,Horizon Goodwill Industries,5623409000000322751,111.81,111.81,0.00,0.00,0.00,0.00,0,,,UNBILLED,0.00,0.00,,0.00,0.00,UNBILLED,PO has no linked bills in Zoho
59062270,2025-11-28,UNKNOWN,Goodwill of the Olympics and Rainier Region,5623409000000322676,65.72,65.72,0.00,0.00,0.00,0.00,0,,,UNBILLED,0.00,0.00,,0.00,0.00,UNBILLED,PO has no linked bills in Zoho
58947788,2025-11-28,UNKNOWN,"Goodwill Industries of Delaware & Delaware County, Inc.",5623409000000322644,84.80,84.80,0.00,0.00,0.00,0.00,0,,,UNBILLED,0.00,0.00,,0.00,0.00,UNBILLED,PO has no linked bills in Zoho
58937755,2025-11-28,UNKNOWN,Goodwill Industries of the Columbia Willamette,5623409000000322630,74.84,74.84,0.00,0.00,0.00,0.00,0,,,UNBILLED,0.00,0.00,,0.00,0.00,UNBILLED,PO has no linked bills in Zoho
58945196,2025-11-28,UNKNOWN,Goodwill Industries of Southern NJ & Philadelphia,5623409000000322608,69.67,69.67,0.00,0.00,0.00,0.00,0,,,UNBILLED,0.00,0.00,,0.00,0.00,UNBILLED,PO has no linked bills in Zoho
58945214,2025-11-28,UNKNOWN,Evergreen Goodwill,5623409000000322586,182.96,182.96,0.00,0.00,0.00,0.00,0,,,UNBILLED,0.00,0.00,,0.00,0.00,UNBILLED,PO has no linked bills in Zoho
08-13898-46293,2025-11-28,UNKNOWN,n4bpr66,5623409000000322429,409.82,409.82,0.00,0.00,0.00,0.00,0,,,UNBILLED,0.00,0.00,,0.00,0.00,UNBILLED,PO has no linked bills in Zoho
17-13888-02411,2025-11-28,UNKNOWN,jaci34242,5623409000000322358,75.00,75.00,0.00,0.00,0.00,0.00,0,,,UNBILLED,0.00,0.00,,0.00,0.00,UNBILLED,PO has no linked bills in Zoho
15-13889-82119,2025-11-28,UNKNOWN,zandzvintage,5623409000000322287,34.14,34.14,0.00,0.00,0.00,0.00,0,,,UNBILLED,0.00,0.00,,0.00,0.00,UNBILLED,PO has no linked bills in Zoho
11-13895-63671,2025-11-28,UNKNOWN,dbeau450,5623409000000322204,385.00,385.00,0.00,0.00,0.00,0.00,0,,,UNBILLED,0.00,0.00,,0.00,0.00,UNBILLED,PO has no linked bills in Zoho
17-13886-99873,2025-11-28,UNKNOWN,goodwillsocalshop,5623409000000322147,57.99,57.99,0.00,0.00,0.00,0.00,0,,,UNBILLED,0.00,0.00,,0.00,0.00,UNBILLED,PO has no linked bills in Zoho
10-13896-73502,2025-11-28,UNKNOWN,wuvtownseller2011,5623409000000322057,122.00,122.00,0.00,0.00,0.00,0.00,0,,,UNBILLED,0.00,0.00,,0.00,0.00,UNBILLED,PO has no linked bills in Zoho
20-13882-86130,2025-11-28,UNKNOWN,something_weird,5623409000000322027,134.99,134.99,0.00,0.00,0.00,0.00,0,,,UNBILLED,0.00,0.00,,0.00,0.00,UNBILLED,PO has no linked bills in Zoho
13-13892-68194,2025-11-28,UNKNOWN,thetoyhunters2313,5623409000000321076,145.00,145.00,0.00,0.00,0.00,0.00,0,,,UNBILLED,0.00,0.00,,0.00,0.00,UNBILLED,PO has no linked bills in Zoho
01-13909-59672,2025-11-28,UNKNOWN,tst_relics,5623409000000320991,380.00,380.00,0.00,0.00,0.00,0.00,0,,,UNBILLED,0.00,0.00,,0.00,0.00,UNBILLED,PO has no linked bills in Zoho
06-13901-82859,2025-11-28,UNKNOWN,davastsgtv8rm,5623409000000320821,61.99,61.99,0.00,0.00,0.00,0.00,0,,,UNBILLED,0.00,0.00,,0.00,0.00,UNBILLED,PO has no linked bills in Zoho
17-13886-21641,2025-11-28,UNKNOWN,missboldgoods,5623409000000320750,45.00,45.00,0.00,0.00,0.00,0.00,0,,,UNBILLED,0.00,0.00,,0.00,0.00,UNBILLED,PO has no linked bills in Zoho
14-13890-50148,2025-11-28,UNKNOWN,readdrago-64,5623409000000320679,80.02,80.02,0.00,0.00,0.00,0.00,0,,,UNBILLED,0.00,0.00,,0.00,0.00,UNBILLED,PO has no linked bills in Zoho
02-13907-45292,2025-11-28,UNKNOWN,pcg4,5623409000000320610,79.45,79.45,0.00,0.00,0.00,0.00,0,,,UNBILLED,0.00,0.00,,0.00,0.00,UNBILLED,PO has no linked bills in Zoho
05-13903-49276,2025-11-28,UNKNOWN,isaaczoey09,5623409000000320539,124.99,124.99,0.00,0.00,0.00,0.00,0,,,UNBILLED,0.00,0.00,,0.00,0.00,UNBILLED,PO has no linked bills in Zoho
25-13875-20518,2025-11-28,UNKNOWN,wyndycity63,5623409000000320468,121.99,121.99,0.00,0.00,0.00,0.00,0,,,UNBILLED,0.00,0.00,,0.00,0.00,UNBILLED,PO has no linked bills in Zoho
06-13901-80331,2025-11-28,UNKNOWN,tgardner1,5623409000000320386,121.98,121.98,0.00,0.00,0.00,0.00,0,,,UNBILLED,0.00,0.00,,0.00,0.00,UNBILLED,PO has no linked bills in Zoho
04-13904-43297,2025-11-28,UNKNOWN,jorgee_2023,5623409000000320315,135.34,135.34,0.00,0.00,0.00,0.00,0,,,UNBILLED,0.00,0.00,,0.00,0.00,UNBILLED,PO has no linked bills in Zoho
26-13873-69964,2025-11-28,UNKNOWN,lennyfunstuff,5623409000000320244,132.55,132.55,0.00,0.00,0.00,0.00,0,,,UNBILLED,0.00,0.00,,0.00,0.00,UNBILLED,PO has no linked bills in Zoho
16-13887-53862,2025-11-28,UNKNOWN,jstew15150,5623409000000320173,63.60,63.60,0.00,0.00,0.00,0.00,0,,,UNBILLED,0.00,0.00,,0.00,0.00,UNBILLED,PO has no linked bills in Zoho
8207564157738387,2025-11-28,UNKNOWN,Aliexpress,5623409000000314001,86.82,86.82,0.00,0.00,0.00,0.00,0,,,UNBILLED,0.00,0.00,,0.00,0.00,UNBILLED,PO has no linked bills in Zoho
8207564157698387,2025-11-27,UNKNOWN,Yyds Digimon Store,5623409000000313378,8.07,8.07,0.00,0.00,0.00,0.00,0,,,UNBILLED,0.00,0.00,,0.00,0.00,UNBILLED,PO has no linked bills in Zoho
25-13869-91735,2025-11-27,UNKNOWN,draftst_11,5623409000000313268,218.90,218.90,0.00,0.00,0.00,0.00,0,,,UNBILLED,0.00,0.00,,0.00,0.00,UNBILLED,PO has no linked bills in Zoho
21-13875-12550,2025-11-27,UNKNOWN,mjk831,5623409000000313183,391.95,391.95,0.00,0.00,0.00,0.00,0,,,UNBILLED,0.00,0.00,,0.00,0.00,UNBILLED,PO has no linked bills in Zoho
09-13892-00747,2025-11-27,UNKNOWN,misterowens,5623409000000313153,309.95,309.95,0.00,0.00,0.00,0.00,0,,,UNBILLED,0.00,0.00,,0.00,0.00,UNBILLED,PO has no linked bills in Zoho
24-13885-97792,2025-11-27,UNKNOWN,joryutsop,5623409000000313057,349.99,349.99,0.00,0.00,0.00,0.00,0,,,UNBILLED,0.00,0.00,,0.00,0.00,UNBILLED,PO has no linked bills in Zoho
58924217,2025-11-27,UNKNOWN,Goodwill Columbus,5623409000000310185,69.47,69.47,0.00,0.00,0.00,0.00,0,,,UNBILLED,0.00,0.00,,0.00,0.00,UNBILLED,PO has no linked bills in Zoho
58924190,2025-11-27,UNKNOWN,Goodwill Industries of the Columbia Willamette,5623409000000299810,62.14,62.14,0.00,0.00,0.00,0.00,0,,,UNBILLED,0.00,0.00,,0.00,0.00,UNBILLED,PO has no linked bills in Zoho
58924161,2025-11-27,UNKNOWN,Goodwill of Central & Southern Indiana,5623409000000299780,58.17,58.17,0.00,0.00,0.00,0.00,0,,,UNBILLED,0.00,0.00,,0.00,0.00,UNBILLED,PO has no linked bills in Zoho
58924132,2025-11-27,UNKNOWN,Goodwill of Orange County,5623409000000299758,13.99,13.99,0.00,0.00,0.00,0.00,0,,,UNBILLED,0.00,0.00,,0.00,0.00,UNBILLED,PO has no linked bills in Zoho
8207564157718387,2025-11-27,UNKNOWN,Aliexpress,5623409000000299684,24.50,24.50,0.00,0.00,0.00,0.00,0,,,UNBILLED,0.00,0.00,,0.00,0.00,UNBILLED,PO has no linked bills in Zoho
8207564157678387,2025-11-27,UNKNOWN,Aliexpress,5623409000000299605,13.82,13.82,0.00,0.00,0.00,0.00,0,,,UNBILLED,0.00,0.00,,0.00,0.00,UNBILLED,PO has no linked bills in Zoho
112-0467996-6604258,2025-11-27,UNKNOWN,"Amazon.com Services, Inc",5623409000000308304,27.65,27.65,0.00,0.00,0.00,0.00,0,,,UNBILLED,0.00,0.00,,0.00,0.00,UNBILLED,PO has no linked bills in Zoho
113-8668480-0503451,2025-11-26,UNKNOWN,chaseroad store,5623409000000308209,16.99,16.99,0.00,0.00,0.00,0.00,0,,,UNBILLED,0.00,0.00,,0.00,0.00,UNBILLED,PO has no linked bills in Zoho
27-13865-60214,2025-11-26,UNKNOWN,salvationarmytulsaarc,5623409000000307716,35.98,35.98,0.00,0.00,0.00,0.00,0,,,UNBILLED,0.00,0.00,,0.00,0.00,UNBILLED,PO has no linked bills in Zoho
12-13886-45823,2025-11-26,UNKNOWN,flippingdiro,5623409000000307646,54.80,54.80,0.00,0.00,0.00,0.00,0,,,UNBILLED,0.00,0.00,,0.00,0.00,UNBILLED,PO has no linked bills in Zoho
24-13883-84852,2025-11-26,UNKNOWN,coditrans08,5623409000000307575,21.00,21.00,0.00,0.00,0.00,0.00,0,,,UNBILLED,0.00,0.00,,0.00,0.00,UNBILLED,PO has no linked bills in Zoho
58904824,2025-11-26,UNKNOWN,MERS/Missouri Goodwill Industries,5623409000000307106,57.43,57.43,0.00,0.00,0.00,0.00,0,,,UNBILLED,0.00,0.00,,0.00,0.00,UNBILLED,PO has no linked bills in Zoho
58904777,2025-11-26,UNKNOWN,Goodwill of Southwestern Pennsylvania,5623409000000307084,188.07,188.07,0.00,0.00,0.00,0.00,0,,,UNBILLED,0.00,0.00,,0.00,0.00,UNBILLED,PO has no linked bills in Zoho
58904753,2025-11-26,UNKNOWN,MERS/Missouri Goodwill Industries,5623409000000307040,25.16,25.16,0.00,0.00,0.00,0.00,0,,,UNBILLED,0.00,0.00,,0.00,0.00,UNBILLED,PO has no linked bills in Zoho
58904638,2025-11-26,UNKNOWN,Goodwill of Colorado,5623409000000306880,88.54,88.54,0.00,0.00,0.00,0.00,0,,,UNBILLED,0.00,0.00,,0.00,0.00,UNBILLED,PO has no linked bills in Zoho
58900607,2025-11-26,UNKNOWN,"Goodwill Industries of Central North Carolina, Inc.",5623409000000306858,51.83,51.83,0.00,0.00,0.00,0.00,0,,,UNBILLED,0.00,0.00,,0.00,0.00,UNBILLED,PO has no linked bills in Zoho
07-13892-79085,2025-11-26,UNKNOWN,jkszssjjs,5623409000000306578,247.35,247.35,0.00,0.00,0.00,0.00,0,,,UNBILLED,0.00,0.00,,0.00,0.00,UNBILLED,PO has no linked bills in Zoho
21-13872-63854,2025-11-26,UNKNOWN,dreesen1705,5623409000000306494,24.99,24.99,0.00,0.00,0.00,0.00,0,,,UNBILLED,0.00,0.00,,0.00,0.00,UNBILLED,PO has no linked bills in Zoho
07-13892-57460,2025-11-26,UNKNOWN,soriasales,5623409000000306392,60.00,60.00,0.00,0.00,0.00,0.00,0,,,UNBILLED,0.00,0.00,,0.00,0.00,UNBILLED,PO has no linked bills in Zoho
05-13895-69825,2025-11-26,UNKNOWN,ninjastrike007,5623409000000306321,80.60,80.60,0.00,0.00,0.00,0.00,0,,,UNBILLED,0.00,0.00,,0.00,0.00,UNBILLED,PO has no linked bills in Zoho
03-13897-95460,2025-11-26,UNKNOWN,usedelectronicsworld,5623409000000306252,50.00,50.00,0.00,0.00,0.00,0.00,0,,,UNBILLED,0.00,0.00,,0.00,0.00,UNBILLED,PO has no linked bills in Zoho
03-13897-94327,2025-11-26,UNKNOWN,trains-n-everything-else,5623409000000306181,42.98,42.98,0.00,0.00,0.00,0.00,0,,,UNBILLED,0.00,0.00,,0.00,0.00,UNBILLED,PO has no linked bills in Zoho
06-13894-00165,2025-11-26,UNKNOWN,mykbaut0,5623409000000306153,54.49,54.49,0.00,0.00,0.00,0.00,0,,,UNBILLED,0.00,0.00,,0.00,0.00,UNBILLED,PO has no linked bills in Zoho
05-13895-67749,2025-11-26,UNKNOWN,pixelorplastic,5623409000000306082,80.02,80.02,0.00,0.00,0.00,0.00,0,,,UNBILLED,0.00,0.00,,0.00,0.00,UNBILLED,PO has no linked bills in Zoho
19-13875-73578,2025-11-26,UNKNOWN,mvgamesplus,5623409000000306011,158.47,158.47,0.00,0.00,0.00,0.00,0,,,UNBILLED,0.00,0.00,,0.00,0.00,UNBILLED,PO has no linked bills in Zoho
17-13878-36845,2025-11-26,UNKNOWN,oh2beirish,5623409000000287926,150.98,150.98,0.00,0.00,0.00,0.00,0,,,UNBILLED,0.00,0.00,,0.00,0.00,UNBILLED,PO has no linked bills in Zoho
02-13899-59821,2025-11-26,UNKNOWN,bs66101,5623409000000287855,47.85,47.85,0.00,0.00,0.00,0.00,0,,,UNBILLED,0.00,0.00,,0.00,0.00,UNBILLED,PO has no linked bills in Zoho
18-13877-08200,2025-11-26,UNKNOWN,gzcb1,5623409000000287715,147.24,147.24,0.00,0.00,0.00,0.00,0,,,UNBILLED,0.00,0.00,,0.00,0.00,UNBILLED,PO has no linked bills in Zoho
24-13882-47314,2025-11-26,UNKNOWN,chaddmax,5623409000000287635,24.99,24.99,0.00,0.00,0.00,0.00,0,,,UNBILLED,0.00,0.00,,0.00,0.00,UNBILLED,PO has no linked bills in Zoho
17-13877-35108,2025-11-26,UNKNOWN,greensale99,5623409000000287503,487.28,487.28,0.00,0.00,0.00,0.00,0,,,UNBILLED,0.00,0.00,,0.00,0.00,UNBILLED,PO has no linked bills in Zoho
03-13896-71648,2025-11-26,UNKNOWN,vipoutlet,5623409000000287377,325.80,325.80,0.00,0.00,0.00,0.00,0,,,UNBILLED,0.00,0.00,,0.00,0.00,UNBILLED,PO has no linked bills in Zoho
18-13875-79846,2025-11-26,UNKNOWN,copperboom15,5623409000000287326,347.27,347.27,0.00,0.00,0.00,0.00,0,,,UNBILLED,0.00,0.00,,0.00,0.00,UNBILLED,PO has no linked bills in Zoho
12-13883-76654,2025-11-26,UNKNOWN,old-farmhouse,5623409000000304103,296.50,296.50,0.00,0.00,0.00,0.00,0,,,UNBILLED,0.00,0.00,,0.00,0.00,UNBILLED,PO has no linked bills in Zoho
12-13883-73407,2025-11-26,UNKNOWN,lui9176,5623409000000304020,349.99,349.99,0.00,0.00,0.00,0.00,0,,,UNBILLED,0.00,0.00,,0.00,0.00,UNBILLED,PO has no linked bills in Zoho
LCPU-ANHVU-112125,2025-11-21,UNKNOWN,ANH VU,5623409000000303884,0.00,0.00,0.00,0.00,0.00,0.00,0,,,UNBILLED,0.00,0.00,,0.00,0.00,UNBILLED,PO has no linked bills in Zoho
LCPU-ANHVU-111825,2025-11-18,UNKNOWN,ANH VU,5623409000000303857,320.00,320.00,0.00,0.00,0.00,0.00,0,,,UNBILLED,0.00,0.00,,0.00,0.00,UNBILLED,PO has no linked bills in Zoho
42747405,2025-11-25,UNKNOWN,ULINE,5623409000000303561,1219.87,1219.87,0.00,0.00,0.00,0.00,0,,,UNBILLED,0.00,0.00,,0.00,0.00,UNBILLED,PO has no linked bills in Zoho
34234,2025-11-25,UNKNOWN,FastMetals,5623409000000303382,207.03,207.03,0.00,0.00,0.00,0.00,0,,,UNBILLED,0.00,0.00,,0.00,0.00,UNBILLED,PO has no linked bills in Zoho
17-13874-94361,2025-11-25,UNKNOWN,realcomputersolutions,5623409000000303262,575.00,575.00,0.00,0.00,0.00,0.00,0,,,UNBILLED,0.00,0.00,,0.00,0.00,UNBILLED,PO has no linked bills in Zoho
01-13896-16922,2025-11-26,UNKNOWN,chuck-mac,5623409000000303171,55.99,55.99,0.00,0.00,0.00,0.00,0,,,UNBILLED,0.00,0.00,,0.00,0.00,UNBILLED,PO has no linked bills in Zoho
18-13872-04627,2025-11-25,UNKNOWN,lower8m,5623409000000303100,79.34,79.34,0.00,0.00,0.00,0.00,0,,,UNBILLED,0.00,0.00,,0.00,0.00,UNBILLED,PO has no linked bills in Zoho
27-13859-62687,2025-11-25,UNKNOWN,johsend0,5623409000000303029,57.34,57.34,0.00,0.00,0.00,0.00,0,,,UNBILLED,0.00,0.00,,0.00,0.00,UNBILLED,PO has no linked bills in Zoho
12-13880-48183,2025-11-25,UNKNOWN,2sales4u,5623409000000302958,64.99,64.99,0.00,0.00,0.00,0.00,0,,,UNBILLED,0.00,0.00,,0.00,0.00,UNBILLED,PO has no linked bills in Zoho
24-13878-36914,2025-11-25,UNKNOWN,brade-3994,5623409000000302889,45.95,45.95,0.00,0.00,0.00,0.00,0,,,UNBILLED,0.00,0.00,,0.00,0.00,UNBILLED,PO has no linked bills in Zoho
20-13869-12791,2025-11-25,UNKNOWN,jimbob_1962,5623409000000302806,110.00,110.00,0.00,0.00,0.00,0.00,0,,,UNBILLED,0.00,0.00,,0.00,0.00,UNBILLED,PO has no linked bills in Zoho
09-13884-13336,2025-11-25,UNKNOWN,ktbt2_52,5623409000000302437,276.90,276.90,0.00,0.00,0.00,0.00,0,,,UNBILLED,0.00,0.00,,0.00,0.00,UNBILLED,PO has no linked bills in Zoho
1125546638,2025-11-25,UNKNOWN,B&H Photo,5623409000000302354,227.60,227.60,0.00,0.00,0.00,0.00,0,,,UNBILLED,0.00,0.00,,0.00,0.00,UNBILLED,PO has no linked bills in Zoho
14-13877-05597,2025-11-25,UNKNOWN,jaypipeguy,5623409000000302242,79.95,79.95,0.00,0.00,0.00,0.00,0,,,UNBILLED,0.00,0.00,,0.00,0.00,UNBILLED,PO has no linked bills in Zoho
18-13871-50053,2025-11-25,UNKNOWN,yfllc1,5623409000000302169,347.74,347.74,0.00,0.00,0.00,0.00,0,,,UNBILLED,0.00,0.00,,0.00,0.00,UNBILLED,PO has no linked bills in Zoho
08-13885-14227,2025-11-25,UNKNOWN,comandante,5623409000000302114,79.99,79.99,0.00,0.00,0.00,0.00,0,,,UNBILLED,0.00,0.00,,0.00,0.00,UNBILLED,PO has no linked bills in Zoho
07-13886-88528,2025-11-25,UNKNOWN,smart.mamaa,5623409000000302041,127.38,127.38,0.00,0.00,0.00,0.00,0,,,UNBILLED,0.00,0.00,,0.00,0.00,UNBILLED,PO has no linked bills in Zoho
11-13881-13802,2025-11-25,UNKNOWN,thereadingresellers,5623409000000301970,139.93,139.93,0.00,0.00,0.00,0.00,0,,,UNBILLED,0.00,0.00,,0.00,0.00,UNBILLED,PO has no linked bills in Zoho
08-13885-12225,2025-11-25,UNKNOWN,proequipmentsales,5623409000000301899,136.98,136.98,0.00,0.00,0.00,0.00,0,,,UNBILLED,0.00,0.00,,0.00,0.00,UNBILLED,PO has no linked bills in Zoho
01-13895-56677,2025-11-25,UNKNOWN,bottomlineconcepts,5623409000000301814,134.99,134.99,0.00,0.00,0.00,0.00,0,,,UNBILLED,0.00,0.00,,0.00,0.00,UNBILLED,PO has no linked bills in Zoho
15-13875-52486,2025-11-25,UNKNOWN,69braun,5623409000000301710,134.30,134.30,0.00,0.00,0.00,0.00,0,,,UNBILLED,0.00,0.00,,0.00,0.00,UNBILLED,PO has no linked bills in Zoho
07-13886-85880,2025-11-25,UNKNOWN,sellingthingsiam,5623409000000301639,133.15,133.15,0.00,0.00,0.00,0.00,0,,,UNBILLED,0.00,0.00,,0.00,0.00,UNBILLED,PO has no linked bills in Zoho
14-13876-97403,2025-11-25,UNKNOWN,mjflipz,5623409000000301557,127.70,127.70,0.00,0.00,0.00,0.00,0,,,UNBILLED,0.00,0.00,,0.00,0.00,UNBILLED,PO has no linked bills in Zoho
21-13866-90986,2025-11-25,UNKNOWN,diaz_electronics,5623409000000301486,129.54,129.54,0.00,0.00,0.00,0.00,0,,,UNBILLED,0.00,0.00,,0.00,0.00,UNBILLED,PO has no linked bills in Zoho
22-13865-80620,2025-11-25,UNKNOWN,phoenixsolutions-itad,5623409000000301431,119.99,119.99,0.00,0.00,0.00,0.00,0,,,UNBILLED,0.00,0.00,,0.00,0.00,UNBILLED,PO has no linked bills in Zoho
04-13890-92481,2025-11-25,UNKNOWN,corky2888-4,5623409000000301319,105.00,105.00,0.00,0.00,0.00,0.00,0,,,UNBILLED,0.00,0.00,,0.00,0.00,UNBILLED,PO has no linked bills in Zoho
02-13893-52156,2025-11-25,UNKNOWN,jstew15150,5623409000000301280,39.45,39.45,0.00,0.00,0.00,0.00,0,,,UNBILLED,0.00,0.00,,0.00,0.00,UNBILLED,PO has no linked bills in Zoho
58882172,2025-11-25,UNKNOWN,Goodwill of North Central Wisconsin,5623409000000301252,70.41,70.41,0.00,0.00,0.00,0.00,0,,,UNBILLED,0.00,0.00,,0.00,0.00,UNBILLED,PO has no linked bills in Zoho
58856232,2025-11-25,UNKNOWN,"Goodwill of Ashtabula, Inc.",5623409000000301172,43.46,43.46,0.00,0.00,0.00,0.00,0,,,UNBILLED,0.00,0.00,,0.00,0.00,UNBILLED,PO has no linked bills in Zoho
58881849,2025-11-25,UNKNOWN,"Goodwill Industries of Middle Tennessee, Inc.",5623409000000301136,47.75,47.75,0.00,0.00,0.00,0.00,0,,,UNBILLED,0.00,0.00,,0.00,0.00,UNBILLED,PO has no linked bills in Zoho
58881758,2025-11-25,UNKNOWN,Goodwill Industries of the Columbia Willamette,5623409000000301099,100.10,100.10,0.00,0.00,0.00,0.00,0,,,UNBILLED,0.00,0.00,,0.00,0.00,UNBILLED,PO has no linked bills in Zoho
58877291,2025-11-25,UNKNOWN,"Goodwill Industries of the Chesapeake, Inc.",5623409000000301041,217.93,217.93,0.00,0.00,0.00,0.00,0,,,UNBILLED,0.00,0.00,,0.00,0.00,UNBILLED,PO has no linked bills in Zoho
58597533,2025-11-13,UNKNOWN,Goodwill of Orange County,5623409000000299149,24.98,24.98,0.00,0.00,0.00,0.00,0,,,UNBILLED,0.00,0.00,,0.00,0.00,UNBILLED,PO has no linked bills in Zoho
58581034,2025-11-11,UNKNOWN,Goodwill of Orange County,5623409000000299024,216.00,216.00,0.00,0.00,0.00,0.00,0,,,UNBILLED,0.00,0.00,,0.00,0.00,UNBILLED,PO has no linked bills in Zoho
8206527543948387,2025-11-24,UNKNOWN,Aliexpress,5623409000000298897,148.64,148.64,0.00,0.00,0.00,0.00,0,,,UNBILLED,0.00,0.00,,0.00,0.00,UNBILLED,PO has no linked bills in Zoho
58855580,2025-11-24,UNKNOWN,Goodwill of Orange County,5623409000000292242,14.00,14.00,0.00,0.00,0.00,0.00,0,,,UNBILLED,0.00,0.00,,0.00,0.00,UNBILLED,PO has no linked bills in Zoho
58855094,2025-11-23,UNKNOWN,Goodwill Industries of the Columbia Willamette,5623409000000292090,121.40,121.40,0.00,0.00,0.00,0.00,0,,,UNBILLED,0.00,0.00,,0.00,0.00,UNBILLED,PO has no linked bills in Zoho
24-13874-49563,2025-11-24,UNKNOWN,sha_899256,5623409000000292033,643.23,643.23,0.00,0.00,0.00,0.00,0,,,UNBILLED,0.00,0.00,,0.00,0.00,UNBILLED,PO has no linked bills in Zoho
09-13880-33926,2025-11-24,UNKNOWN,gvinu,5623409000000291942,449.99,449.99,0.00,0.00,0.00,0.00,0,,,UNBILLED,0.00,0.00,,0.00,0.00,UNBILLED,PO has no linked bills in Zoho
09-13880-33210,2025-11-24,UNKNOWN,paymore_cary,5623409000000291845,379.99,379.99,0.00,0.00,0.00,0.00,0,,,UNBILLED,0.00,0.00,,0.00,0.00,UNBILLED,PO has no linked bills in Zoho
27-13855-54300,2025-11-24,UNKNOWN,jeretan5,5623409000000291695,23.35,23.35,0.00,0.00,0.00,0.00,0,,,UNBILLED,0.00,0.00,,0.00,0.00,UNBILLED,PO has no linked bills in Zoho
24-13874-27516,2025-11-24,UNKNOWN,newuseprod_0,5623409000000291613,19.99,19.99,0.00,0.00,0.00,0.00,0,,,UNBILLED,0.00,0.00,,0.00,0.00,UNBILLED,PO has no linked bills in Zoho
38306,2025-11-24,UNKNOWN,GEARIT,5623409000000276788,739.80,739.80,0.00,0.00,0.00,0.00,0,,,UNBILLED,0.00,0.00,,0.00,0.00,UNBILLED,PO has no linked bills in Zoho
25-13856-59462,2025-11-24,UNKNOWN,acadia-2,5623409000000276506,812.80,812.80,0.00,0.00,0.00,0.00,0,,,UNBILLED,0.00,0.00,,0.00,0.00,UNBILLED,PO has no linked bills in Zoho
58842648,2025-11-24,UNKNOWN,Goodwill Industries of Greater Cleveland & East Central Ohio,5623409000000286092,27.50,27.50,0.00,0.00,0.00,0.00,0,,,UNBILLED,0.00,0.00,,0.00,0.00,UNBILLED,PO has no linked bills in Zoho
58842370,2025-11-24,UNKNOWN,Goodwill Industries of San Antonio,5623409000000286048,224.50,224.50,0.00,0.00,0.00,0.00,0,,,UNBILLED,0.00,0.00,,0.00,0.00,UNBILLED,PO has no linked bills in Zoho
58842310,2025-11-23,UNKNOWN,Goodwill Industries of Southern Arizona,5623409000000286018,21.72,21.72,0.00,0.00,0.00,0.00,0,,,UNBILLED,0.00,0.00,,0.00,0.00,UNBILLED,PO has no linked bills in Zoho
58842273,2025-11-23,UNKNOWN,Goodwill Industries of the Columbia Willamette,5623409000000285982,36.04,36.04,0.00,0.00,0.00,0.00,0,,,UNBILLED,0.00,0.00,,0.00,0.00,UNBILLED,PO has no linked bills in Zoho
58842229,2025-11-23,UNKNOWN,Goodwill Industries of the Columbia Willamette,5623409000000285968,53.50,53.50,0.00,0.00,0.00,0.00,0,,,UNBILLED,0.00,0.00,,0.00,0.00,UNBILLED,PO has no linked bills in Zoho
58841633,2025-11-23,UNKNOWN,Goodwill Industries of the Southern Piedmont,5623409000000285946,47.98,47.98,0.00,0.00,0.00,0.00,0,,,UNBILLED,0.00,0.00,,0.00,0.00,UNBILLED,PO has no linked bills in Zoho
58841573,2025-11-23,UNKNOWN,Goodwill of Colorado,5623409000000285924,69.05,69.05,0.00,0.00,0.00,0.00,0,,,UNBILLED,0.00,0.00,,0.00,0.00,UNBILLED,PO has no linked bills in Zoho
58841474,2025-11-23,UNKNOWN,Goodwill of Western Missouri & Eastern Kansas	,5623409000000285902,50.98,50.98,0.00,0.00,0.00,0.00,0,,,UNBILLED,0.00,0.00,,0.00,0.00,UNBILLED,PO has no linked bills in Zoho
58831303,2025-11-23,UNKNOWN,Goodwill of Orange County,5623409000000285880,88.76,88.76,0.00,0.00,0.00,0.00,0,,,UNBILLED,0.00,0.00,,0.00,0.00,UNBILLED,PO has no linked bills in Zoho
20-13782-62120,2025-11-05,UNKNOWN,men6844,5623409000000282252,209.43,209.43,0.00,0.00,0.00,0.00,0,,,UNBILLED,0.00,0.00,,0.00,0.00,UNBILLED,PO has no linked bills in Zoho
58270499,2025-11-07,UNKNOWN,Goodwill Industries of Greater New York and Northern New Jersey,5623409000000282198,60.50,60.50,0.00,0.00,0.00,0.00,0,,,UNBILLED,0.00,0.00,,0.00,0.00,UNBILLED,PO has no linked bills in Zoho
58333230,2025-11-12,UNKNOWN,Goodwill of the Olympics and Rainier Region,5623409000000282134,135.78,135.78,0.00,0.00,0.00,0.00,0,,,UNBILLED,0.00,0.00,,0.00,0.00,UNBILLED,PO has no linked bills in Zoho
26-13784-70573,2025-11-08,UNKNOWN,itdatalink,5623409000000282092,473.39,473.39,0.00,0.00,0.00,0.00,0,,,UNBILLED,0.00,0.00,,0.00,0.00,UNBILLED,PO has no linked bills in Zoho
22-13778-04245,2025-11-05,UNKNOWN,jaysjay,5623409000000282036,38.00,38.00,0.00,0.00,0.00,0.00,0,,,UNBILLED,0.00,0.00,,0.00,0.00,UNBILLED,PO has no linked bills in Zoho
01-13807-74149,2025-11-05,UNKNOWN,jaysjay,5623409000000278988,39.00,39.00,0.00,0.00,0.00,0.00,0,,,UNBILLED,0.00,0.00,,0.00,0.00,UNBILLED,PO has no linked bills in Zoho
01-13819-86286,2025-11-08,UNKNOWN,proearthtech,5623409000000278932,494.96,494.96,0.00,0.00,0.00,0.00,0,,,UNBILLED,0.00,0.00,,0.00,0.00,UNBILLED,PO has no linked bills in Zoho
20-13789-11723,2025-11-07,UNKNOWN,wynwoodsocialclub,5623409000000278870,124.99,124.99,0.00,0.00,0.00,0.00,0,,,UNBILLED,0.00,0.00,,0.00,0.00,UNBILLED,PO has no linked bills in Zoho
19-13788-75280,2025-11-07,UNKNOWN,atletronics,5623409000000278806,239.99,239.99,0.00,0.00,0.00,0.00,0,,,UNBILLED,0.00,0.00,,0.00,0.00,UNBILLED,PO has no linked bills in Zoho
13-13807-70305,2025-11-09,UNKNOWN,gadgetgrabber,5623409000000278742,399.99,399.99,0.00,0.00,0.00,0.00,0,,,UNBILLED,0.00,0.00,,0.00,0.00,UNBILLED,PO has no linked bills in Zoho
19-13862-92050,2025-11-23,UNKNOWN,speakerhouse,5623409000000278036,450.61,450.61,0.00,0.00,0.00,0.00,0,,,UNBILLED,0.00,0.00,,0.00,0.00,UNBILLED,PO has no linked bills in Zoho
13-13871-40025,2025-11-23,UNKNOWN,joyfulnoise7,5623409000000278006,480.60,480.60,0.00,0.00,0.00,0.00,0,,,UNBILLED,0.00,0.00,,0.00,0.00,UNBILLED,PO has no linked bills in Zoho
14-13869-63013,2025-11-23,UNKNOWN,cy_5710,5623409000000277978,40.00,40.00,0.00,0.00,0.00,0.00,0,,,UNBILLED,0.00,0.00,,0.00,0.00,UNBILLED,PO has no linked bills in Zoho
20-13861-13340,2025-11-24,UNKNOWN,haner_sales,5623409000000277950,75.99,75.99,0.00,0.00,0.00,0.00,0,,,UNBILLED,0.00,0.00,,0.00,0.00,UNBILLED,PO has no linked bills in Zoho
24-13870-35039,2025-11-23,UNKNOWN,medmart,5623409000000277896,152.98,152.98,0.00,0.00,0.00,0.00,0,,,UNBILLED,0.00,0.00,,0.00,0.00,UNBILLED,PO has no linked bills in Zoho
04-13883-49211,2025-11-23,UNKNOWN,lag0aa,5623409000000277868,67.99,67.99,0.00,0.00,0.00,0.00,0,,,UNBILLED,0.00,0.00,,0.00,0.00,UNBILLED,PO has no linked bills in Zoho
08-13877-62560,2025-11-24,UNKNOWN,troxy-llc,5623409000000277825,95.00,95.00,0.00,0.00,0.00,0.00,0,,,UNBILLED,0.00,0.00,,0.00,0.00,UNBILLED,PO has no linked bills in Zoho
17-13865-22145,2025-11-23,UNKNOWN,ep2404,5623409000000277795,147.40,147.40,0.00,0.00,0.00,0.00,0,,,UNBILLED,0.00,0.00,,0.00,0.00,UNBILLED,PO has no linked bills in Zoho
11-13873-62515,2025-11-23,UNKNOWN,kayumari,5623409000000277767,94.91,94.91,0.00,0.00,0.00,0.00,0,,,UNBILLED,0.00,0.00,,0.00,0.00,UNBILLED,PO has no linked bills in Zoho
03-13884-71904,2025-11-23,UNKNOWN,santantradingpost,5623409000000277739,53.15,53.15,0.00,0.00,0.00,0.00,0,,,UNBILLED,0.00,0.00,,0.00,0.00,UNBILLED,PO has no linked bills in Zoho
06-13880-15160,2025-11-23,UNKNOWN,i-jmax,5623409000000277711,67.99,67.99,0.00,0.00,0.00,0.00,0,,,UNBILLED,0.00,0.00,,0.00,0.00,UNBILLED,PO has no linked bills in Zoho
16-13866-04703,2025-11-23,UNKNOWN,magicmancan,5623409000000277697,30.00,30.00,0.00,0.00,0.00,0.00,0,,,UNBILLED,0.00,0.00,,0.00,0.00,UNBILLED,PO has no linked bills in Zoho
06-13880-07872,2025-11-23,UNKNOWN,timbo5055,5623409000000277667,197.50,197.50,0.00,0.00,0.00,0.00,0,,,UNBILLED,0.00,0.00,,0.00,0.00,UNBILLED,PO has no linked bills in Zoho
20-13859-37041,2025-11-23,UNKNOWN,dealdepotbst,5623409000000277637,264.76,264.76,0.00,0.00,0.00,0.00,0,,,UNBILLED,0.00,0.00,,0.00,0.00,UNBILLED,PO has no linked bills in Zoho
15-13865-27145,2025-11-23,UNKNOWN,liovilla_78,5623409000000277515,71.50,71.50,0.00,0.00,0.00,0.00,0,,,UNBILLED,0.00,0.00,,0.00,0.00,UNBILLED,PO has no linked bills in Zoho
16-13863-94893,2025-11-23,UNKNOWN,an8078,5623409000000277487,775.00,775.00,0.00,0.00,0.00,0.00,0,,,UNBILLED,0.00,0.00,,0.00,0.00,UNBILLED,PO has no linked bills in Zoho
07-13876-57499,2025-11-23,UNKNOWN,greensale99,5623409000000277395,823.28,823.28,0.00,0.00,0.00,0.00,0,,,UNBILLED,0.00,0.00,,0.00,0.00,UNBILLED,PO has no linked bills in Zoho
25-13851-39714,2025-11-23,UNKNOWN,mollie2002,5623409000000277355,264.91,264.91,0.00,0.00,0.00,0.00,0,,,UNBILLED,0.00,0.00,,0.00,0.00,UNBILLED,PO has no linked bills in Zoho
17-13862-39188,2025-11-23,UNKNOWN,thrift-er5,5623409000000277325,131.55,131.55,0.00,0.00,0.00,0.00,0,,,UNBILLED,0.00,0.00,,0.00,0.00,UNBILLED,PO has no linked bills in Zoho
14-13866-66607,2025-11-23,UNKNOWN,sheff284,5623409000000277254,376.34,376.34,0.00,0.00,0.00,0.00,0,,,UNBILLED,0.00,0.00,,0.00,0.00,UNBILLED,PO has no linked bills in Zoho
12-13869-57247,2025-11-23,UNKNOWN,value_voyager,5623409000000277211,243.00,243.00,0.00,0.00,0.00,0.00,0,,,UNBILLED,0.00,0.00,,0.00,0.00,UNBILLED,PO has no linked bills in Zoho
07-13876-52014,2025-11-23,UNKNOWN,benfromchicago22,5623409000000277183,35.22,35.22,0.00,0.00,0.00,0.00,0,,,UNBILLED,0.00,0.00,,0.00,0.00,UNBILLED,PO has no linked bills in Zoho
20-13858-18167,2025-11-23,UNKNOWN,gps_treasures,5623409000000277155,80.52,80.52,0.00,0.00,0.00,0.00,0,,,UNBILLED,0.00,0.00,,0.00,0.00,UNBILLED,PO has no linked bills in Zoho
24-13867-41209,2025-11-23,UNKNOWN,pitskollc,5623409000000277127,79.94,79.94,0.00,0.00,0.00,0.00,0,,,UNBILLED,0.00,0.00,,0.00,0.00,UNBILLED,PO has no linked bills in Zoho
10-13872-05536,2025-11-23,UNKNOWN,iarosape_0,5623409000000277099,79.80,79.80,0.00,0.00,0.00,0.00,0,,,UNBILLED,0.00,0.00,,0.00,0.00,UNBILLED,PO has no linked bills in Zoho
15-13865-12329,2025-11-23,UNKNOWN,jasonxxxx,5623409000000277071,78.69,78.69,0.00,0.00,0.00,0.00,0,,,UNBILLED,0.00,0.00,,0.00,0.00,UNBILLED,PO has no linked bills in Zoho
20-13858-17336,2025-11-23,UNKNOWN,more.sales,5623409000000277043,78.75,78.75,0.00,0.00,0.00,0.00,0,,,UNBILLED,0.00,0.00,,0.00,0.00,UNBILLED,PO has no linked bills in Zoho
18-13861-04471,2025-11-23,UNKNOWN,nextdayseller1,5623409000000277015,78.14,78.14,0.00,0.00,0.00,0.00,0,,,UNBILLED,0.00,0.00,,0.00,0.00,UNBILLED,PO has no linked bills in Zoho
58821533,2025-11-22,UNKNOWN,Goodwill Industries of San Antonio,5623409000000276330,29.30,29.30,0.00,0.00,0.00,0.00,0,,,UNBILLED,0.00,0.00,,0.00,0.00,UNBILLED,PO has no linked bills in Zoho
09-13871-11990,2025-11-22,UNKNOWN,lollinhard,5623409000000276306,419.83,419.83,0.00,0.00,0.00,0.00,0,,,UNBILLED,0.00,0.00,,0.00,0.00,UNBILLED,PO has no linked bills in Zoho
24-13864-96848,2025-11-22,UNKNOWN,jackpark0704,5623409000000276264,118.99,118.99,0.00,0.00,0.00,0.00,0,,,UNBILLED,0.00,0.00,,0.00,0.00,UNBILLED,PO has no linked bills in Zoho
26-13847-41143,2025-11-22,UNKNOWN,usaauctio23,5623409000000276234,140.50,140.50,0.00,0.00,0.00,0.00,0,,,UNBILLED,0.00,0.00,,0.00,0.00,UNBILLED,PO has no linked bills in Zoho
18-13858-58945,2025-11-22,UNKNOWN,alltheway_99,5623409000000276185,620.67,620.67,0.00,0.00,0.00,0.00,0,,,UNBILLED,0.00,0.00,,0.00,0.00,UNBILLED,PO has no linked bills in Zoho
23-13851-65340,2025-11-22,UNKNOWN,jubar-3198,5623409000000276149,137.82,137.82,0.00,0.00,0.00,0.00,0,,,UNBILLED,0.00,0.00,,0.00,0.00,UNBILLED,PO has no linked bills in Zoho
11-13867-77091,2025-11-22,UNKNOWN,carlosarias_06,5623409000000276110,75.02,75.02,0.00,0.00,0.00,0.00,0,,,UNBILLED,0.00,0.00,,0.00,0.00,UNBILLED,PO has no linked bills in Zoho
02-13880-23611,2025-11-22,UNKNOWN,blitzbuyz,5623409000000276071,75.89,75.89,0.00,0.00,0.00,0.00,0,,,UNBILLED,0.00,0.00,,0.00,0.00,UNBILLED,PO has no linked bills in Zoho
21-13853-20708,2025-11-22,UNKNOWN,i-jmax,5623409000000276043,49.99,49.99,0.00,0.00,0.00,0.00,0,,,UNBILLED,0.00,0.00,,0.00,0.00,UNBILLED,PO has no linked bills in Zoho
27-13845-33498,2025-11-22,UNKNOWN,hoosierresalellc,5623409000000276015,59.87,59.87,0.00,0.00,0.00,0.00,0,,,UNBILLED,0.00,0.00,,0.00,0.00,UNBILLED,PO has no linked bills in Zoho
TK 7442,2025-11-22,UNKNOWN,John Arrington,5623409000000274412,35.00,35.00,0.00,0.00,0.00,0.00,0,,,UNBILLED,0.00,0.00,,0.00,0.00,UNBILLED,PO has no linked bills in Zoho
17-13858-17614,2025-11-22,UNKNOWN,jmai_tech,5623409000000274359,73.00,73.00,0.00,0.00,0.00,0.00,0,,,UNBILLED,0.00,0.00,,0.00,0.00,UNBILLED,PO has no linked bills in Zoho
13-13863-94453,2025-11-22,UNKNOWN,imshoes2use,5623409000000274331,74.15,74.15,0.00,0.00,0.00,0.00,0,,,UNBILLED,0.00,0.00,,0.00,0.00,UNBILLED,PO has no linked bills in Zoho
58880741,2025-11-21,UNKNOWN,Goodwill of the Olympics and Rainier Region,5623409000000274207,182.73,182.73,0.00,0.00,0.00,0.00,0,,,UNBILLED,0.00,0.00,,0.00,0.00,UNBILLED,PO has no linked bills in Zoho
58794293,2025-11-21,UNKNOWN,Goodwill of Orange County,5623409000000274159,19.50,19.50,0.00,0.00,0.00,0.00,0,,,UNBILLED,0.00,0.00,,0.00,0.00,UNBILLED,PO has no linked bills in Zoho
58805326,2025-11-21,UNKNOWN,Goodwill Gulf Coast,5623409000000274112,24.61,24.61,0.00,0.00,0.00,0.00,0,,,UNBILLED,0.00,0.00,,0.00,0.00,UNBILLED,PO has no linked bills in Zoho
19-13854-25332,2025-11-21,UNKNOWN,uptownbikes,5623409000000274082,363.78,363.78,0.00,0.00,0.00,0.00,0,,,UNBILLED,0.00,0.00,,0.00,0.00,UNBILLED,PO has no linked bills in Zoho
12-13863-85967,2025-11-21,UNKNOWN,salvationarmytulsaarc,5623409000000274054,134.49,134.49,0.00,0.00,0.00,0.00,0,,,UNBILLED,0.00,0.00,,0.00,0.00,UNBILLED,PO has no linked bills in Zoho
21-13850-92270,2025-11-21,UNKNOWN,jeffsocal9,5623409000000274015,72.84,72.84,0.00,0.00,0.00,0.00,0,,,UNBILLED,0.00,0.00,,0.00,0.00,UNBILLED,PO has no linked bills in Zoho
07-13870-83295,2025-11-21,UNKNOWN,tjn2002,5623409000000273242,60.00,60.00,0.00,0.00,0.00,0.00,0,,,UNBILLED,0.00,0.00,,0.00,0.00,UNBILLED,PO has no linked bills in Zoho
02-13877-86099,2025-11-21,UNKNOWN,flsalvage,5623409000000273214,75.99,75.99,0.00,0.00,0.00,0.00,0,,,UNBILLED,0.00,0.00,,0.00,0.00,UNBILLED,PO has no linked bills in Zoho
01-13878-66242,2025-11-21,UNKNOWN,sich7626,5623409000000273132,360.77,360.77,0.00,0.00,0.00,0.00,0,,,UNBILLED,0.00,0.00,,0.00,0.00,UNBILLED,PO has no linked bills in Zoho
01-13877-92789,2025-11-21,UNKNOWN,greensale99,5623409000000273091,348.88,348.88,0.00,0.00,0.00,0.00,0,,,UNBILLED,0.00,0.00,,0.00,0.00,UNBILLED,PO has no linked bills in Zoho
25-13844-65550,2025-11-21,UNKNOWN,greensale99,5623409000000273069,755.52,755.52,0.00,0.00,0.00,0.00,0,,,UNBILLED,0.00,0.00,,0.00,0.00,UNBILLED,PO has no linked bills in Zoho
12-13861-52103,2025-11-21,UNKNOWN,greensale99,5623409000000272092,384.76,384.76,0.00,0.00,0.00,0.00,0,,,UNBILLED,0.00,0.00,,0.00,0.00,UNBILLED,PO has no linked bills in Zoho
24-13859-40188,2025-11-21,UNKNOWN,kypow-9818,5623409000000272076,247.20,247.20,0.00,0.00,0.00,0.00,0,,,UNBILLED,0.00,0.00,,0.00,0.00,UNBILLED,PO has no linked bills in Zoho
03-13873-83614,2025-11-21,UNKNOWN,stacemasse0,5623409000000272048,144.92,144.92,0.00,0.00,0.00,0.00,0,,,UNBILLED,0.00,0.00,,0.00,0.00,UNBILLED,PO has no linked bills in Zoho
8206385141278387,2025-11-21,UNKNOWN,Aliexpress,5623409000000272020,29.51,29.51,0.00,0.00,0.00,0.00,0,,,UNBILLED,0.00,0.00,,0.00,0.00,UNBILLED,PO has no linked bills in Zoho
8206385141298387,2025-11-20,UNKNOWN,Aliexpress,5623409000000271400,4.38,4.38,0.00,0.00,0.00,0.00,0,,,UNBILLED,0.00,0.00,,0.00,0.00,UNBILLED,PO has no linked bills in Zoho
01-13876-86322,2025-11-21,UNKNOWN,dillyflipping,5623409000000271329,99.99,99.99,0.00,0.00,0.00,0.00,0,,,UNBILLED,0.00,0.00,,0.00,0.00,UNBILLED,PO has no linked bills in Zoho
04-13871-20382,2025-11-20,UNKNOWN,tech-rescue_az,5623409000000271301,96.74,96.74,0.00,0.00,0.00,0.00,0,,,UNBILLED,0.00,0.00,,0.00,0.00,UNBILLED,PO has no linked bills in Zoho
05-13870-20215,2025-11-20,UNKNOWN,shibatreasures,5623409000000271273,214.86,214.86,0.00,0.00,0.00,0.00,0,,,UNBILLED,0.00,0.00,,0.00,0.00,UNBILLED,PO has no linked bills in Zoho
19-13850-21593,2025-11-20,UNKNOWN,3olliebird,5623409000000271237,58.56,58.56,0.00,0.00,0.00,0.00,0,,,UNBILLED,0.00,0.00,,0.00,0.00,UNBILLED,PO has no linked bills in Zoho
03-13872-31192,2025-11-21,UNKNOWN,raviloks,5623409000000271209,24.00,24.00,0.00,0.00,0.00,0.00,0,,,UNBILLED,0.00,0.00,,0.00,0.00,UNBILLED,PO has no linked bills in Zoho
24-13857-76412,2025-11-20,UNKNOWN,powerstore2021,5623409000000271168,101.10,101.10,0.00,0.00,0.00,0.00,0,,,UNBILLED,0.00,0.00,,0.00,0.00,UNBILLED,PO has no linked bills in Zoho
01-13875-52311,2025-11-20,UNKNOWN,whatagreatdealshop,5623409000000271127,85.00,85.00,0.00,0.00,0.00,0.00,0,,,UNBILLED,0.00,0.00,,0.00,0.00,UNBILLED,PO has no linked bills in Zoho
27-13839-02089,2025-11-20,UNKNOWN,myira13,5623409000000271099,75.56,75.56,0.00,0.00,0.00,0.00,0,,,UNBILLED,0.00,0.00,,0.00,0.00,UNBILLED,PO has no linked bills in Zoho
02-13873-89362,2025-11-20,UNKNOWN,dazwie-0,5623409000000271071,74.54,74.54,0.00,0.00,0.00,0.00,0,,,UNBILLED,0.00,0.00,,0.00,0.00,UNBILLED,PO has no linked bills in Zoho
06-13868-25927,2025-11-20,UNKNOWN,trader93-8,5623409000000271043,69.99,69.99,0.00,0.00,0.00,0.00,0,,,UNBILLED,0.00,0.00,,0.00,0.00,UNBILLED,PO has no linked bills in Zoho
25-13841-66044,2025-11-20,UNKNOWN,dvfgoods,5623409000000271015,79.99,79.99,0.00,0.00,0.00,0.00,0,,,UNBILLED,0.00,0.00,,0.00,0.00,UNBILLED,PO has no linked bills in Zoho
58782784,2025-11-20,UNKNOWN,MERS/Missouri Goodwill Industries,5623409000000270910,62.56,62.56,0.00,0.00,0.00,0.00,0,,,UNBILLED,0.00,0.00,,0.00,0.00,UNBILLED,PO has no linked bills in Zoho
58782775,2025-11-20,UNKNOWN,"Goodwill Southern New England, Inc.",5623409000000270896,26.54,26.54,0.00,0.00,0.00,0.00,0,,,UNBILLED,0.00,0.00,,0.00,0.00,UNBILLED,PO has no linked bills in Zoho
58782764,2025-11-20,UNKNOWN,Goodwill of Southern Nevada,5623409000000270868,33.65,33.65,0.00,0.00,0.00,0.00,0,,,UNBILLED,0.00,0.00,,0.00,0.00,UNBILLED,PO has no linked bills in Zoho
58776114,2025-11-20,UNKNOWN,Goodwill of North Georgia,5623409000000270840,55.74,55.74,0.00,0.00,0.00,0.00,0,,,UNBILLED,0.00,0.00,,0.00,0.00,UNBILLED,PO has no linked bills in Zoho
58782723,2025-11-20,UNKNOWN,Goodwill of Greater Washington D.C. -VA,5623409000000270818,48.78,48.78,0.00,0.00,0.00,0.00,0,,,UNBILLED,0.00,0.00,,0.00,0.00,UNBILLED,PO has no linked bills in Zoho
58782705,2025-11-20,UNKNOWN,Goodwill Industries of the Southern Rivers,5623409000000270766,44.84,44.84,0.00,0.00,0.00,0.00,0,,,UNBILLED,0.00,0.00,,0.00,0.00,UNBILLED,PO has no linked bills in Zoho
58782696,2025-11-20,UNKNOWN,Goodwill Industries of Southern NJ & Philadelphia,5623409000000270746,27.49,27.49,0.00,0.00,0.00,0.00,0,,,UNBILLED,0.00,0.00,,0.00,0.00,UNBILLED,PO has no linked bills in Zoho
247480801,2025-11-19,UNKNOWN,Goodwill Industries of Northwest Ohio,5623409000000270732,12.88,12.88,0.00,0.00,0.00,0.00,0,,,UNBILLED,0.00,0.00,,0.00,0.00,UNBILLED,PO has no linked bills in Zoho
58782586,2025-11-20,UNKNOWN,Goodwill San Diego and Imperial Counties,5623409000000270672,23.38,23.38,0.00,0.00,0.00,0.00,0,,,UNBILLED,0.00,0.00,,0.00,0.00,UNBILLED,PO has no linked bills in Zoho
58782575,2025-11-20,UNKNOWN,Goodwill of Western and Northern Connecticut,5623409000000270650,32.82,32.82,0.00,0.00,0.00,0.00,0,,,UNBILLED,0.00,0.00,,0.00,0.00,UNBILLED,PO has no linked bills in Zoho
58782544,2025-11-20,UNKNOWN,Goodwill Northern Michigan,5623409000000270614,31.64,31.64,0.00,0.00,0.00,0.00,0,,,UNBILLED,0.00,0.00,,0.00,0.00,UNBILLED,PO has no linked bills in Zoho
58782532,2025-11-20,UNKNOWN,"Goodwill Industries of West Michigan, Inc.",5623409000000270570,61.17,61.17,0.00,0.00,0.00,0.00,0,,,UNBILLED,0.00,0.00,,0.00,0.00,UNBILLED,PO has no linked bills in Zoho
58782512,2025-11-20,UNKNOWN,Goodwill Industries of South Florida,5623409000000270548,34.81,34.81,0.00,0.00,0.00,0.00,0,,,UNBILLED,0.00,0.00,,0.00,0.00,UNBILLED,PO has no linked bills in Zoho
58782476,2025-11-20,UNKNOWN,Goodwill Industries of Greater Cleveland & East Central Ohio,5623409000000270509,68.72,68.72,0.00,0.00,0.00,0.00,0,,,UNBILLED,0.00,0.00,,0.00,0.00,UNBILLED,PO has no linked bills in Zoho
58782421,2025-11-20,UNKNOWN,"Goodwill Industries of Delaware & Delaware County, Inc.",5623409000000270482,47.12,47.12,0.00,0.00,0.00,0.00,0,,,UNBILLED,0.00,0.00,,0.00,0.00,UNBILLED,PO has no linked bills in Zoho
58782305,2025-11-20,UNKNOWN,Goodwill of North Georgia,5623409000000270441,54.98,54.98,0.00,0.00,0.00,0.00,0,,,UNBILLED,0.00,0.00,,0.00,0.00,UNBILLED,PO has no linked bills in Zoho
58781288,2025-11-20,UNKNOWN,Goodwill of Greater Washington D.C. -VA	,5623409000000270404,55.13,55.13,0.00,0.00,0.00,0.00,0,,,UNBILLED,0.00,0.00,,0.00,0.00,UNBILLED,PO has no linked bills in Zoho
58805364,2025-11-26,UNKNOWN,Goodwill Industries of the Columbia Willamette,5623409000000270382,74.72,74.72,0.00,0.00,0.00,0.00,0,,,UNBILLED,0.00,0.00,,0.00,0.00,UNBILLED,PO has no linked bills in Zoho
58777659,2025-11-20,UNKNOWN,Evergreen Goodwill,5623409000000270354,40.43,40.43,0.00,0.00,0.00,0.00,0,,,UNBILLED,0.00,0.00,,0.00,0.00,UNBILLED,PO has no linked bills in Zoho
07-13865-70366,2025-11-20,UNKNOWN,kehent-0,5623409000000270269,76.54,76.54,0.00,0.00,0.00,0.00,0,,,UNBILLED,0.00,0.00,,0.00,0.00,UNBILLED,PO has no linked bills in Zoho
13-13857-41494,2025-11-20,UNKNOWN,nt_electronics,5623409000000270241,75.81,75.81,0.00,0.00,0.00,0.00,0,,,UNBILLED,0.00,0.00,,0.00,0.00,UNBILLED,PO has no linked bills in Zoho
25-13840-54444,2025-11-20,UNKNOWN,cay-sells,5623409000000270213,75.71,75.71,0.00,0.00,0.00,0.00,0,,,UNBILLED,0.00,0.00,,0.00,0.00,UNBILLED,PO has no linked bills in Zoho
27-13837-89482,2025-11-20,UNKNOWN,equipone_com,5623409000000270185,75.00,75.00,0.00,0.00,0.00,0.00,0,,,UNBILLED,0.00,0.00,,0.00,0.00,UNBILLED,PO has no linked bills in Zoho
03-13870-51305,2025-11-20,UNKNOWN,laurelonlinedeals,5623409000000270157,200.00,200.00,0.00,0.00,0.00,0.00,0,,,UNBILLED,0.00,0.00,,0.00,0.00,UNBILLED,PO has no linked bills in Zoho
23-13842-47813,2025-11-20,UNKNOWN,wanderingemperor,5623409000000270062,350.00,350.00,0.00,0.00,0.00,0.00,0,,,UNBILLED,0.00,0.00,,0.00,0.00,UNBILLED,PO has no linked bills in Zoho
08-13863-05190,2025-11-20,UNKNOWN,whatever-your-pleasure,5623409000000270028,402.64,402.64,0.00,0.00,0.00,0.00,0,,,UNBILLED,0.00,0.00,,0.00,0.00,UNBILLED,PO has no linked bills in Zoho
58741499,2025-11-18,UNKNOWN,Goodwill Industries of the Redwood Empire,5623409000000269782,32.21,32.21,0.00,0.00,0.00,0.00,0,,,UNBILLED,0.00,0.00,,0.00,0.00,UNBILLED,PO has no linked bills in Zoho
58741436,2025-11-18,UNKNOWN,Goodwill Industries of North Florida,5623409000000269729,87.38,87.38,0.00,0.00,0.00,0.00,0,,,UNBILLED,0.00,0.00,,0.00,0.00,UNBILLED,PO has no linked bills in Zoho
17-13850-04567,2025-11-20,UNKNOWN,grindandshineresell,5623409000000269699,51.90,51.90,0.00,0.00,0.00,0.00,0,,,UNBILLED,0.00,0.00,,0.00,0.00,UNBILLED,PO has no linked bills in Zoho
12-13857-24743,2025-11-20,UNKNOWN,greenlightfinds,5623409000000269671,57.41,57.41,0.00,0.00,0.00,0.00,0,,,UNBILLED,0.00,0.00,,0.00,0.00,UNBILLED,PO has no linked bills in Zoho
12-13857-23042,2025-11-20,UNKNOWN,poolsgoldgunllc,5623409000000269643,140.00,140.00,0.00,0.00,0.00,0.00,0,,,UNBILLED,0.00,0.00,,0.00,0.00,UNBILLED,PO has no linked bills in Zoho
08-13862-41137,2025-11-20,UNKNOWN,shick9595,5623409000000269615,94.75,94.75,0.00,0.00,0.00,0.00,0,,,UNBILLED,0.00,0.00,,0.00,0.00,UNBILLED,PO has no linked bills in Zoho
58741636,2025-11-19,UNKNOWN,Land of Lincoln Goodwill,5623409000000269563,123.62,123.62,0.00,0.00,0.00,0.00,0,,,UNBILLED,0.00,0.00,,0.00,0.00,UNBILLED,PO has no linked bills in Zoho
247350967,2025-11-20,UNKNOWN,Goodwill of Central & Southern Indiana,5623409000000269489,13.96,13.96,0.00,0.00,0.00,0.00,0,,,UNBILLED,0.00,0.00,,0.00,0.00,UNBILLED,PO has no linked bills in Zoho
58742044,2025-11-19,UNKNOWN,Goodwill of Orange County,5623409000000269463,39.75,39.75,0.00,0.00,0.00,0.00,0,,,UNBILLED,0.00,0.00,,0.00,0.00,UNBILLED,PO has no linked bills in Zoho
58678866,2025-11-19,UNKNOWN,Goodwill Keystone Area - Reading,5623409000000269430,126.08,126.08,0.00,0.00,0.00,0.00,0,,,UNBILLED,0.00,0.00,,0.00,0.00,UNBILLED,PO has no linked bills in Zoho
58742026,2025-11-19,UNKNOWN,Goodwill Industries of the Columbia Willamette,5623409000000269416,123.56,123.56,0.00,0.00,0.00,0.00,0,,,UNBILLED,0.00,0.00,,0.00,0.00,UNBILLED,PO has no linked bills in Zoho
58742002,2025-11-19,UNKNOWN,Goodwill Industries of Central Texas,5623409000000269394,32.23,32.23,0.00,0.00,0.00,0.00,0,,,UNBILLED,0.00,0.00,,0.00,0.00,UNBILLED,PO has no linked bills in Zoho
58741975,2025-11-19,UNKNOWN,Corbet Rd NCPA Dubois,5623409000000269370,35.19,35.19,0.00,0.00,0.00,0.00,0,,,UNBILLED,0.00,0.00,,0.00,0.00,UNBILLED,PO has no linked bills in Zoho
58742069,2025-11-19,UNKNOWN,Goodwill San Diego and Imperial Counties,5623409000000269332,37.65,37.65,0.00,0.00,0.00,0.00,0,,,UNBILLED,0.00,0.00,,0.00,0.00,UNBILLED,PO has no linked bills in Zoho
58742016,2025-11-20,UNKNOWN,Goodwill Industries of Lane & South Coast Counties,5623409000000269280,268.61,268.61,0.00,0.00,0.00,0.00,0,,,UNBILLED,0.00,0.00,,0.00,0.00,UNBILLED,PO has no linked bills in Zoho
07-13858-87838,2025-11-19,UNKNOWN,valuestrong,5623409000000269172,131.16,131.16,0.00,0.00,0.00,0.00,0,,,UNBILLED,0.00,0.00,,0.00,0.00,UNBILLED,PO has no linked bills in Zoho
16-13846-04692,2025-11-19,UNKNOWN,suckrat,5623409000000269116,219.98,219.98,0.00,0.00,0.00,0.00,0,,,UNBILLED,0.00,0.00,,0.00,0.00,UNBILLED,PO has no linked bills in Zoho
03-13866-56106,2025-11-19,UNKNOWN,salvationarmyneworleansarc,5623409000000269055,80.49,80.49,0.00,0.00,0.00,0.00,0,,,UNBILLED,0.00,0.00,,0.00,0.00,UNBILLED,PO has no linked bills in Zoho
8206874681348387,2025-11-19,UNKNOWN,Aliexpress,5623409000000269014,4.08,4.08,0.00,0.00,0.00,0.00,0,,,UNBILLED,0.00,0.00,,0.00,0.00,UNBILLED,PO has no linked bills in Zoho
24-13851-52988,2025-11-19,UNKNOWN,sav4580,5623409000000268174,139.61,139.61,0.00,0.00,0.00,0.00,0,,,UNBILLED,0.00,0.00,,0.00,0.00,UNBILLED,PO has no linked bills in Zoho
23-13838-22420,2025-11-19,UNKNOWN,globaldeals247,5623409000000268138,49.95,49.95,0.00,0.00,0.00,0.00,0,,,UNBILLED,0.00,0.00,,0.00,0.00,UNBILLED,PO has no linked bills in Zoho
06-13862-00540,2025-11-19,UNKNOWN,gferret,5623409000000268110,57.90,57.90,0.00,0.00,0.00,0.00,0,,,UNBILLED,0.00,0.00,,0.00,0.00,UNBILLED,PO has no linked bills in Zoho
02-13867-64102,2025-11-19,UNKNOWN,fullcirclefinds,5623409000000268082,139.90,139.90,0.00,0.00,0.00,0.00,0,,,UNBILLED,0.00,0.00,,0.00,0.00,UNBILLED,PO has no linked bills in Zoho
07-13859-94128,2025-11-19,UNKNOWN,18years2025,5623409000000268043,119.99,119.99,0.00,0.00,0.00,0.00,0,,,UNBILLED,0.00,0.00,,0.00,0.00,UNBILLED,PO has no linked bills in Zoho
23-13837-56205,2025-11-19,UNKNOWN,paw8877,5623409000000268015,161.94,161.94,0.00,0.00,0.00,0.00,0,,,UNBILLED,0.00,0.00,,0.00,0.00,UNBILLED,PO has no linked bills in Zoho
8206874681308387,2025-11-18,UNKNOWN,Aliexpress,5623409000000264052,1.50,1.50,0.00,0.00,0.00,0.00,0,,,UNBILLED,0.00,0.00,,0.00,0.00,UNBILLED,PO has no linked bills in Zoho
8206874681328387,2025-11-18,UNKNOWN,Aliexpress,5623409000000264025,2.15,2.15,0.00,0.00,0.00,0.00,0,,,UNBILLED,0.00,0.00,,0.00,0.00,UNBILLED,PO has no linked bills in Zoho
58665781,2025-11-18,UNKNOWN,Goodwill Industries of the Columbia Willamette,5623409000000263549,35.78,35.78,0.00,0.00,0.00,0.00,0,,,UNBILLED,0.00,0.00,,0.00,0.00,UNBILLED,PO has no linked bills in Zoho
58651844,2025-11-18,UNKNOWN,"Goodwill Industries of the Columbia, Inc. Pasco, WA",5623409000000263525,22.96,22.96,0.00,0.00,0.00,0.00,0,,,UNBILLED,0.00,0.00,,0.00,0.00,UNBILLED,PO has no linked bills in Zoho
58617229,2025-11-18,UNKNOWN,Goodwill-Easter Seals MN,5623409000000263499,60.94,60.94,0.00,0.00,0.00,0.00,0,,,UNBILLED,0.00,0.00,,0.00,0.00,UNBILLED,PO has no linked bills in Zoho
58555284,2025-11-18,UNKNOWN,"Goodwill Industries of West Michigan, Inc.",5623409000000263453,53.16,53.16,0.00,0.00,0.00,0.00,0,,,UNBILLED,0.00,0.00,,0.00,0.00,UNBILLED,PO has no linked bills in Zoho
58508444,2025-11-18,UNKNOWN,Rappahannock Goodwill Industries Inc.,5623409000000263414,116.32,116.32,0.00,0.00,0.00,0.00,0,,,UNBILLED,0.00,0.00,,0.00,0.00,UNBILLED,PO has no linked bills in Zoho
58508427,2025-11-18,UNKNOWN,MERS/Missouri Goodwill Industries,5623409000000263369,35.41,35.41,0.00,0.00,0.00,0.00,0,,,UNBILLED,0.00,0.00,,0.00,0.00,UNBILLED,PO has no linked bills in Zoho
111-7222794-6467446,2025-11-18,UNKNOWN,FLTKJLTD,5623409000000263342,13.78,13.78,0.00,0.00,0.00,0.00,0,,,UNBILLED,0.00,0.00,,0.00,0.00,UNBILLED,PO has no linked bills in Zoho
113-0732391-9501807,2025-11-18,UNKNOWN,Tek Star (SN Recorded),5623409000000263322,629.99,629.99,0.00,0.00,0.00,0.00,0,,,UNBILLED,0.00,0.00,,0.00,0.00,UNBILLED,PO has no linked bills in Zoho
A2025111813123554036,2025-11-18,UNKNOWN,Adorama,5623409000000263273,597.00,597.00,0.00,0.00,0.00,0.00,0,,,UNBILLED,0.00,0.00,,0.00,0.00,UNBILLED,PO has no linked bills in Zoho
01-13864-03778,2025-11-18,UNKNOWN,stevekochjr,5623409000000263166,240.00,240.00,0.00,0.00,0.00,0.00,0,,,UNBILLED,0.00,0.00,,0.00,0.00,UNBILLED,PO has no linked bills in Zoho
09-13852-08649,2025-11-18,UNKNOWN,cc3one8,5623409000000263138,59.42,59.42,0.00,0.00,0.00,0.00,0,,,UNBILLED,0.00,0.00,,0.00,0.00,UNBILLED,PO has no linked bills in Zoho
15-13843-78193,2025-11-18,UNKNOWN,troxy-llc,5623409000000263110,53.50,53.50,0.00,0.00,0.00,0.00,0,,,UNBILLED,0.00,0.00,,0.00,0.00,UNBILLED,PO has no linked bills in Zoho
20-13836-80956,2025-11-18,UNKNOWN,bose,5623409000000263069,455.00,455.00,0.00,0.00,0.00,0.00,0,,,UNBILLED,0.00,0.00,,0.00,0.00,UNBILLED,PO has no linked bills in Zoho
02-13862-05576,2025-11-18,UNKNOWN,techdaddyglobal,5623409000000263028,300.00,300.00,0.00,0.00,0.00,0.00,0,,,UNBILLED,0.00,0.00,,0.00,0.00,UNBILLED,PO has no linked bills in Zoho
58678919,2025-11-17,UNKNOWN,Goodwill San Diego and Imperial Counties,5623409000000260393,30.24,30.24,0.00,0.00,0.00,0.00,0,,,UNBILLED,0.00,0.00,,0.00,0.00,UNBILLED,PO has no linked bills in Zoho
58678911,2025-11-17,UNKNOWN,Goodwill San Diego and Imperial Counties,5623409000000260324,74.89,74.89,0.00,0.00,0.00,0.00,0,,,UNBILLED,0.00,0.00,,0.00,0.00,UNBILLED,PO has no linked bills in Zoho
58678900,2025-11-17,UNKNOWN,Goodwill of Greater Milwaukee and Chicago,5623409000000260263,27.17,27.17,0.00,0.00,0.00,0.00,0,,,UNBILLED,0.00,0.00,,0.00,0.00,UNBILLED,PO has no linked bills in Zoho
58715246,2025-11-15,UNKNOWN,Goodwill Industries of South Florida,5623409000000260239,65.59,65.59,0.00,0.00,0.00,0.00,0,,,UNBILLED,0.00,0.00,,0.00,0.00,UNBILLED,PO has no linked bills in Zoho
58666787,2025-11-15,UNKNOWN,Goodwill Industries of South Florida,5623409000000260204,47.83,47.83,0.00,0.00,0.00,0.00,0,,,UNBILLED,0.00,0.00,,0.00,0.00,UNBILLED,PO has no linked bills in Zoho
58714750,2025-11-15,UNKNOWN,Goodwill of Greater Milwaukee and Chicago,5623409000000260169,178.73,178.73,0.00,0.00,0.00,0.00,0,,,UNBILLED,0.00,0.00,,0.00,0.00,UNBILLED,PO has no linked bills in Zoho
58714403,2025-11-18,UNKNOWN,Goodwill of Orange County,5623409000000260095,32.00,32.00,0.00,0.00,0.00,0.00,0,,,UNBILLED,0.00,0.00,,0.00,0.00,UNBILLED,PO has no linked bills in Zoho
LCPU-KEN-111425,2025-11-14,UNKNOWN,Ken Lickel,5623409000000259289,322.00,322.00,0.00,0.00,0.00,0.00,0,,,UNBILLED,0.00,0.00,,0.00,0.00,UNBILLED,PO has no linked bills in Zoho
58666756,2025-11-15,UNKNOWN,Goodwill of the Olympics and Rainier Region,5623409000000259248,77.59,77.59,0.00,0.00,0.00,0.00,0,,,UNBILLED,0.00,0.00,,0.00,0.00,UNBILLED,PO has no linked bills in Zoho
58699287,2025-11-15,UNKNOWN,Goodwill of Colorado,5623409000000259226,32.11,32.11,0.00,0.00,0.00,0.00,0,,,UNBILLED,0.00,0.00,,0.00,0.00,UNBILLED,PO has no linked bills in Zoho
58699216,2025-11-15,UNKNOWN,Goodwill Industries of the Southern Piedmont,5623409000000259190,204.98,204.98,0.00,0.00,0.00,0.00,0,,,UNBILLED,0.00,0.00,,0.00,0.00,UNBILLED,PO has no linked bills in Zoho
58666815,2025-11-15,UNKNOWN,Goodwill Industries of the Columbia Willamette,5623409000000259154,35.89,35.89,0.00,0.00,0.00,0.00,0,,,UNBILLED,0.00,0.00,,0.00,0.00,UNBILLED,PO has no linked bills in Zoho
58666121,2025-11-15,UNKNOWN,Goodwill Industries of North Florida,5623409000000259118,31.18,31.18,0.00,0.00,0.00,0.00,0,,,UNBILLED,0.00,0.00,,0.00,0.00,UNBILLED,PO has no linked bills in Zoho
58665981,2025-11-15,UNKNOWN,Goodwill Industries of North Florida,5623409000000259070,40.86,40.86,0.00,0.00,0.00,0.00,0,,,UNBILLED,0.00,0.00,,0.00,0.00,UNBILLED,PO has no linked bills in Zoho
58678819,2025-11-15,UNKNOWN,Goodwill Easter Seals Miami Valley,5623409000000259034,147.37,147.37,0.00,0.00,0.00,0.00,0,,,UNBILLED,0.00,0.00,,0.00,0.00,UNBILLED,PO has no linked bills in Zoho
58666702,2025-11-17,UNKNOWN,Goodwill Industries of Southern Arizona,5623409000000258560,191.21,191.21,0.00,0.00,0.00,0.00,0,,,UNBILLED,0.00,0.00,,0.00,0.00,UNBILLED,PO has no linked bills in Zoho
58647199,2025-11-17,UNKNOWN,Goodwill Industries of the Columbia Willamette,5623409000000258536,60.83,60.83,0.00,0.00,0.00,0.00,0,,,UNBILLED,0.00,0.00,,0.00,0.00,UNBILLED,PO has no linked bills in Zoho
58596172,2025-11-17,UNKNOWN,Goodwill Industries of Central Texas,5623409000000258478,123.97,123.97,0.00,0.00,0.00,0.00,0,,,UNBILLED,0.00,0.00,,0.00,0.00,UNBILLED,PO has no linked bills in Zoho
26-13826-67294,2025-11-17,UNKNOWN,seattlegoodwill,5623409000000258394,65.35,65.35,0.00,0.00,0.00,0.00,0,,,UNBILLED,0.00,0.00,,0.00,0.00,UNBILLED,PO has no linked bills in Zoho
11-13847-07273,2025-11-17,UNKNOWN,profystore,5623409000000258325,130.00,130.00,0.00,0.00,0.00,0.00,0,,,UNBILLED,0.00,0.00,,0.00,0.00,UNBILLED,PO has no linked bills in Zoho
05-13855-91122,2025-11-17,UNKNOWN,dealsfoundhere3,5623409000000258233,135.00,135.00,0.00,0.00,0.00,0.00,0,,,UNBILLED,0.00,0.00,,0.00,0.00,UNBILLED,PO has no linked bills in Zoho
03-13858-11160,2025-11-17,UNKNOWN,greensale99,5623409000000258162,227.76,227.76,0.00,0.00,0.00,0.00,0,,,UNBILLED,0.00,0.00,,0.00,0.00,UNBILLED,PO has no linked bills in Zoho
07-13850-90456,2025-11-17,UNKNOWN,patriotfindsllc,5623409000000258090,591.13,591.13,0.00,0.00,0.00,0.00,0,,,UNBILLED,0.00,0.00,,0.00,0.00,UNBILLED,PO has no linked bills in Zoho
14-13842-81640,2025-11-17,UNKNOWN,svens525,5623409000000258025,419.42,419.42,0.00,0.00,0.00,0.00,0,,,UNBILLED,0.00,0.00,,0.00,0.00,UNBILLED,PO has no linked bills in Zoho
16-13837-99584,2025-11-17,UNKNOWN,waxjewl,5623409000000257015,64.02,64.02,0.00,0.00,0.00,0.00,0,,,UNBILLED,0.00,0.00,,0.00,0.00,UNBILLED,PO has no linked bills in Zoho
LCPU-VU-111225,2025-11-12,UNKNOWN,ANH VU,5623409000000254465,95.00,95.00,0.00,0.00,0.00,0.00,0,,,UNBILLED,0.00,0.00,,0.00,0.00,UNBILLED,PO has no linked bills in Zoho
LCPU-TAN-111325,2025-11-13,UNKNOWN,TAN,5623409000000254206,2640.00,2640.00,0.00,0.00,0.00,0.00,0,,,UNBILLED,0.00,0.00,,0.00,0.00,UNBILLED,PO has no linked bills in Zoho
8207243676768387,2025-11-16,UNKNOWN,Aliexpress,5623409000000254058,56.58,56.58,0.00,0.00,0.00,0.00,0,,,UNBILLED,0.00,0.00,,0.00,0.00,UNBILLED,PO has no linked bills in Zoho
111-3656497-5912201,2025-11-14,UNKNOWN,"Amazon.com Services, Inc",5623409000000254001,1163.52,1163.52,0.00,0.00,0.00,0.00,0,,,UNBILLED,0.00,0.00,,0.00,0.00,UNBILLED,PO has no linked bills in Zoho
58617172,2025-11-14,UNKNOWN,Goodwill San Diego and Imperial Counties,5623409000000252940,26.94,26.94,0.00,0.00,0.00,0.00,0,,,UNBILLED,0.00,0.00,,0.00,0.00,UNBILLED,PO has no linked bills in Zoho
58628701,2025-11-14,UNKNOWN,Goodwill Industries of Southern NJ & Philadelphia,5623409000000252912,27.16,27.16,0.00,0.00,0.00,0.00,0,,,UNBILLED,0.00,0.00,,0.00,0.00,UNBILLED,PO has no linked bills in Zoho
58596270,2025-11-14,UNKNOWN,Goodwill of Central & Southern Indiana,5623409000000252884,48.77,48.77,0.00,0.00,0.00,0.00,0,,,UNBILLED,0.00,0.00,,0.00,0.00,UNBILLED,PO has no linked bills in Zoho
58597501,2025-11-14,UNKNOWN,Goodwill Columbus,5623409000000252856,16.41,16.41,0.00,0.00,0.00,0.00,0,,,UNBILLED,0.00,0.00,,0.00,0.00,UNBILLED,PO has no linked bills in Zoho
58541330,2025-11-14,UNKNOWN,Goodwill San Diego and Imperial Counties,5623409000000252826,13.95,13.95,0.00,0.00,0.00,0.00,0,,,UNBILLED,0.00,0.00,,0.00,0.00,UNBILLED,PO has no linked bills in Zoho
58555090,2025-11-14,UNKNOWN,Goodwill Industries of the Columbia Willamette,5623409000000252797,21.70,21.70,0.00,0.00,0.00,0.00,0,,,UNBILLED,0.00,0.00,,0.00,0.00,UNBILLED,PO has no linked bills in Zoho
58555029,2025-11-14,UNKNOWN,Goodwill Industries of the Columbia Willamette,5623409000000252770,23.87,23.87,0.00,0.00,0.00,0.00,0,,,UNBILLED,0.00,0.00,,0.00,0.00,UNBILLED,PO has no linked bills in Zoho
58520990,2025-11-14,UNKNOWN,Goodwill of Greater Washington D.C. -VA	,5623409000000252743,17.84,17.84,0.00,0.00,0.00,0.00,0,,,UNBILLED,0.00,0.00,,0.00,0.00,UNBILLED,PO has no linked bills in Zoho
58520934,2025-11-14,UNKNOWN,Easterseals-Goodwill Northern Rocky Mountain -SLC,5623409000000252727,153.60,153.60,0.00,0.00,0.00,0.00,0,,,UNBILLED,0.00,0.00,,0.00,0.00,UNBILLED,PO has no linked bills in Zoho
58457063,2025-11-14,UNKNOWN,Horizon Goodwill Industries	,5623409000000252699,196.00,196.00,0.00,0.00,0.00,0.00,0,,,UNBILLED,0.00,0.00,,0.00,0.00,UNBILLED,PO has no linked bills in Zoho
58434892,2025-11-14,UNKNOWN,Goodwill of Western Missouri & Eastern Kansas	,5623409000000252658,39.54,39.54,0.00,0.00,0.00,0.00,0,,,UNBILLED,0.00,0.00,,0.00,0.00,UNBILLED,PO has no linked bills in Zoho
15-13826-83995,2025-11-14,UNKNOWN,samedayships,5623409000000252630,26.20,26.20,0.00,0.00,0.00,0.00,0,,,UNBILLED,0.00,0.00,,0.00,0.00,UNBILLED,PO has no linked bills in Zoho
11-13832-43823,2025-11-14,UNKNOWN,bluehousesupply,5623409000000252602,28.95,28.95,0.00,0.00,0.00,0.00,0,,,UNBILLED,0.00,0.00,,0.00,0.00,UNBILLED,PO has no linked bills in Zoho
06-13839-58525,2025-11-14,UNKNOWN,online_pickers,5623409000000252575,30.00,30.00,0.00,0.00,0.00,0.00,0,,,UNBILLED,0.00,0.00,,0.00,0.00,UNBILLED,PO has no linked bills in Zoho
19-13821-39263,2025-11-14,UNKNOWN,online_pickers,5623409000000252561,30.00,30.00,0.00,0.00,0.00,0.00,0,,,UNBILLED,0.00,0.00,,0.00,0.00,UNBILLED,PO has no linked bills in Zoho
27-13810-39119,2025-11-14,UNKNOWN,vintagecollector0503,5623409000000252533,29.99,29.99,0.00,0.00,0.00,0.00,0,,,UNBILLED,0.00,0.00,,0.00,0.00,UNBILLED,PO has no linked bills in Zoho
22-13815-35834,2025-11-14,UNKNOWN,arkanshop,5623409000000252503,189.50,189.50,0.00,0.00,0.00,0.00,0,,,UNBILLED,0.00,0.00,,0.00,0.00,UNBILLED,PO has no linked bills in Zoho
04-13849-36695,2025-11-16,UNKNOWN,brabarn-2748,5623409000000247998,51.42,51.42,0.00,0.00,0.00,0.00,0,,,UNBILLED,0.00,0.00,,0.00,0.00,UNBILLED,PO has no linked bills in Zoho
18-13829-87709,2025-11-16,UNKNOWN,graydg,5623409000000247957,37.00,37.00,0.00,0.00,0.00,0.00,0,,,UNBILLED,0.00,0.00,,0.00,0.00,UNBILLED,PO has no linked bills in Zoho
21-13825-34639,2025-11-16,UNKNOWN,jondoc93,5623409000000247929,34.99,34.99,0.00,0.00,0.00,0.00,0,,,UNBILLED,0.00,0.00,,0.00,0.00,UNBILLED,PO has no linked bills in Zoho
16-13832-59501,2025-11-16,UNKNOWN,brahtato,5623409000000247888,65.00,65.00,0.00,0.00,0.00,0.00,0,,,UNBILLED,0.00,0.00,,0.00,0.00,UNBILLED,PO has no linked bills in Zoho
08-13843-49121,2025-11-16,UNKNOWN,jaros1574,5623409000000247860,68.70,68.70,0.00,0.00,0.00,0.00,0,,,UNBILLED,0.00,0.00,,0.00,0.00,UNBILLED,PO has no linked bills in Zoho
16-13832-58558,2025-11-16,UNKNOWN,yfllc1,5623409000000247832,65.19,65.19,0.00,0.00,0.00,0.00,0,,,UNBILLED,0.00,0.00,,0.00,0.00,UNBILLED,PO has no linked bills in Zoho
06-13846-64518,2025-11-16,UNKNOWN,ijustfl79,5623409000000247804,66.96,66.96,0.00,0.00,0.00,0.00,0,,,UNBILLED,0.00,0.00,,0.00,0.00,UNBILLED,PO has no linked bills in Zoho
11-13839-48470,2025-11-16,UNKNOWN,the.zadok.shop,5623409000000247776,63.19,63.19,0.00,0.00,0.00,0.00,0,,,UNBILLED,0.00,0.00,,0.00,0.00,UNBILLED,PO has no linked bills in Zoho
04-13849-29194,2025-11-16,UNKNOWN,yesisellitall,5623409000000247748,59.95,59.95,0.00,0.00,0.00,0.00,0,,,UNBILLED,0.00,0.00,,0.00,0.00,UNBILLED,PO has no linked bills in Zoho
10-13840-80324,2025-11-16,UNKNOWN,retro_pops,5623409000000247720,58.00,58.00,0.00,0.00,0.00,0.00,0,,,UNBILLED,0.00,0.00,,0.00,0.00,UNBILLED,PO has no linked bills in Zoho
21-13825-30423,2025-11-16,UNKNOWN,awsolar7,5623409000000247692,58.22,58.22,0.00,0.00,0.00,0.00,0,,,UNBILLED,0.00,0.00,,0.00,0.00,UNBILLED,PO has no linked bills in Zoho
20-13826-92603,2025-11-16,UNKNOWN,fortpine,5623409000000247664,71.90,71.90,0.00,0.00,0.00,0.00,0,,,UNBILLED,0.00,0.00,,0.00,0.00,UNBILLED,PO has no linked bills in Zoho
21-13825-29509,2025-11-16,UNKNOWN,akee_442,5623409000000247636,108.34,108.34,0.00,0.00,0.00,0.00,0,,,UNBILLED,0.00,0.00,,0.00,0.00,UNBILLED,PO has no linked bills in Zoho
24-13836-16451,2025-11-16,UNKNOWN,mustanggtsr1,5623409000000247608,125.74,125.74,0.00,0.00,0.00,0.00,0,,,UNBILLED,0.00,0.00,,0.00,0.00,UNBILLED,PO has no linked bills in Zoho
06-13846-57391,2025-11-16,UNKNOWN,kcurtis1122,5623409000000247580,93.21,93.21,0.00,0.00,0.00,0.00,0,,,UNBILLED,0.00,0.00,,0.00,0.00,UNBILLED,PO has no linked bills in Zoho
18-13828-58749,2025-11-15,UNKNOWN,diaz_electronics,5623409000000246527,129.54,129.54,0.00,0.00,0.00,0.00,0,,,UNBILLED,0.00,0.00,,0.00,0.00,UNBILLED,PO has no linked bills in Zoho
19-13827-21557,2025-11-15,UNKNOWN,bigbronco1818,5623409000000246497,120.00,120.00,0.00,0.00,0.00,0.00,0,,,UNBILLED,0.00,0.00,,0.00,0.00,UNBILLED,PO has no linked bills in Zoho
12-13837-03473,2025-11-15,UNKNOWN,michaelawrenc-9,5623409000000246469,114.21,114.21,0.00,0.00,0.00,0.00,0,,,UNBILLED,0.00,0.00,,0.00,0.00,UNBILLED,PO has no linked bills in Zoho
14-13834-12246,2025-11-15,UNKNOWN,prescoadonis,5623409000000246441,143.77,143.77,0.00,0.00,0.00,0.00,0,,,UNBILLED,0.00,0.00,,0.00,0.00,UNBILLED,PO has no linked bills in Zoho
15-13832-61880,2025-11-15,UNKNOWN,prescoadonis,5623409000000246427,145.56,145.56,0.00,0.00,0.00,0.00,0,,,UNBILLED,0.00,0.00,,0.00,0.00,UNBILLED,PO has no linked bills in Zoho
10-13839-47786,2025-11-15,UNKNOWN,drla-8382,5623409000000246399,63.15,63.15,0.00,0.00,0.00,0.00,0,,,UNBILLED,0.00,0.00,,0.00,0.00,UNBILLED,PO has no linked bills in Zoho
19-13827-12366,2025-11-15,UNKNOWN,mr.bodega,5623409000000246369,105.00,105.00,0.00,0.00,0.00,0.00,0,,,UNBILLED,0.00,0.00,,0.00,0.00,UNBILLED,PO has no linked bills in Zoho
02-13850-03550,2025-11-15,UNKNOWN,audio_link,5623409000000246341,300.24,300.24,0.00,0.00,0.00,0.00,0,,,UNBILLED,0.00,0.00,,0.00,0.00,UNBILLED,PO has no linked bills in Zoho
12-13835-98097,2025-11-15,UNKNOWN,regencytechnologies,5623409000000246327,410.00,410.00,0.00,0.00,0.00,0.00,0,,,UNBILLED,0.00,0.00,,0.00,0.00,UNBILLED,PO has no linked bills in Zoho
16-13830-18867,2025-11-15,UNKNOWN,regencytechnologies,5623409000000246313,494.00,494.00,0.00,0.00,0.00,0.00,0,,,UNBILLED,0.00,0.00,,0.00,0.00,UNBILLED,PO has no linked bills in Zoho
58657953,2025-11-18,UNKNOWN,Goodwill Industries of the Redwood Empire,5623409000000245305,64.98,64.98,0.00,0.00,0.00,0.00,0,,,UNBILLED,0.00,0.00,,0.00,0.00,UNBILLED,PO has no linked bills in Zoho
58657891,2025-11-18,UNKNOWN,Goodwill Industries of the Redwood Empire,5623409000000245270,152.00,152.00,0.00,0.00,0.00,0.00,0,,,UNBILLED,0.00,0.00,,0.00,0.00,UNBILLED,PO has no linked bills in Zoho
58657833,2025-11-13,UNKNOWN,Goodwill Industries of the Southern Rivers,5623409000000245243,52.49,52.49,0.00,0.00,0.00,0.00,0,,,UNBILLED,0.00,0.00,,0.00,0.00,UNBILLED,PO has no linked bills in Zoho
58657743,2025-11-15,UNKNOWN,TheGRID by Goodwill,5623409000000245229,39.55,39.55,0.00,0.00,0.00,0.00,0,,,UNBILLED,0.00,0.00,,0.00,0.00,UNBILLED,PO has no linked bills in Zoho
58714560,2025-11-14,UNKNOWN,Richmond - Goodwill of Central & Coastal Virginia,5623409000000245201,64.39,64.39,0.00,0.00,0.00,0.00,0,,,UNBILLED,0.00,0.00,,0.00,0.00,UNBILLED,PO has no linked bills in Zoho
58657526,2025-11-14,UNKNOWN,Goodwill of Southwestern Pennsylvania,5623409000000245152,22.11,22.11,0.00,0.00,0.00,0.00,0,,,UNBILLED,0.00,0.00,,0.00,0.00,UNBILLED,PO has no linked bills in Zoho
58647404,2025-11-14,UNKNOWN,Goodwill of Orange County,5623409000000245132,241.26,241.26,0.00,0.00,0.00,0.00,0,,,UNBILLED,0.00,0.00,,0.00,0.00,UNBILLED,PO has no linked bills in Zoho
58657292,2025-11-14,UNKNOWN,Goodwill of Central & Southern Indiana,5623409000000245112,21.98,21.98,0.00,0.00,0.00,0.00,0,,,UNBILLED,0.00,0.00,,0.00,0.00,UNBILLED,PO has no linked bills in Zoho
58656935,2025-11-14,UNKNOWN,"Goodwill Industries of West Michigan, Inc.",5623409000000245074,337.39,337.39,0.00,0.00,0.00,0.00,0,,,UNBILLED,0.00,0.00,,0.00,0.00,UNBILLED,PO has no linked bills in Zoho
247127094,2025-11-14,UNKNOWN,"Goodwill Industries of the Columbia, Inc. Pasco, WA",5623409000000244094,23.89,23.89,0.00,0.00,0.00,0.00,0,,,UNBILLED,0.00,0.00,,0.00,0.00,UNBILLED,PO has no linked bills in Zoho
58651552,2025-11-14,UNKNOWN,Goodwill Industries of Southern Arizona,5623409000000244044,25.11,25.11,0.00,0.00,0.00,0.00,0,,,UNBILLED,0.00,0.00,,0.00,0.00,UNBILLED,PO has no linked bills in Zoho
58649049,2025-11-14,UNKNOWN,Evergreen Goodwill,5623409000000244007,319.91,319.91,0.00,0.00,0.00,0.00,0,,,UNBILLED,0.00,0.00,,0.00,0.00,UNBILLED,PO has no linked bills in Zoho
111-1540886-1910620,2025-11-13,UNKNOWN,"Amazon.com Services, Inc",5623409000000243607,35.29,35.29,0.00,0.00,0.00,0.00,0,,,UNBILLED,0.00,0.00,,0.00,0.00,UNBILLED,PO has no linked bills in Zoho
58555333,2025-11-13,UNKNOWN,Goodwill of North Georgia,5623409000000243580,29.86,29.86,0.00,0.00,0.00,0.00,0,,,UNBILLED,0.00,0.00,,0.00,0.00,UNBILLED,PO has no linked bills in Zoho
58554476,2025-11-13,UNKNOWN,Goodwill Industries of Middle Georgia,5623409000000243566,53.53,53.53,0.00,0.00,0.00,0.00,0,,,UNBILLED,0.00,0.00,,0.00,0.00,UNBILLED,PO has no linked bills in Zoho
58508391,2025-11-13,UNKNOWN,Goodwill Industries of South Florida,5623409000000243539,243.73,243.73,0.00,0.00,0.00,0.00,0,,,UNBILLED,0.00,0.00,,0.00,0.00,UNBILLED,PO has no linked bills in Zoho
58480625,2025-11-13,UNKNOWN,MERS/Missouri Goodwill Industries,5623409000000243511,34.07,34.07,0.00,0.00,0.00,0.00,0,,,UNBILLED,0.00,0.00,,0.00,0.00,UNBILLED,PO has no linked bills in Zoho
58474659,2025-11-13,UNKNOWN,Goodwill Industries of the Inland Northwest,5623409000000243483,29.12,29.12,0.00,0.00,0.00,0.00,0,,,UNBILLED,0.00,0.00,,0.00,0.00,UNBILLED,PO has no linked bills in Zoho
58435116,2025-11-13,UNKNOWN,Rappahannock Goodwill Industries Inc.,5623409000000243455,95.01,95.01,0.00,0.00,0.00,0.00,0,,,UNBILLED,0.00,0.00,,0.00,0.00,UNBILLED,PO has no linked bills in Zoho
58411289,2025-11-13,UNKNOWN,Goodwill of the Olympics and Rainier Region,5623409000000243417,26.90,26.90,0.00,0.00,0.00,0.00,0,,,UNBILLED,0.00,0.00,,0.00,0.00,UNBILLED,PO has no linked bills in Zoho
24-13824-51373,2025-11-13,UNKNOWN,tpgee1967,5623409000000243319,190.50,190.50,0.00,0.00,0.00,0.00,0,,,UNBILLED,0.00,0.00,,0.00,0.00,UNBILLED,PO has no linked bills in Zoho
21-13813-61881,2025-11-13,UNKNOWN,surpluserecycle,5623409000000243265,136.98,136.98,0.00,0.00,0.00,0.00,0,,,UNBILLED,0.00,0.00,,0.00,0.00,UNBILLED,PO has no linked bills in Zoho
23-13811-17059,2025-11-13,UNKNOWN,greensale99,5623409000000243249,467.76,467.76,0.00,0.00,0.00,0.00,0,,,UNBILLED,0.00,0.00,,0.00,0.00,UNBILLED,PO has no linked bills in Zoho
04-13837-33685,2025-11-13,UNKNOWN,1way2play,5623409000000243235,127.99,127.99,0.00,0.00,0.00,0.00,0,,,UNBILLED,0.00,0.00,,0.00,0.00,UNBILLED,PO has no linked bills in Zoho
16-13820-58795,2025-11-13,UNKNOWN,jbtiv8v97,5623409000000243207,128.95,128.95,0.00,0.00,0.00,0.00,0,,,UNBILLED,0.00,0.00,,0.00,0.00,UNBILLED,PO has no linked bills in Zoho
04-13837-27914,2025-11-13,UNKNOWN,jepar-8757,5623409000000243179,125.00,125.00,0.00,0.00,0.00,0.00,0,,,UNBILLED,0.00,0.00,,0.00,0.00,UNBILLED,PO has no linked bills in Zoho
11-13827-42787,2025-11-13,UNKNOWN,bluehousesupply,5623409000000243151,103.95,103.95,0.00,0.00,0.00,0.00,0,,,UNBILLED,0.00,0.00,,0.00,0.00,UNBILLED,PO has no linked bills in Zoho
15-13821-81478,2025-11-13,UNKNOWN,bossmanmb,5623409000000243123,63.32,63.32,0.00,0.00,0.00,0.00,0,,,UNBILLED,0.00,0.00,,0.00,0.00,UNBILLED,PO has no linked bills in Zoho
03-13837-47857,2025-11-13,UNKNOWN,chipzpix,5623409000000243095,57.58,57.58,0.00,0.00,0.00,0.00,0,,,UNBILLED,0.00,0.00,,0.00,0.00,UNBILLED,PO has no linked bills in Zoho
01-13840-71215,2025-11-13,UNKNOWN,novac_4978,5623409000000243067,58.02,58.02,0.00,0.00,0.00,0.00,0,,,UNBILLED,0.00,0.00,,0.00,0.00,UNBILLED,PO has no linked bills in Zoho
03-13837-34417,2025-11-13,UNKNOWN,kristcikana0,5623409000000243037,234.99,234.99,0.00,0.00,0.00,0.00,0,,,UNBILLED,0.00,0.00,,0.00,0.00,UNBILLED,PO has no linked bills in Zoho
24-13822-94281,2025-11-13,UNKNOWN,annesitems,5623409000000243009,57.62,57.62,0.00,0.00,0.00,0.00,0,,,UNBILLED,0.00,0.00,,0.00,0.00,UNBILLED,PO has no linked bills in Zoho
24-13827-19956,2025-11-14,UNKNOWN,stumpytailtreasures,5623409000000236407,214.05,214.05,0.00,0.00,0.00,0.00,0,,,UNBILLED,0.00,0.00,,0.00,0.00,UNBILLED,PO has no linked bills in Zoho
26-13809-65108,2025-11-14,UNKNOWN,allsortsof,5623409000000236349,218.94,218.94,0.00,0.00,0.00,0.00,0,,,UNBILLED,0.00,0.00,,0.00,0.00,UNBILLED,PO has no linked bills in Zoho
B003388864,2025-11-12,UNKNOWN,Bose Corporation,5623409000000236281,1032.25,1032.25,0.00,0.00,0.00,0.00,0,,,UNBILLED,0.00,0.00,,0.00,0.00,UNBILLED,PO has no linked bills in Zoho
01-13840-01974,2025-11-12,UNKNOWN,eclectic_wizard,5623409000000236240,77.00,77.00,0.00,0.00,0.00,0.00,0,,,UNBILLED,0.00,0.00,,0.00,0.00,UNBILLED,PO has no linked bills in Zoho
11-13825-06897,2025-11-12,UNKNOWN,goodwill-maine,5623409000000236212,89.49,89.49,0.00,0.00,0.00,0.00,0,,,UNBILLED,0.00,0.00,,0.00,0.00,UNBILLED,PO has no linked bills in Zoho
03-13836-18234,2025-11-12,UNKNOWN,8915ericd,5623409000000236180,139.43,139.43,0.00,0.00,0.00,0.00,0,,,UNBILLED,0.00,0.00,,0.00,0.00,UNBILLED,PO has no linked bills in Zoho
05-13833-91703,2025-11-12,UNKNOWN,rileguz-0,5623409000000236152,67.00,67.00,0.00,0.00,0.00,0.00,0,,,UNBILLED,0.00,0.00,,0.00,0.00,UNBILLED,PO has no linked bills in Zoho
10-13826-39896,2025-11-12,UNKNOWN,anythingandeverythinghere,5623409000000236124,55.97,55.97,0.00,0.00,0.00,0.00,0,,,UNBILLED,0.00,0.00,,0.00,0.00,UNBILLED,PO has no linked bills in Zoho
24-13821-79091,2025-11-12,UNKNOWN,crutchleys_store,5623409000000236096,66.98,66.98,0.00,0.00,0.00,0.00,0,,,UNBILLED,0.00,0.00,,0.00,0.00,UNBILLED,PO has no linked bills in Zoho
17-13816-66209,2025-11-12,UNKNOWN,j4r3d1,5623409000000236068,54.99,54.99,0.00,0.00,0.00,0.00,0,,,UNBILLED,0.00,0.00,,0.00,0.00,UNBILLED,PO has no linked bills in Zoho
08-13829-04351,2025-11-12,UNKNOWN,nessan-45,5623409000000236040,54.99,54.99,0.00,0.00,0.00,0.00,0,,,UNBILLED,0.00,0.00,,0.00,0.00,UNBILLED,PO has no linked bills in Zoho
08-13829-04520,2025-11-12,UNKNOWN,barstomcreativeconcepts2010,5623409000000236012,60.98,60.98,0.00,0.00,0.00,0.00,0,,,UNBILLED,0.00,0.00,,0.00,0.00,UNBILLED,PO has no linked bills in Zoho
27-13803-03581,2025-11-12,UNKNOWN,goodsavings99,5623409000000235984,69.90,69.90,0.00,0.00,0.00,0.00,0,,,UNBILLED,0.00,0.00,,0.00,0.00,UNBILLED,PO has no linked bills in Zoho
58541655,2025-11-12,UNKNOWN,Goodwill of North Georgia,5623409000000235956,39.38,39.38,0.00,0.00,0.00,0.00,0,,,UNBILLED,0.00,0.00,,0.00,0.00,UNBILLED,PO has no linked bills in Zoho
58554694,2025-11-12,UNKNOWN,"Goodwill Industries of the Chesapeake, Inc.",5623409000000235927,182.36,182.36,0.00,0.00,0.00,0.00,0,,,UNBILLED,0.00,0.00,,0.00,0.00,UNBILLED,PO has no linked bills in Zoho
58541686,2025-11-12,UNKNOWN,"Goodwill Industries of SW Florida, Inc.",5623409000000235898,97.99,97.99,0.00,0.00,0.00,0.00,0,,,UNBILLED,0.00,0.00,,0.00,0.00,UNBILLED,PO has no linked bills in Zoho
58521013,2025-11-12,UNKNOWN,Goodwill Industries of Greater Cleveland & East Central Ohio,5623409000000235858,38.05,38.05,0.00,0.00,0.00,0.00,0,,,UNBILLED,0.00,0.00,,0.00,0.00,UNBILLED,PO has no linked bills in Zoho
58512282,2025-11-12,UNKNOWN,Goodwill Industries of the Columbia Willamette,5623409000000235830,30.65,30.65,0.00,0.00,0.00,0.00,0,,,UNBILLED,0.00,0.00,,0.00,0.00,UNBILLED,PO has no linked bills in Zoho
58508373,2025-11-12,UNKNOWN,"Goodwill Industries of Central Illinois, Inc.",5623409000000235802,115.41,115.41,0.00,0.00,0.00,0.00,0,,,UNBILLED,0.00,0.00,,0.00,0.00,UNBILLED,PO has no linked bills in Zoho
58474459,2025-11-12,UNKNOWN,Goodwill Industries of Central Texas,5623409000000235774,111.26,111.26,0.00,0.00,0.00,0.00,0,,,UNBILLED,0.00,0.00,,0.00,0.00,UNBILLED,PO has no linked bills in Zoho
58357078,2025-11-12,UNKNOWN,Goodwill Industries of San Antonio,5623409000000235747,47.37,47.37,0.00,0.00,0.00,0.00,0,,,UNBILLED,0.00,0.00,,0.00,0.00,UNBILLED,PO has no linked bills in Zoho
14-13819-86348,2025-11-12,UNKNOWN,audio_link,5623409000000235720,839.98,839.98,0.00,0.00,0.00,0.00,0,,,UNBILLED,0.00,0.00,,0.00,0.00,UNBILLED,PO has no linked bills in Zoho
25-13804-20122,2025-11-12,UNKNOWN,vintage-spinage,5623409000000235692,109.49,109.49,0.00,0.00,0.00,0.00,0,,,UNBILLED,0.00,0.00,,0.00,0.00,UNBILLED,PO has no linked bills in Zoho
14-13817-76831,2025-11-12,UNKNOWN,ulby1794,5623409000000235649,149.99,149.99,0.00,0.00,0.00,0.00,0,,,UNBILLED,0.00,0.00,,0.00,0.00,UNBILLED,PO has no linked bills in Zoho
12-13820-60415,2025-11-12,UNKNOWN,secondarymarket,5623409000000235617,199.99,199.99,0.00,0.00,0.00,0.00,0,,,UNBILLED,0.00,0.00,,0.00,0.00,UNBILLED,PO has no linked bills in Zoho
14-13817-66715,2025-11-12,UNKNOWN,centralfloridapicker,5623409000000235561,187.95,187.95,0.00,0.00,0.00,0.00,0,,,UNBILLED,0.00,0.00,,0.00,0.00,UNBILLED,PO has no linked bills in Zoho
24-13818-17175,2025-11-12,UNKNOWN,maryg22,5623409000000235533,139.00,139.00,0.00,0.00,0.00,0.00,0,,,UNBILLED,0.00,0.00,,0.00,0.00,UNBILLED,PO has no linked bills in Zoho
21-13806-98805,2025-11-12,UNKNOWN,vitcom2015,5623409000000235505,270.00,270.00,0.00,0.00,0.00,0.00,0,,,UNBILLED,0.00,0.00,,0.00,0.00,UNBILLED,PO has no linked bills in Zoho
58508516,2025-11-11,UNKNOWN,Goodwill of Orange County,5623409000000235462,37.99,37.99,0.00,0.00,0.00,0.00,0,,,UNBILLED,0.00,0.00,,0.00,0.00,UNBILLED,PO has no linked bills in Zoho
58514114,2025-11-11,UNKNOWN,Goodwill Industries of Northern Illinois	,5623409000000235420,132.36,132.36,0.00,0.00,0.00,0.00,0,,,UNBILLED,0.00,0.00,,0.00,0.00,UNBILLED,PO has no linked bills in Zoho
58512308,2025-11-11,UNKNOWN,Goodwill Industries of Central Texas,5623409000000235392,32.23,32.23,0.00,0.00,0.00,0.00,0,,,UNBILLED,0.00,0.00,,0.00,0.00,UNBILLED,PO has no linked bills in Zoho
58474503,2025-11-11,UNKNOWN,Goodwill Industries of Central Texas,5623409000000235378,50.70,50.70,0.00,0.00,0.00,0.00,0,,,UNBILLED,0.00,0.00,,0.00,0.00,UNBILLED,PO has no linked bills in Zoho
58421995,2025-11-11,UNKNOWN,Goodwill of North Georgia,5623409000000235337,74.82,74.82,0.00,0.00,0.00,0.00,0,,,UNBILLED,0.00,0.00,,0.00,0.00,UNBILLED,PO has no linked bills in Zoho
58433012,2025-11-11,UNKNOWN,"Goodwill Industries of SW Florida, Inc.",5623409000000235292,101.24,101.24,0.00,0.00,0.00,0.00,0,,,UNBILLED,0.00,0.00,,0.00,0.00,UNBILLED,PO has no linked bills in Zoho
58389062,2025-11-11,UNKNOWN,Goodwill Industries of San Antonio,5623409000000235251,86.16,86.16,0.00,0.00,0.00,0.00,0,,,UNBILLED,0.00,0.00,,0.00,0.00,UNBILLED,PO has no linked bills in Zoho
58368572,2025-11-11,UNKNOWN,Goodwill of the Olympics and Rainier Region,5623409000000235223,21.45,21.45,0.00,0.00,0.00,0.00,0,,,UNBILLED,0.00,0.00,,0.00,0.00,UNBILLED,PO has no linked bills in Zoho
58357144,2025-11-11,UNKNOWN,Goodwill Keystone Area - Reading,5623409000000235182,28.76,28.76,0.00,0.00,0.00,0.00,0,,,UNBILLED,0.00,0.00,,0.00,0.00,UNBILLED,PO has no linked bills in Zoho
58288484,2025-11-11,UNKNOWN,Goodwill of Orange County,5623409000000235154,33.50,33.50,0.00,0.00,0.00,0.00,0,,,UNBILLED,0.00,0.00,,0.00,0.00,UNBILLED,PO has no linked bills in Zoho
03-13829-56379,2025-11-11,UNKNOWN,rpmsstore2025,5623409000000235126,363.16,363.16,0.00,0.00,0.00,0.00,0,,,UNBILLED,0.00,0.00,,0.00,0.00,UNBILLED,PO has no linked bills in Zoho
13-13817-43488,2025-11-11,UNKNOWN,rpmsstore2025,5623409000000235112,296.92,296.92,0.00,0.00,0.00,0.00,0,,,UNBILLED,0.00,0.00,,0.00,0.00,UNBILLED,PO has no linked bills in Zoho
24-13814-21714,2025-11-11,UNKNOWN,asisera1999,5623409000000235071,92.87,92.87,0.00,0.00,0.00,0.00,0,,,UNBILLED,0.00,0.00,,0.00,0.00,UNBILLED,PO has no linked bills in Zoho
111-5205284-0573865,2025-11-11,UNKNOWN,"Amazon.com Services, Inc",5623409000000235044,49.60,49.60,0.00,0.00,0.00,0.00,0,,,UNBILLED,0.00,0.00,,0.00,0.00,UNBILLED,PO has no linked bills in Zoho
27-13787-51625,2025-11-10,UNKNOWN,gadgetgrabber,5623409000000235001,464.99,464.99,0.00,0.00,0.00,0.00,0,,,UNBILLED,0.00,0.00,,0.00,0.00,UNBILLED,PO has no linked bills in Zoho
58470073,2025-11-10,UNKNOWN,Goodwill of Colorado,5623409000000234973,36.19,36.19,0.00,0.00,0.00,0.00,0,,,UNBILLED,0.00,0.00,,0.00,0.00,UNBILLED,PO has no linked bills in Zoho
58456984,2025-11-10,UNKNOWN,Goodwill San Diego and Imperial Counties,5623409000000234946,40.88,40.88,0.00,0.00,0.00,0.00,0,,,UNBILLED,0.00,0.00,,0.00,0.00,UNBILLED,PO has no linked bills in Zoho
58456728,2025-11-10,UNKNOWN,Goodwill Industries of Kansas INC.,5623409000000234914,121.99,121.99,0.00,0.00,0.00,0.00,0,,,UNBILLED,0.00,0.00,,0.00,0.00,UNBILLED,PO has no linked bills in Zoho
58433325,2025-11-10,UNKNOWN,Goodwill of Greater Washington D.C. -VA	,5623409000000234860,52.89,52.89,0.00,0.00,0.00,0.00,0,,,UNBILLED,0.00,0.00,,0.00,0.00,UNBILLED,PO has no linked bills in Zoho
58432798,2025-11-10,UNKNOWN,Evergreen Goodwill,5623409000000234817,99.44,99.44,0.00,0.00,0.00,0.00,0,,,UNBILLED,0.00,0.00,,0.00,0.00,UNBILLED,PO has no linked bills in Zoho
58389183,2025-11-10,UNKNOWN,Goodwill Industries of Upstate/Midlands South Carolina - GREENVILLE	,5623409000000234789,49.52,49.52,0.00,0.00,0.00,0.00,0,,,UNBILLED,0.00,0.00,,0.00,0.00,UNBILLED,PO has no linked bills in Zoho
58332788,2025-11-10,UNKNOWN,Goodwill Industries of Ventura and Santa Barbara Counties	,5623409000000234748,31.25,31.25,0.00,0.00,0.00,0.00,0,,,UNBILLED,0.00,0.00,,0.00,0.00,UNBILLED,PO has no linked bills in Zoho
16-13807-43562,2025-11-10,UNKNOWN,respecd_resale,5623409000000234720,42.63,42.63,0.00,0.00,0.00,0.00,0,,,UNBILLED,0.00,0.00,,0.00,0.00,UNBILLED,PO has no linked bills in Zoho
14-13812-65451,2025-11-10,UNKNOWN,tocan36,5623409000000234692,54.07,54.07,0.00,0.00,0.00,0.00,0,,,UNBILLED,0.00,0.00,,0.00,0.00,UNBILLED,PO has no linked bills in Zoho
24-13813-53774,2025-11-10,UNKNOWN,white_mountain_thrift,5623409000000234664,53.08,53.08,0.00,0.00,0.00,0.00,0,,,UNBILLED,0.00,0.00,,0.00,0.00,UNBILLED,PO has no linked bills in Zoho
20-13804-24398,2025-11-10,UNKNOWN,justichoyl0,5623409000000234636,59.00,59.00,0.00,0.00,0.00,0.00,0,,,UNBILLED,0.00,0.00,,0.00,0.00,UNBILLED,PO has no linked bills in Zoho
11-13816-14393,2025-11-10,UNKNOWN,idioteque928,5623409000000234606,99.74,99.74,0.00,0.00,0.00,0.00,0,,,UNBILLED,0.00,0.00,,0.00,0.00,UNBILLED,PO has no linked bills in Zoho
17-13807-40076,2025-11-10,UNKNOWN,greensale99,5623409000000234576,414.76,414.76,0.00,0.00,0.00,0.00,0,,,UNBILLED,0.00,0.00,,0.00,0.00,UNBILLED,PO has no linked bills in Zoho
02-13827-67274,2025-11-10,UNKNOWN,imlovingit,5623409000000234562,88.23,88.23,0.00,0.00,0.00,0.00,0,,,UNBILLED,0.00,0.00,,0.00,0.00,UNBILLED,PO has no linked bills in Zoho
11-13814-88372,2025-11-10,UNKNOWN,jmb6115,5623409000000234534,62.20,62.20,0.00,0.00,0.00,0.00,0,,,UNBILLED,0.00,0.00,,0.00,0.00,UNBILLED,PO has no linked bills in Zoho
15-13809-29527,2025-11-10,UNKNOWN,jmb6115,5623409000000234518,74.05,74.05,0.00,0.00,0.00,0.00,0,,,UNBILLED,0.00,0.00,,0.00,0.00,UNBILLED,PO has no linked bills in Zoho
23-13798-32431,2025-11-10,UNKNOWN,vintage_sole,5623409000000234488,80.45,80.45,0.00,0.00,0.00,0.00,0,,,UNBILLED,0.00,0.00,,0.00,0.00,UNBILLED,PO has no linked bills in Zoho
27-13792-80589,2025-11-10,UNKNOWN,lisbrow14,5623409000000234460,57.41,57.41,0.00,0.00,0.00,0.00,0,,,UNBILLED,0.00,0.00,,0.00,0.00,UNBILLED,PO has no linked bills in Zoho
05-13823-59042,2025-11-10,UNKNOWN,mikessticks,5623409000000234432,52.42,52.42,0.00,0.00,0.00,0.00,0,,,UNBILLED,0.00,0.00,,0.00,0.00,UNBILLED,PO has no linked bills in Zoho
27-13792-46713,2025-11-10,UNKNOWN,booth84,5623409000000234404,55.67,55.67,0.00,0.00,0.00,0.00,0,,,UNBILLED,0.00,0.00,,0.00,0.00,UNBILLED,PO has no linked bills in Zoho
18-13804-75734,2025-11-10,UNKNOWN,data_recovery_tech,5623409000000234376,173.99,173.99,0.00,0.00,0.00,0.00,0,,,UNBILLED,0.00,0.00,,0.00,0.00,UNBILLED,PO has no linked bills in Zoho
22-13799-08723,2025-11-10,UNKNOWN,tysaflippinfool,5623409000000234348,44.49,44.49,0.00,0.00,0.00,0.00,0,,,UNBILLED,0.00,0.00,,0.00,0.00,UNBILLED,PO has no linked bills in Zoho
18-13805-21174,2025-11-10,UNKNOWN,blackdiamond.ent.inc,5623409000000226156,88.79,88.79,0.00,0.00,0.00,0.00,0,,,UNBILLED,0.00,0.00,,0.00,0.00,UNBILLED,PO has no linked bills in Zoho
58532549,2025-11-09,UNKNOWN,Goodwill Industries of the Columbia Willamette,5623409000000223318,207.94,207.94,0.00,0.00,0.00,0.00,0,,,UNBILLED,0.00,0.00,,0.00,0.00,UNBILLED,PO has no linked bills in Zoho
58532515,2025-11-09,UNKNOWN,Goodwill of Orange County,5623409000000223285,172.49,172.49,0.00,0.00,0.00,0.00,0,,,UNBILLED,0.00,0.00,,0.00,0.00,UNBILLED,PO has no linked bills in Zoho
58532478,2025-11-09,UNKNOWN,Goodwill Industries of San Antonio,5623409000000223232,31.71,31.71,0.00,0.00,0.00,0.00,0,,,UNBILLED,0.00,0.00,,0.00,0.00,UNBILLED,PO has no linked bills in Zoho
58531704,2025-11-09,UNKNOWN,Goodwill Industries of Greater Cleveland & East Central Ohio,5623409000000223191,46.91,46.91,0.00,0.00,0.00,0.00,0,,,UNBILLED,0.00,0.00,,0.00,0.00,UNBILLED,PO has no linked bills in Zoho
27-13789-38029,2025-11-09,UNKNOWN,aj36205,5623409000000223177,54.37,54.37,0.00,0.00,0.00,0.00,0,,,UNBILLED,0.00,0.00,,0.00,0.00,UNBILLED,PO has no linked bills in Zoho
08-13815-11479,2025-11-09,UNKNOWN,kucerus2014,5623409000000223136,24.99,24.99,0.00,0.00,0.00,0.00,0,,,UNBILLED,0.00,0.00,,0.00,0.00,UNBILLED,PO has no linked bills in Zoho
06-13816-60727,2025-11-09,UNKNOWN,lindam9009,5623409000000223093,590.00,590.00,0.00,0.00,0.00,0.00,0,,,UNBILLED,0.00,0.00,,0.00,0.00,UNBILLED,PO has no linked bills in Zoho
8.20587E+15,2025-11-08,UNKNOWN,Aliexpress,5623409000000223052,45.20,45.20,0.00,0.00,0.00,0.00,0,,,UNBILLED,0.00,0.00,,0.00,0.00,UNBILLED,PO has no linked bills in Zoho
58514163,2025-11-08,UNKNOWN,"Goodwill Industries of SW Florida, Inc.",5623409000000223038,45.72,45.72,0.00,0.00,0.00,0.00,0,,,UNBILLED,0.00,0.00,,0.00,0.00,UNBILLED,PO has no linked bills in Zoho
58512293,2025-11-08,UNKNOWN,"Goodwill Industries - Big Bend, Inc.",5623409000000223024,27.59,27.59,0.00,0.00,0.00,0.00,0,,,UNBILLED,0.00,0.00,,0.00,0.00,UNBILLED,PO has no linked bills in Zoho
58512256,2025-11-08,UNKNOWN,"Goodwill Industries of SW Florida, Inc.",5623409000000222996,43.60,43.60,0.00,0.00,0.00,0.00,0,,,UNBILLED,0.00,0.00,,0.00,0.00,UNBILLED,PO has no linked bills in Zoho
18-13796-83381,2025-11-08,UNKNOWN,gamesgamesnstuff,5623409000000222955,49.99,49.99,0.00,0.00,0.00,0.00,0,,,UNBILLED,0.00,0.00,,0.00,0.00,UNBILLED,PO has no linked bills in Zoho
111-4832527-9621822,2025-11-08,UNKNOWN,World-Sellers Same Day Shipping (SN recorded),5623409000000222927,313.42,313.42,0.00,0.00,0.00,0.00,0,,,UNBILLED,0.00,0.00,,0.00,0.00,UNBILLED,PO has no linked bills in Zoho
111-4665753-1864228,2025-11-08,UNKNOWN,World-Sellers Same Day Shipping (SN recorded),5623409000000222913,313.42,313.42,0.00,0.00,0.00,0.00,0,,,UNBILLED,0.00,0.00,,0.00,0.00,UNBILLED,PO has no linked bills in Zoho
11-13806-47203,2025-11-08,UNKNOWN,esd_7448,5623409000000222872,53.85,53.85,0.00,0.00,0.00,0.00,0,,,UNBILLED,0.00,0.00,,0.00,0.00,UNBILLED,PO has no linked bills in Zoho
05-13813-42221,2025-11-08,UNKNOWN,collectors_studio,5623409000000222842,340.00,340.00,0.00,0.00,0.00,0.00,0,,,UNBILLED,0.00,0.00,,0.00,0.00,UNBILLED,PO has no linked bills in Zoho
8.20596E+15,2025-11-07,UNKNOWN,Aliexpress,5623409000000222788,46.70,46.70,0.00,0.00,0.00,0.00,0,,,UNBILLED,0.00,0.00,,0.00,0.00,UNBILLED,PO has no linked bills in Zoho
26-13779-00183,2025-11-07,UNKNOWN,vikinggaming,5623409000000222756,599.98,599.98,0.00,0.00,0.00,0.00,0,,,UNBILLED,0.00,0.00,,0.00,0.00,UNBILLED,PO has no linked bills in Zoho
23-13785-17935,2025-11-07,UNKNOWN,irdisales,5623409000000222689,249.75,249.75,0.00,0.00,0.00,0.00,0,,,UNBILLED,0.00,0.00,,0.00,0.00,UNBILLED,PO has no linked bills in Zoho
21-13788-19947,2025-11-07,UNKNOWN,surpluserecycle,5623409000000222646,579.98,579.98,0.00,0.00,0.00,0.00,0,,,UNBILLED,0.00,0.00,,0.00,0.00,UNBILLED,PO has no linked bills in Zoho
18-13793-43833,2025-11-07,UNKNOWN,afaivre,5623409000000222605,347.09,347.09,0.00,0.00,0.00,0.00,0,,,UNBILLED,0.00,0.00,,0.00,0.00,UNBILLED,PO has no linked bills in Zoho
113-2276168-8148201,2025-11-07,UNKNOWN,FLTKJLTD,5623409000000222564,6.89,6.89,0.00,0.00,0.00,0.00,0,,,UNBILLED,0.00,0.00,,0.00,0.00,UNBILLED,PO has no linked bills in Zoho
11-13800-02703,2025-11-07,UNKNOWN,ma941625,5623409000000222523,46.75,46.75,0.00,0.00,0.00,0.00,0,,,UNBILLED,0.00,0.00,,0.00,0.00,UNBILLED,PO has no linked bills in Zoho
25-13737-32595,2025-10-30,UNKNOWN,tahavan_0,5623409000000147311,26.00,26.00,0.00,0.00,0.00,0.00,0,,,UNBILLED,0.00,0.00,,0.00,0.00,UNBILLED,PO has no linked bills in Zoho
03-13767-57254,2025-10-30,UNKNOWN,theepicshop,5623409000000147283,49.99,49.99,0.00,0.00,0.00,0.00,0,,,UNBILLED,0.00,0.00,,0.00,0.00,UNBILLED,PO has no linked bills in Zoho
58187366,2025-10-30,UNKNOWN,Goodwill Industries of the Columbia Willamette,5623409000000147255,19.99,19.99,0.00,0.00,0.00,0.00,0,,,UNBILLED,0.00,0.00,,0.00,0.00,UNBILLED,PO has no linked bills in Zoho
58164796,2025-10-30,UNKNOWN,Goodwill Industries of Southern Arizona,5623409000000147241,7.99,7.99,0.00,0.00,0.00,0.00,0,,,UNBILLED,0.00,0.00,,0.00,0.00,UNBILLED,PO has no linked bills in Zoho
LCPU-THANG-102925,2025-10-30,UNKNOWN,THANG,5623409000000147213,75.00,75.00,0.00,0.00,0.00,0.00,0,,,UNBILLED,0.00,0.00,,0.00,0.00,UNBILLED,PO has no linked bills in Zoho
58098873,2025-10-27,UNKNOWN,Easterseals-Goodwill Northern Rocky Mountain -SLC,5623409000000147185,16.00,16.00,0.00,0.00,0.00,0.00,0,,,UNBILLED,0.00,0.00,,0.00,0.00,UNBILLED,PO has no linked bills in Zoho
04-13684-40503,2025-10-29,UNKNOWN,anddel-3237,5623409000000147157,58.32,58.32,0.00,0.00,0.00,0.00,0,,,UNBILLED,0.00,0.00,,0.00,0.00,UNBILLED,PO has no linked bills in Zoho
58056284,2025-10-29,UNKNOWN,Goodwill of North Central Wisconsin,5623409000000147129,12.99,12.99,0.00,0.00,0.00,0.00,0,,,UNBILLED,0.00,0.00,,0.00,0.00,UNBILLED,PO has no linked bills in Zoho
26-13712-34179,2025-10-29,UNKNOWN,englishmuffin1291,5623409000000147101,220.00,220.00,0.00,0.00,0.00,0.00,0,,,UNBILLED,0.00,0.00,,0.00,0.00,UNBILLED,PO has no linked bills in Zoho
15-13727-39804,2025-10-29,UNKNOWN,venabi,5623409000000147073,39.99,39.99,0.00,0.00,0.00,0.00,0,,,UNBILLED,0.00,0.00,,0.00,0.00,UNBILLED,PO has no linked bills in Zoho
16-13730-26741,2025-10-29,UNKNOWN,sanclementelocals,5623409000000147045,220.00,220.00,0.00,0.00,0.00,0.00,0,,,UNBILLED,0.00,0.00,,0.00,0.00,UNBILLED,PO has no linked bills in Zoho
21-13718-86658,2025-10-29,UNKNOWN,collectors_grade_games,5623409000000147017,214.99,214.99,0.00,0.00,0.00,0.00,0,,,UNBILLED,0.00,0.00,,0.00,0.00,UNBILLED,PO has no linked bills in Zoho
19-13713-84520,2025-10-29,UNKNOWN,powerupflip,5623409000000146989,189.99,189.99,0.00,0.00,0.00,0.00,0,,,UNBILLED,0.00,0.00,,0.00,0.00,UNBILLED,PO has no linked bills in Zoho
05-13745-96528,2025-10-29,UNKNOWN,dalidad,5623409000000146961,39.00,39.00,0.00,0.00,0.00,0.00,0,,,UNBILLED,0.00,0.00,,0.00,0.00,UNBILLED,PO has no linked bills in Zoho
57921563,2025-10-28,UNKNOWN,Goodwill of Orange County,5623409000000146933,10.99,10.99,0.00,0.00,0.00,0.00,0,,,UNBILLED,0.00,0.00,,0.00,0.00,UNBILLED,PO has no linked bills in Zoho
58056129,2025-10-28,UNKNOWN,Goodwill Industries of the Southern Rivers,5623409000000146919,19.99,19.99,0.00,0.00,0.00,0.00,0,,,UNBILLED,0.00,0.00,,0.00,0.00,UNBILLED,PO has no linked bills in Zoho
58056325,2025-10-28,UNKNOWN,Goodwill of Orange County,5623409000000146891,142.00,142.00,0.00,0.00,0.00,0.00,0,,,UNBILLED,0.00,0.00,,0.00,0.00,UNBILLED,PO has no linked bills in Zoho
18-13731-72810,2025-10-28,UNKNOWN,carpfan1973,5623409000000146877,236.55,236.55,0.00,0.00,0.00,0.00,0,,,UNBILLED,0.00,0.00,,0.00,0.00,UNBILLED,PO has no linked bills in Zoho
10-13720-48739,2025-10-28,UNKNOWN,huntingpostcards,5623409000000146849,186.50,186.50,0.00,0.00,0.00,0.00,0,,,UNBILLED,0.00,0.00,,0.00,0.00,UNBILLED,PO has no linked bills in Zoho
58000998,2025-10-15,UNKNOWN,Goodwill of North Georgia,5623409000000146821,99.00,99.00,0.00,0.00,0.00,0.00,0,,,UNBILLED,0.00,0.00,,0.00,0.00,UNBILLED,PO has no linked bills in Zoho
25-13690-38890,2025-10-25,UNKNOWN,dbeau450,5623409000000146793,229.00,229.00,0.00,0.00,0.00,0.00,0,,,UNBILLED,0.00,0.00,,0.00,0.00,UNBILLED,PO has no linked bills in Zoho
24-13683-72364,2025-10-25,UNKNOWN,everything-a4ordable,5623409000000146765,215.00,215.00,0.00,0.00,0.00,0.00,0,,,UNBILLED,0.00,0.00,,0.00,0.00,UNBILLED,PO has no linked bills in Zoho
21-13696-02917 +02918,2025-10-25,UNKNOWN,greensale99,5623409000000146737,318.88,318.88,0.00,0.00,0.00,0.00,0,,,UNBILLED,0.00,0.00,,0.00,0.00,UNBILLED,PO has no linked bills in Zoho
25-13696-80281,2025-10-25,UNKNOWN,carlobosti,5623409000000146723,200.00,200.00,0.00,0.00,0.00,0.00,0,,,UNBILLED,0.00,0.00,,0.00,0.00,UNBILLED,PO has no linked bills in Zoho
12-13719-59103,2025-10-25,UNKNOWN,ridingcoreman,5623409000000146695,34.00,34.00,0.00,0.00,0.00,0.00,0,,,UNBILLED,0.00,0.00,,0.00,0.00,UNBILLED,PO has no linked bills in Zoho
04-13733-72321,2025-10-25,UNKNOWN,renew555,5623409000000146667,200.00,200.00,0.00,0.00,0.00,0.00,0,,,UNBILLED,0.00,0.00,,0.00,0.00,UNBILLED,PO has no linked bills in Zoho
15-13727-35068,2025-10-25,UNKNOWN,247flips,5623409000000146639,89.99,89.99,0.00,0.00,0.00,0.00,0,,,UNBILLED,0.00,0.00,,0.00,0.00,UNBILLED,PO has no linked bills in Zoho
14-13708-02507,2025-10-25,UNKNOWN,mr_finleys,5623409000000146611,62.00,62.00,0.00,0.00,0.00,0.00,0,,,UNBILLED,0.00,0.00,,0.00,0.00,UNBILLED,PO has no linked bills in Zoho
LCPU-HANH-102325,2025-10-25,UNKNOWN,HANH,5623409000000146583,120.00,120.00,0.00,0.00,0.00,0.00,0,,,UNBILLED,0.00,0.00,,0.00,0.00,UNBILLED,PO has no linked bills in Zoho
LCPU-HUY-102225,2025-10-24,UNKNOWN,HUY,5623409000000146569,20.00,20.00,0.00,0.00,0.00,0.00,0,,,UNBILLED,0.00,0.00,,0.00,0.00,UNBILLED,PO has no linked bills in Zoho
13-13680-59495,2025-10-23,UNKNOWN,jasonvoorhees11,5623409000000146541,35.00,35.00,0.00,0.00,0.00,0.00,0,,,UNBILLED,0.00,0.00,,0.00,0.00,UNBILLED,PO has no linked bills in Zoho
17-13683-61501,2025-10-22,UNKNOWN,litewaystore,5623409000000146513,29.99,29.99,0.00,0.00,0.00,0.00,0,,,UNBILLED,0.00,0.00,,0.00,0.00,UNBILLED,PO has no linked bills in Zoho
14-13711-88309,2025-10-22,UNKNOWN,iglegan-0,5623409000000146485,79.00,79.00,0.00,0.00,0.00,0.00,0,,,UNBILLED,0.00,0.00,,0.00,0.00,UNBILLED,PO has no linked bills in Zoho
07-13710-38046,2025-10-22,UNKNOWN,funhousebooksandmore,5623409000000146457,180.00,180.00,0.00,0.00,0.00,0.00,0,,,UNBILLED,0.00,0.00,,0.00,0.00,UNBILLED,PO has no linked bills in Zoho
08-13713-47009,2025-10-22,UNKNOWN,goodwillsocalshop,5623409000000146429,97.00,97.00,0.00,0.00,0.00,0.00,0,,,UNBILLED,0.00,0.00,,0.00,0.00,UNBILLED,PO has no linked bills in Zoho
17-13674-80156,2025-10-22,UNKNOWN,midwesttandc,5623409000000146401,29.95,29.95,0.00,0.00,0.00,0.00,0,,,UNBILLED,0.00,0.00,,0.00,0.00,UNBILLED,PO has no linked bills in Zoho
22-13674-21934,2025-10-22,UNKNOWN,dakethora,5623409000000146373,30.00,30.00,0.00,0.00,0.00,0.00,0,,,UNBILLED,0.00,0.00,,0.00,0.00,UNBILLED,PO has no linked bills in Zoho
24-13697-47610,2025-10-22,UNKNOWN,goodwill_southern_alleghenies,5623409000000146345,199.99,199.99,0.00,0.00,0.00,0.00,0,,,UNBILLED,0.00,0.00,,0.00,0.00,UNBILLED,PO has no linked bills in Zoho
09-13689-38675,2025-10-22,UNKNOWN,estatesales88,5623409000000146317,60.00,60.00,0.00,0.00,0.00,0.00,0,,,UNBILLED,0.00,0.00,,0.00,0.00,UNBILLED,PO has no linked bills in Zoho
08-13716-08032,2025-10-21,UNKNOWN,seaside-sales,5623409000000146289,219.95,219.95,0.00,0.00,0.00,0.00,0,,,UNBILLED,0.00,0.00,,0.00,0.00,UNBILLED,PO has no linked bills in Zoho
18-13691-09743,2025-10-21,UNKNOWN,yahfa04,5623409000000146261,25.00,25.00,0.00,0.00,0.00,0.00,0,,,UNBILLED,0.00,0.00,,0.00,0.00,UNBILLED,PO has no linked bills in Zoho
24-13706-40421,2025-10-21,UNKNOWN,geomcc-65,5623409000000146233,205.55,205.55,0.00,0.00,0.00,0.00,0,,,UNBILLED,0.00,0.00,,0.00,0.00,UNBILLED,PO has no linked bills in Zoho
07-13717-76559,2025-10-21,UNKNOWN,luckypicksminingco,5623409000000146205,77.77,77.77,0.00,0.00,0.00,0.00,0,,,UNBILLED,0.00,0.00,,0.00,0.00,UNBILLED,PO has no linked bills in Zoho
05-13709-12167,2025-10-21,UNKNOWN,crazybiker630,5623409000000146177,184.25,184.25,0.00,0.00,0.00,0.00,0,,,UNBILLED,0.00,0.00,,0.00,0.00,UNBILLED,PO has no linked bills in Zoho
24-13682-56955,2025-10-21,UNKNOWN,gilligan931,5623409000000146149,99.00,99.00,0.00,0.00,0.00,0.00,0,,,UNBILLED,0.00,0.00,,0.00,0.00,UNBILLED,PO has no linked bills in Zoho
14-13684-92119,2025-10-21,UNKNOWN,jrausch5,5623409000000146121,139.99,139.99,0.00,0.00,0.00,0.00,0,,,UNBILLED,0.00,0.00,,0.00,0.00,UNBILLED,PO has no linked bills in Zoho
12-13677-68007,2025-10-21,UNKNOWN,treanorthrifts,5623409000000146093,40.00,40.00,0.00,0.00,0.00,0.00,0,,,UNBILLED,0.00,0.00,,0.00,0.00,UNBILLED,PO has no linked bills in Zoho
25-13669-87602,2025-10-21,UNKNOWN,ashs2017,5623409000000146063,90.00,90.00,0.00,0.00,0.00,0.00,0,,,UNBILLED,0.00,0.00,,0.00,0.00,UNBILLED,PO has no linked bills in Zoho
03-13720-50538,2025-10-21,UNKNOWN,patrickthectpicker,5623409000000146035,99.99,99.99,0.00,0.00,0.00,0.00,0,,,UNBILLED,0.00,0.00,,0.00,0.00,UNBILLED,PO has no linked bills in Zoho
10-13688-02930,2025-10-20,UNKNOWN,charliemaeleeclothing,5623409000000146007,40.00,40.00,0.00,0.00,0.00,0.00,0,,,UNBILLED,0.00,0.00,,0.00,0.00,UNBILLED,PO has no linked bills in Zoho
18-13669-38431,2025-10-20,UNKNOWN,chrisba_3951,5623409000000145979,44.00,44.00,0.00,0.00,0.00,0.00,0,,,UNBILLED,0.00,0.00,,0.00,0.00,UNBILLED,PO has no linked bills in Zoho
21-13664-95140,2025-10-20,UNKNOWN,dragonmasters_finds,5623409000000145951,56.88,56.88,0.00,0.00,0.00,0.00,0,,,UNBILLED,0.00,0.00,,0.00,0.00,UNBILLED,PO has no linked bills in Zoho
10-13688-05213,2025-10-20,UNKNOWN,rotter46,5623409000000145923,59.98,59.98,0.00,0.00,0.00,0.00,0,,,UNBILLED,0.00,0.00,,0.00,0.00,UNBILLED,PO has no linked bills in Zoho
57606400,2025-09-25,UNKNOWN,Goodwill Keystone Area - Reading,5623409000000145895,12.99,12.99,0.00,0.00,0.00,0.00,0,,,UNBILLED,0.00,0.00,,0.00,0.00,UNBILLED,PO has no linked bills in Zoho
03-13697-66425,2025-10-17,UNKNOWN,bentley777,5623409000000145867,187.87,187.87,0.00,0.00,0.00,0.00,0,,,UNBILLED,0.00,0.00,,0.00,0.00,UNBILLED,PO has no linked bills in Zoho
05-13696-00388,2025-10-17,UNKNOWN,computer-parts2go,5623409000000145839,186.00,186.00,0.00,0.00,0.00,0.00,0,,,UNBILLED,0.00,0.00,,0.00,0.00,UNBILLED,PO has no linked bills in Zoho
20-13668-97509,2025-10-17,UNKNOWN,boroman10us,5623409000000145811,45.00,45.00,0.00,0.00,0.00,0.00,0,,,UNBILLED,0.00,0.00,,0.00,0.00,UNBILLED,PO has no linked bills in Zoho
25-13667-68967,2025-10-17,UNKNOWN,lilgush320,5623409000000145783,59.99,59.99,0.00,0.00,0.00,0.00,0,,,UNBILLED,0.00,0.00,,0.00,0.00,UNBILLED,PO has no linked bills in Zoho
24-13683-70070,2025-10-17,UNKNOWN,goodwillscwi,5623409000000145755,59.99,59.99,0.00,0.00,0.00,0.00,0,,,UNBILLED,0.00,0.00,,0.00,0.00,UNBILLED,PO has no linked bills in Zoho
25-13659-83087,2025-10-17,UNKNOWN,hoardware_sales,5623409000000145727,34.95,34.95,0.00,0.00,0.00,0.00,0,,,UNBILLED,0.00,0.00,,0.00,0.00,UNBILLED,PO has no linked bills in Zoho
16-13667-97186,2025-10-17,UNKNOWN,flippinlyons,5623409000000145699,35.00,35.00,0.00,0.00,0.00,0.00,0,,,UNBILLED,0.00,0.00,,0.00,0.00,UNBILLED,PO has no linked bills in Zoho
243785766,2025-10-16,UNKNOWN,Evergreen Goodwill,5623409000000145671,46.00,46.00,0.00,0.00,0.00,0.00,0,,,UNBILLED,0.00,0.00,,0.00,0.00,UNBILLED,PO has no linked bills in Zoho
24-13681-04737,2025-10-16,UNKNOWN,tendrue,5623409000000145657,199.99,199.99,0.00,0.00,0.00,0.00,0,,,UNBILLED,0.00,0.00,,0.00,0.00,UNBILLED,PO has no linked bills in Zoho
57679176,2025-10-16,UNKNOWN,"Goodwill Industries of Middle Tennessee, Inc.",5623409000000145629,87.00,87.00,0.00,0.00,0.00,0.00,0,,,UNBILLED,0.00,0.00,,0.00,0.00,UNBILLED,PO has no linked bills in Zoho
57780689,2025-10-15,UNKNOWN,"Goodwill Industries of West Michigan, Inc.",5623409000000145615,99.00,99.00,0.00,0.00,0.00,0.00,0,,,UNBILLED,0.00,0.00,,0.00,0.00,UNBILLED,PO has no linked bills in Zoho
13-13676-39719,2025-10-15,UNKNOWN,johnnyradtastic,5623409000000145587,45.50,45.50,0.00,0.00,0.00,0.00,0,,,UNBILLED,0.00,0.00,,0.00,0.00,UNBILLED,PO has no linked bills in Zoho
07-13684-49602,2025-10-15,UNKNOWN,winzloz1964,5623409000000145559,59.95,59.95,0.00,0.00,0.00,0.00,0,,,UNBILLED,0.00,0.00,,0.00,0.00,UNBILLED,PO has no linked bills in Zoho
19-13669-61114,2025-10-15,UNKNOWN,fallfax-surplus,5623409000000145531,180.00,180.00,0.00,0.00,0.00,0.00,0,,,UNBILLED,0.00,0.00,,0.00,0.00,UNBILLED,PO has no linked bills in Zoho
20-13673-28707,2025-10-15,UNKNOWN,milehighmobilellc,5623409000000145503,219.99,219.99,0.00,0.00,0.00,0.00,0,,,UNBILLED,0.00,0.00,,0.00,0.00,UNBILLED,PO has no linked bills in Zoho
LCPU-VU-101025,2025-10-15,UNKNOWN,ANH VU,5623409000000145475,160.00,160.00,0.00,0.00,0.00,0.00,0,,,UNBILLED,0.00,0.00,,0.00,0.00,UNBILLED,PO has no linked bills in Zoho
19-13655-04880,2025-10-14,UNKNOWN,windybird99,5623409000000145447,45.97,45.97,0.00,0.00,0.00,0.00,0,,,UNBILLED,0.00,0.00,,0.00,0.00,UNBILLED,PO has no linked bills in Zoho
25-13659-88322,2025-10-14,UNKNOWN,thelittlefarmshop,5623409000000145419,175.00,175.00,0.00,0.00,0.00,0.00,0,,,UNBILLED,0.00,0.00,,0.00,0.00,UNBILLED,PO has no linked bills in Zoho
20-13638-26118,2025-10-14,UNKNOWN,gwnw165.2025,5623409000000145391,44.00,44.00,0.00,0.00,0.00,0.00,0,,,UNBILLED,0.00,0.00,,0.00,0.00,UNBILLED,PO has no linked bills in Zoho
57756066,2025-10-14,UNKNOWN,Goodwill of the Olympics and Rainier Region,5623409000000145363,24.96,24.96,0.00,0.00,0.00,0.00,0,,,UNBILLED,0.00,0.00,,0.00,0.00,UNBILLED,PO has no linked bills in Zoho
57780722,2025-10-13,UNKNOWN,MERS/Missouri Goodwill Industries,5623409000000145335,90.00,90.00,0.00,0.00,0.00,0.00,0,,,UNBILLED,0.00,0.00,,0.00,0.00,UNBILLED,PO has no linked bills in Zoho
57633914,2025-10-13,UNKNOWN,Goodwill of Colorado,5623409000000145307,15.73,15.73,0.00,0.00,0.00,0.00,0,,,UNBILLED,0.00,0.00,,0.00,0.00,UNBILLED,PO has no linked bills in Zoho
57633816,2025-10-13,UNKNOWN,Goodwill Industries of the Redwood Empire,5623409000000145279,99.00,99.00,0.00,0.00,0.00,0.00,0,,,UNBILLED,0.00,0.00,,0.00,0.00,UNBILLED,PO has no linked bills in Zoho
14-13661-81818,2025-10-13,UNKNOWN,electrotes01,5623409000000145265,40.00,40.00,0.00,0.00,0.00,0.00,0,,,UNBILLED,0.00,0.00,,0.00,0.00,UNBILLED,PO has no linked bills in Zoho
22-13663-85589,2025-10-13,UNKNOWN,milehighauctionsaz,5623409000000145237,179.99,179.99,0.00,0.00,0.00,0.00,0,,,UNBILLED,0.00,0.00,,0.00,0.00,UNBILLED,PO has no linked bills in Zoho
57679336,2025-10-13,UNKNOWN,"Goodwill Industries of the Chesapeake, Inc.",5623409000000145209,99.00,99.00,0.00,0.00,0.00,0.00,0,,,UNBILLED,0.00,0.00,,0.00,0.00,UNBILLED,PO has no linked bills in Zoho
22-13650-87493,2025-10-13,UNKNOWN,gddaily,5623409000000145195,54.99,54.99,0.00,0.00,0.00,0.00,0,,,UNBILLED,0.00,0.00,,0.00,0.00,UNBILLED,PO has no linked bills in Zoho
19-13660-82669,2025-10-13,UNKNOWN,svdpavondale,5623409000000145167,25.40,25.40,0.00,0.00,0.00,0.00,0,,,UNBILLED,0.00,0.00,,0.00,0.00,UNBILLED,PO has no linked bills in Zoho
16-13672-04196,2025-10-13,UNKNOWN,c00lstuff,5623409000000145139,39.95,39.95,0.00,0.00,0.00,0.00,0,,,UNBILLED,0.00,0.00,,0.00,0.00,UNBILLED,PO has no linked bills in Zoho
57633748,2025-10-13,UNKNOWN,"Goodwill Industries of Northwest North Carolina, Inc.",5623409000000145111,72.00,72.00,0.00,0.00,0.00,0.00,0,,,UNBILLED,0.00,0.00,,0.00,0.00,UNBILLED,PO has no linked bills in Zoho
03-13640-15930,2025-10-08,UNKNOWN,wedovintage,5623409000000145083,150.00,150.00,0.00,0.00,0.00,0.00,0,,,UNBILLED,0.00,0.00,,0.00,0.00,UNBILLED,PO has no linked bills in Zoho
01-13680-00103,2025-10-08,UNKNOWN,3antar,5623409000000145055,56.24,56.24,0.00,0.00,0.00,0.00,0,,,UNBILLED,0.00,0.00,,0.00,0.00,UNBILLED,PO has no linked bills in Zoho
01-13680-61087,2025-10-08,UNKNOWN,sig21,5623409000000145027,35.00,35.00,0.00,0.00,0.00,0.00,0,,,UNBILLED,0.00,0.00,,0.00,0.00,UNBILLED,PO has no linked bills in Zoho
14-13616-95005,2025-10-08,UNKNOWN,airshow1982,5623409000000144999,199.99,199.99,0.00,0.00,0.00,0.00,0,,,UNBILLED,0.00,0.00,,0.00,0.00,UNBILLED,PO has no linked bills in Zoho
57780660,2025-10-08,UNKNOWN,"Goodwill Industries of San Joaquin Valley, Inc.",5623409000000144971,99.00,99.00,0.00,0.00,0.00,0.00,0,,,UNBILLED,0.00,0.00,,0.00,0.00,UNBILLED,PO has no linked bills in Zoho
57635034,2025-10-08,UNKNOWN,Goodwill Industries of the Redwood Empire,5623409000000144943,19.99,19.99,0.00,0.00,0.00,0.00,0,,,UNBILLED,0.00,0.00,,0.00,0.00,UNBILLED,PO has no linked bills in Zoho
22-13614-86471,2025-10-08,UNKNOWN,wou2007,5623409000000144915,115.99,115.99,0.00,0.00,0.00,0.00,0,,,UNBILLED,0.00,0.00,,0.00,0.00,UNBILLED,PO has no linked bills in Zoho
57606056,2025-10-08,UNKNOWN,Goodwill Industries of Middle Georgia,5623409000000144887,70.00,70.00,0.00,0.00,0.00,0.00,0,,,UNBILLED,0.00,0.00,,0.00,0.00,UNBILLED,PO has no linked bills in Zoho
57432778,2025-10-07,UNKNOWN,Goodwill - West Texas,5623409000000144859,37.00,37.00,0.00,0.00,0.00,0.00,0,,,UNBILLED,0.00,0.00,,0.00,0.00,UNBILLED,PO has no linked bills in Zoho
57433981,2025-10-07,UNKNOWN,Goodwill of Southwestern Pennsylvania,5623409000000144831,99.00,99.00,0.00,0.00,0.00,0.00,0,,,UNBILLED,0.00,0.00,,0.00,0.00,UNBILLED,PO has no linked bills in Zoho
57523140,2025-10-07,UNKNOWN,Goodwill Industries of the Southern Piedmont,5623409000000144803,12.99,12.99,0.00,0.00,0.00,0.00,0,,,UNBILLED,0.00,0.00,,0.00,0.00,UNBILLED,PO has no linked bills in Zoho
57397230,2025-10-06,UNKNOWN,Goodwill Industries of Greater Cleveland & East Central Ohio,5623409000000144775,200.00,200.00,0.00,0.00,0.00,0.00,0,,,UNBILLED,0.00,0.00,,0.00,0.00,UNBILLED,PO has no linked bills in Zoho
20-13609-26347,2025-10-06,UNKNOWN,tigers*deals,5623409000000144747,99.99,99.99,0.00,0.00,0.00,0.00,0,,,UNBILLED,0.00,0.00,,0.00,0.00,UNBILLED,PO has no linked bills in Zoho
23-13584-05362,2025-10-06,UNKNOWN,pieceperfect,5623409000000144719,49.99,49.99,0.00,0.00,0.00,0.00,0,,,UNBILLED,0.00,0.00,,0.00,0.00,UNBILLED,PO has no linked bills in Zoho
LCPU-HANH-091825,2025-10-06,UNKNOWN,HANH,5623409000000144691,120.00,120.00,0.00,0.00,0.00,0.00,0,,,UNBILLED,0.00,0.00,,0.00,0.00,UNBILLED,PO has no linked bills in Zoho
04-13621-87626,2025-10-03,UNKNOWN,vicbarcenas2011,5623409000000144650,129.99,129.99,0.00,0.00,0.00,0.00,0,,,UNBILLED,0.00,0.00,,0.00,0.00,UNBILLED,PO has no linked bills in Zoho
21-13613-72863,2025-10-03,UNKNOWN,asisera1999,5623409000000144622,129.99,129.99,0.00,0.00,0.00,0.00,0,,,UNBILLED,0.00,0.00,,0.00,0.00,UNBILLED,PO has no linked bills in Zoho
12-13617-37113,2025-10-03,UNKNOWN,greensale99,5623409000000144594,200.00,200.00,0.00,0.00,0.00,0.00,0,,,UNBILLED,0.00,0.00,,0.00,0.00,UNBILLED,PO has no linked bills in Zoho
18-13603-36216,2025-10-03,UNKNOWN,arrondean2012,5623409000000144567,135.00,135.00,0.00,0.00,0.00,0.00,0,,,UNBILLED,0.00,0.00,,0.00,0.00,UNBILLED,PO has no linked bills in Zoho
16-13625-06159,2025-10-03,UNKNOWN,foilchewer,5623409000000144539,199.99,199.99,0.00,0.00,0.00,0.00,0,,,UNBILLED,0.00,0.00,,0.00,0.00,UNBILLED,PO has no linked bills in Zoho
11-13600-26742,2025-10-03,UNKNOWN,figcheck,5623409000000144498,135.00,135.00,0.00,0.00,0.00,0.00,0,,,UNBILLED,0.00,0.00,,0.00,0.00,UNBILLED,PO has no linked bills in Zoho
18-13598-91219,2025-10-03,UNKNOWN,lam_5854,5623409000000144470,329.95,329.95,0.00,0.00,0.00,0.00,0,,,UNBILLED,0.00,0.00,,0.00,0.00,UNBILLED,PO has no linked bills in Zoho
24-13597-39849,2025-10-03,UNKNOWN,jay-ooo-dee-why,5623409000000144442,100.00,100.00,0.00,0.00,0.00,0.00,0,,,UNBILLED,0.00,0.00,,0.00,0.00,UNBILLED,PO has no linked bills in Zoho
16-13611-95042,2025-10-02,UNKNOWN,bellriverthrift,5623409000000144414,110.00,110.00,0.00,0.00,0.00,0.00,0,,,UNBILLED,0.00,0.00,,0.00,0.00,UNBILLED,PO has no linked bills in Zoho
04-13621-70409,2025-10-02,UNKNOWN,cuseshopnsave,5623409000000144386,119.95,119.95,0.00,0.00,0.00,0.00,0,,,UNBILLED,0.00,0.00,,0.00,0.00,UNBILLED,PO has no linked bills in Zoho
22-13622-74944,2025-10-02,UNKNOWN,thriftedgarden,5623409000000144358,125.00,125.00,0.00,0.00,0.00,0.00,0,,,UNBILLED,0.00,0.00,,0.00,0.00,UNBILLED,PO has no linked bills in Zoho
57523221,2025-10-02,UNKNOWN,"Goodwill Industries of Middle Tennessee, Inc.",5623409000000144330,29.99,29.99,0.00,0.00,0.00,0.00,0,,,UNBILLED,0.00,0.00,,0.00,0.00,UNBILLED,PO has no linked bills in Zoho
22-13604-36268,2025-10-02,UNKNOWN,rainbowsparkl,5623409000000144289,122.55,122.55,0.00,0.00,0.00,0.00,0,,,UNBILLED,0.00,0.00,,0.00,0.00,UNBILLED,PO has no linked bills in Zoho
57481830,2025-09-19,UNKNOWN,Goodwill of Greater Washington D.C. -VA,5623409000000144261,356.00,356.00,0.00,0.00,0.00,0.00,0,,,UNBILLED,0.00,0.00,,0.00,0.00,UNBILLED,PO has no linked bills in Zoho
LCPU-GW,2025-10-02,UNKNOWN,Goodwill of Orange County,5623409000000144220,49.99,49.99,0.00,0.00,0.00,0.00,0,,,UNBILLED,0.00,0.00,,0.00,0.00,UNBILLED,PO has no linked bills in Zoho
18-13622-71970,2025-10-02,UNKNOWN,retro-cowboy,5623409000000144179,125.00,125.00,0.00,0.00,0.00,0.00,0,,,UNBILLED,0.00,0.00,,0.00,0.00,UNBILLED,PO has no linked bills in Zoho
57480805,2025-10-01,UNKNOWN,"Goodwill Industries of the Chesapeake, Inc.",5623409000000144138,46.00,46.00,0.00,0.00,0.00,0.00,0,,,UNBILLED,0.00,0.00,,0.00,0.00,UNBILLED,PO has no linked bills in Zoho
58368448,2025-11-05,UNKNOWN,Goodwill Industries of the Columbia Willamette,5623409000000131222,29.07,29.07,0.00,0.00,0.00,0.00,0,,,UNBILLED,0.00,0.00,,0.00,0.00,UNBILLED,PO has no linked bills in Zoho
24-13788-95020,2025-11-05,UNKNOWN,rafa3570 eBay,5623409000000131057,56.54,56.54,0.00,0.00,0.00,0.00,0,,,UNBILLED,0.00,0.00,,0.00,0.00,UNBILLED,PO has no linked bills in Zoho
23-13734-71078,2025-10-23,UNKNOWN,greensale99,5623409000000126356,95.88,95.88,0.00,0.00,0.00,0.00,0,,,UNBILLED,0.00,0.00,,0.00,0.00,UNBILLED,PO has no linked bills in Zoho
PO-0001,2015-07-21,UNKNOWN,Zorro Inc,5623409000000126177,15.99,15.99,0.00,0.00,0.00,0.00,0,,,UNBILLED,0.00,0.00,,0.00,0.00,UNBILLED,PO has no linked bills in Zoho
PO-0002,2015-07-20,UNKNOWN,Zillium Inc,5623409000000126136,79.80,79.80,0.00,0.00,0.00,0.00,0,,,UNBILLED,0.00,0.00,,0.00,0.00,UNBILLED,PO has no linked bills in Zoho
17-13683-94798,2025-10-12,UNKNOWN,vol-tronics,5623409000000118219,40.00,40.00,0.00,0.00,0.00,0.00,0,,,UNBILLED,0.00,0.00,,0.00,0.00,UNBILLED,PO has no linked bills in Zoho
PO-55123929,2025-05-24,UNKNOWN,Evergreen Goodwill,5623409000000094456,321.44,321.44,0.00,0.00,0.00,0.00,0,,,UNBILLED,0.00,0.00,,0.00,0.00,UNBILLED,PO has no linked bills in Zoho
PO-00001,2025-09-09,UNKNOWN,GW,5623409000000094036,180.00,180.00,0.00,0.00,0.00,0.00,0,,,UNBILLED,0.00,0.00,,0.00,0.00,UNBILLED,PO has no linked bills in Zoho
